#
# fireplace
#

v  -0.759961 0.608891 0.068430
v  -0.759962 -0.283325 0.068430
v  0.759962 0.608891 0.068430
v  0.712596 -0.344116 0.068430
v  -0.755155 0.611259 1.019577
v  -0.709243 -0.341748 1.019577
v  0.759962 0.608891 1.019577
v  0.779541 -0.281218 1.019577
v  -0.609916 0.496707 0.068430
v  -0.609916 -0.200731 0.068430
v  0.609555 -0.200731 0.068430
v  0.609916 0.496707 0.068430
v  -0.609916 0.496707 0.876519
v  -0.609916 -0.200731 0.876519
v  0.609916 0.496706 0.876519
v  0.609556 -0.200731 0.876519
v  -0.714050 -0.344116 0.068430
v  0.759962 -0.283325 0.068430
v  -0.755155 -0.280957 1.019577
v  0.727691 -0.357254 1.019577
v  -0.505716 -0.200731 0.068430
v  -0.385584 0.452504 0.876519
v  0.384933 -0.145314 0.876519
v  0.313168 0.434391 1.019577
v  -0.385584 -0.145313 0.876519
v  0.384933 0.452503 0.876519
v  -0.127303 -0.344116 0.824959
v  -0.459676 -0.344116 0.592568
v  0.472271 -0.344116 0.580949
v  0.542221 -0.344116 0.459238
v  0.632144 -0.344116 0.168872
v  -0.759962 -0.283325 0.829531
v  -0.759962 0.608891 0.829531
v  0.713759 -0.344116 0.829531
v  0.759962 0.608891 0.829531
v  -0.609916 0.496707 0.829531
v  -0.609916 -0.200731 0.829531
v  0.609556 -0.200731 0.829531
v  0.609916 0.496706 0.829531
v  -0.714050 -0.344116 0.829531
v  0.759962 -0.283325 0.829531
v  -0.099430 -0.344116 0.829531
v  0.127555 -0.344116 0.829531
v  -0.759962 -0.283325 0.136758
v  0.712701 -0.344116 0.136758
v  0.759962 0.608891 0.136758
v  -0.609916 0.496707 0.136758
v  -0.714050 -0.344116 0.136758
v  0.759962 -0.283325 0.136758
v  -0.503895 -0.200731 0.134398
v  -0.633933 -0.344116 0.136758
v  0.636789 -0.344116 0.136758
v  -0.759961 0.608891 0.136758
v  -0.609916 -0.200731 0.136758
v  0.609555 -0.200731 0.136758
v  0.609916 0.496707 0.136758
v  0.456093 -0.200731 0.360147
v  -0.578510 -0.344116 0.356413
v  0.581413 -0.344116 0.356413
v  -0.759961 0.608891 0.356413
v  -0.609916 -0.200731 0.356413
v  0.609555 -0.200731 0.356413
v  0.609916 0.496707 0.356413
v  -0.759962 -0.283325 0.356413
v  0.713036 -0.344116 0.356413
v  0.759962 0.608891 0.356413
v  -0.609916 0.496707 0.356413
v  -0.714050 -0.344116 0.356413
v  0.759962 -0.283325 0.356413
v  -0.318779 -0.200731 0.577552
v  -0.459676 -0.344116 0.575277
v  0.475531 -0.344116 0.575277
v  -0.759962 0.608891 0.575277
v  -0.609916 -0.200731 0.575277
v  0.609555 -0.200731 0.575277
v  0.609916 0.496707 0.575277
v  -0.759962 -0.283325 0.575277
v  0.713371 -0.344116 0.575277
v  0.759962 0.608891 0.575277
v  -0.609916 0.496707 0.575277
v  -0.714050 -0.344116 0.575277
v  0.759962 -0.283325 0.575277
v  0.759962 0.348523 0.068430
v  -0.759961 0.348523 0.068430
v  -0.755155 0.350892 1.019577
v  0.764768 0.350891 1.019577
v  -0.609916 0.348523 0.068430
v  0.609839 0.348523 0.068430
v  -0.609916 0.348523 0.876519
v  0.609839 0.348523 0.876519
v  -0.385584 0.348523 0.876519
v  -0.313818 0.348523 1.019577
v  0.313168 0.348523 1.019577
v  0.384933 0.348523 0.876519
v  -0.759962 0.348523 0.829531
v  0.759962 0.348523 0.829531
v  -0.609916 0.348523 0.829531
v  0.609840 0.348523 0.829531
v  -0.759961 0.348523 0.136758
v  0.759962 0.348523 0.136758
v  -0.609916 0.348523 0.136758
v  0.609839 0.348523 0.136758
v  -0.759961 0.348523 0.356413
v  0.759962 0.348523 0.356413
v  -0.609916 0.348523 0.356413
v  0.609839 0.348523 0.356413
v  -0.759962 0.348523 0.575277
v  0.759962 0.348523 0.575277
v  -0.609916 0.348523 0.575277
v  0.609839 0.348523 0.575277
v  -0.759962 0.026625 0.068430
v  0.764768 0.028993 1.019577
v  0.609673 0.026625 0.068430
v  -0.609916 0.026625 0.876519
v  0.313168 0.026625 1.019577
v  -0.759962 0.026625 0.829531
v  0.609673 0.026625 0.829531
v  -0.759962 0.026625 0.136758
v  0.609673 0.026625 0.136758
v  -0.759962 0.026625 0.356413
v  0.609673 0.026625 0.356413
v  -0.759962 0.026625 0.575277
v  0.609673 0.026625 0.575277
v  0.759962 0.026625 0.068430
v  -0.755155 0.028993 1.019577
v  -0.609916 0.026625 0.068430
v  0.609673 0.026625 0.876519
v  -0.385584 0.026625 0.876519
v  -0.313818 0.026625 1.019577
v  0.384933 0.026625 0.876519
v  0.759962 0.026625 0.829531
v  -0.609916 0.026625 0.829531
v  0.759962 0.026625 0.136758
v  -0.609916 0.026625 0.136758
v  0.759962 0.026625 0.356413
v  -0.609916 0.026625 0.356413
v  0.759962 0.026625 0.575277
v  -0.609916 0.026625 0.575277
v  -0.437937 -0.341748 1.019577
v  -0.442746 0.496707 0.068430
v  -0.442744 -0.200731 0.876519
v  -0.442744 0.496707 0.876519
v  -0.451460 -0.200731 0.368892
v  -0.442744 -0.344116 0.609809
v  -0.442744 0.496707 0.829531
v  -0.442744 -0.200731 0.829531
v  -0.442744 -0.344116 0.829531
v  -0.442745 0.496707 0.136758
v  -0.442745 0.496707 0.356413
v  -0.442745 -0.200731 0.575277
v  -0.442744 0.496707 0.575277
v  -0.442744 0.348523 0.876519
v  -0.442744 0.026625 0.876519
v  0.435906 0.496707 0.068430
v  0.435906 -0.200731 0.876519
v  0.435906 -0.344116 0.621594
v  0.435906 0.496706 0.829531
v  0.433719 -0.347085 0.829531
v  0.435906 0.496707 0.136758
v  0.431872 -0.200731 0.422071
v  0.435906 0.496707 0.356413
v  0.435906 -0.200731 0.575277
v  0.435906 0.496707 0.575277
v  0.435906 0.348523 0.876519
v  0.435906 0.026625 0.876519
v  0.443231 -0.360083 1.019577
v  0.435906 0.496706 0.876519
v  0.435906 -0.200731 0.829531
v  0.005507 -0.200731 0.727019
v  0.007150 0.452504 0.876519
v  0.007149 -0.122758 1.019577
v  0.007150 0.434391 1.019577
v  0.007149 -0.145314 0.876519
v  0.007149 -0.344116 0.846063
v  0.011956 -0.341748 1.019577
v  0.007150 0.496707 0.876519
v  0.007149 -0.200731 0.829531
v  0.007150 0.496707 0.068430
v  0.007149 -0.200731 0.876519
v  0.007150 0.496707 0.829531
v  0.007150 0.496707 0.136758
v  0.007150 0.496707 0.356413
v  0.007150 0.496707 0.575277
v  -0.741771 -0.320698 1.019577
v  -0.746406 -0.323293 0.829531
v  -0.746177 -0.323597 0.575277
v  -0.745979 -0.323858 0.356413
v  -0.745781 -0.324120 0.136758
v  -0.745720 -0.324201 0.068430
v  0.766474 -0.326927 1.019577
v  0.748524 -0.321077 0.829531
v  0.747746 -0.321842 0.575277
v  0.747071 -0.322497 0.356413
v  0.746390 -0.323150 0.136758
v  0.746177 -0.323352 0.068430
v  -0.769590 -0.287722 0.815943
v  -0.751395 -0.327700 0.815663
v  -0.719918 -0.353833 0.818589
v  -0.444615 -0.345061 0.824237
v  -0.769590 -0.287722 0.588853
v  -0.751179 -0.327986 0.589625
v  -0.719918 -0.353833 0.589921
v  -0.460221 -0.344851 0.585921
v  0.759962 0.026625 0.342597
v  0.763267 -0.288047 0.343801
v  0.750341 -0.327253 0.345002
v  0.716326 -0.348838 0.345674
v  0.584322 -0.344116 0.348782
v  0.759962 0.026625 0.140726
v  0.763267 -0.288047 0.141102
v  0.749712 -0.327856 0.141955
v  0.716014 -0.348838 0.142047
v  0.635936 -0.344116 0.142656
v  0.448046 -0.354353 0.837765
v  0.716307 -0.348296 0.839903
v  0.769707 -0.283404 0.841550
v  0.752574 -0.327800 0.839631
v  -0.759962 0.026625 0.350491
v  -0.768568 -0.285222 0.351082
v  -0.749383 -0.327272 0.350920
v  -0.709305 -0.351443 0.350510
v  -0.580591 -0.344116 0.351402
v  -0.759962 0.026625 0.142783
v  -0.768568 -0.285222 0.142573
v  -0.749194 -0.327521 0.141944
v  -0.709305 -0.351443 0.143564
v  -0.633150 -0.344116 0.142069
v  -0.767948 0.007421 0.816487
v  -0.768084 0.008699 0.584367
v  -0.765159 0.022363 0.350502
v  -0.765159 0.019186 0.142777
v  -0.584980 -0.347877 0.817484
v  -0.575166 -0.346946 0.589631
v  0.771559 0.018441 0.837785
v  0.776365 0.017800 1.019577
v  0.764105 0.014919 0.342643
v  0.760791 0.015206 0.140740
v  -0.769346 0.531894 0.556810
v  -0.769346 0.348650 0.556755
v  -0.769346 0.098295 0.556666
v  -0.769346 0.101181 0.367566
v  -0.769346 0.348650 0.367869
v  -0.769346 0.536697 0.364520
v  -0.759962 0.082540 0.356413
v  -0.759962 0.082482 0.575277
v  -0.759962 0.550974 0.575277
v  -0.759961 0.551467 0.356413
v  -0.767758 0.546599 0.566891
v  -0.767244 0.348864 0.567333
v  -0.766461 0.084248 0.568008
v  -0.767175 0.084530 0.360661
v  -0.766267 0.348858 0.360298
v  -0.766577 0.550079 0.358897
v  0.759962 0.209252 0.829531
v  0.759962 0.208389 0.575277
v  0.759962 0.475985 0.829531
v  0.759962 0.471209 0.575277
v  0.768000 0.215769 0.823540
v  0.768134 0.348523 0.822768
v  0.768162 0.469608 0.822180
v  0.767567 0.466541 0.580038
v  0.768361 0.348523 0.582902
v  0.767685 0.213485 0.580572
v  0.775298 0.229990 0.809495
v  0.775299 0.348523 0.808376
v  0.775299 0.455432 0.807477
v  0.775299 0.453335 0.593772
v  0.775299 0.348523 0.597662
v  0.775299 0.227164 0.594532
v  0.427883 -0.354648 1.019577
v  -0.768585 0.018018 0.823743
v  -0.766219 -0.288958 0.824282
v  -0.749432 -0.328238 0.824670
v  -0.717795 -0.351854 0.825877
v  -0.763887 0.018808 0.577719
v  -0.763293 -0.287623 0.581814
v  -0.748519 -0.328440 0.582401
v  -0.717406 -0.351896 0.582834
v  0.433248 -0.357914 1.019577
v  0.435290 -0.351754 0.832019
v  0.713619 -0.347199 0.833020
v  0.751651 -0.324596 0.833364
v  0.765046 -0.282911 0.834398
v  0.766817 0.022831 0.832783
v  0.772434 0.026059 1.019577
v  -0.574864 -0.346038 0.584713
v  -0.575027 -0.344116 0.575277
v  -0.584734 -0.344494 0.825026
v  -0.584370 -0.344116 0.829531
v  -0.955091 0.608891 -0.005321
v  -0.955092 -0.611259 -0.005321
v  0.955091 0.608891 -0.005321
v  0.955091 -0.611259 -0.005321
v  -0.955092 0.608891 0.048106
v  -0.955092 -0.611259 0.048106
v  0.955092 0.608891 0.048106
v  0.955091 -0.611259 0.048106
v  -0.932574 0.608896 0.068383
v  -0.932574 -0.587536 0.068383
v  0.932574 0.608896 0.068383
v  0.932574 -0.587536 0.068383
v  -0.760119 -0.611259 -0.005321
v  -0.760119 -0.587536 0.068383
v  -0.760119 0.608896 0.068383
v  -0.760119 -0.611259 0.048106
v  0.760121 0.608896 0.068383
v  0.760121 -0.611259 -0.005321
v  0.760121 -0.587536 0.068383
v  0.760121 -0.611259 0.048106
v  0.609566 -0.611259 -0.005321
v  0.609566 -0.587536 0.068383
v  0.609566 -0.611259 0.048106
v  0.609566 0.608896 0.068383
v  -0.609721 -0.611259 -0.005321
v  -0.609721 -0.587536 0.068383
v  -0.609721 -0.611259 0.048106
v  -0.609721 0.608896 0.068383
v  -0.503321 0.608896 0.068383
v  -0.550742 -0.611259 -0.005321
v  -0.503321 -0.587536 0.068383
v  -0.516368 -0.611259 0.048106
v  0.506556 0.608896 0.068383
v  0.573756 -0.611259 -0.005321
v  0.506555 -0.587536 0.068383
v  0.525044 -0.611259 0.048106
v  0.955091 -0.345552 -0.005321
v  -0.955091 -0.345552 -0.005321
v  -0.932574 -0.345552 0.068383
v  0.932574 -0.345552 0.068383
v  -0.955092 -0.345552 0.048106
v  0.955092 -0.345552 0.048106
v  -0.760119 -0.345552 0.068383
v  0.760121 -0.345552 0.068383
v  0.609566 -0.345552 0.068383
v  -0.609721 -0.345552 0.068383
v  -0.503321 -0.345552 0.068383
v  0.506555 -0.345552 0.068383
v  -0.955091 0.492335 -0.005321
v  -0.932574 0.492335 0.068383
v  -0.955092 0.492335 0.048106
v  0.955091 0.492335 -0.005321
v  0.932574 0.492335 0.068383
v  0.955092 0.492335 0.048106
v  -0.760119 0.492335 0.068383
v  0.760121 0.492335 0.068383
v  0.609566 0.492335 0.068383
v  -0.609721 0.492335 0.068383
v  -0.503321 0.492335 0.068383
v  0.506556 0.492335 0.068383
v  0.955091 -0.199609 -0.005321
v  0.932574 -0.199609 0.068383
v  0.955092 -0.199609 0.048106
v  -0.760119 -0.199609 0.068383
v  0.760121 -0.199609 0.068383
v  0.609566 -0.199609 0.068383
v  -0.609721 -0.199609 0.068383
v  -0.503321 -0.199609 0.068383
v  0.506555 -0.199609 0.068383
v  -0.955091 -0.199609 -0.005321
v  -0.932574 -0.199609 0.068383
v  -0.955092 -0.199609 0.048106
v  0.001933 -0.611259 -0.005321
v  0.001933 -0.587536 0.068383
v  0.001933 -0.611259 0.048106
v  0.001933 0.608896 0.068383
v  0.001933 -0.345552 0.068383
v  0.001933 0.492335 0.068383
v  0.001933 -0.199609 0.068383
v  -0.955091 0.153896 -0.005321
v  -0.932574 0.153896 0.068383
v  -0.955092 0.153896 0.048106
v  0.955091 0.153896 -0.005321
v  0.932574 0.153896 0.068383
v  0.955092 0.153896 0.048106
v  -0.760119 0.153896 0.068383
v  0.760121 0.153896 0.068383
v  0.609566 0.153896 0.068383
v  -0.609721 0.153896 0.068383
v  -0.503321 0.153896 0.068383
v  0.506555 0.153896 0.068383
v  0.001933 0.153896 0.068383
v  -0.382407 0.428879 0.074105
v  -0.428095 0.319592 0.068423
v  -0.484074 0.093570 0.068423
v  -0.422363 -0.089141 0.074105
v  -0.316924 -0.181216 0.074105
v  -0.135637 0.449712 0.074105
v  -0.170782 0.275030 0.111396
v  -0.185047 0.067960 0.105793
v  -0.155671 -0.080264 0.074105
v  -0.134644 -0.224106 0.074105
v  0.054118 0.471105 0.068812
v  0.037982 0.304043 0.108456
v  0.036291 0.065593 0.125808
v  0.030342 -0.034529 0.110514
v  0.038342 -0.204174 0.074105
v  0.196382 0.414767 0.074105
v  0.217039 0.239106 0.108605
v  0.228375 0.100678 0.087557
v  0.214740 -0.028432 0.074105
v  0.210359 -0.179499 0.074105
v  0.376618 0.390890 0.074105
v  0.414481 0.304792 0.068341
v  0.452930 0.075800 0.068316
v  0.388919 -0.066649 0.068273
v  0.326011 -0.136854 0.068160
v  -0.228078 0.447022 0.068480
v  -0.287665 0.270410 0.092978
v  -0.333251 0.042349 0.101938
v  -0.271518 -0.074061 0.074105
v  -0.239527 -0.206740 0.074105
v  0.288284 0.423259 0.074105
v  0.288810 0.255011 0.093681
v  0.342526 0.103087 0.090151
v  0.279559 -0.042654 0.074105
v  0.241725 -0.159790 0.074105
v  0.117231 0.430011 0.074105
v  0.111862 0.277250 0.102604
v  0.108131 0.070494 0.127522
v  0.112383 -0.031816 0.102284
v  0.110755 -0.186974 0.074105
v  -0.053340 0.458990 0.068492
v  -0.053100 0.271623 0.117545
v  -0.052654 0.065593 0.112487
v  -0.051563 -0.057085 0.084528
v  -0.050285 -0.221251 0.074105
v  0.491483 0.193582 0.068215
v  0.319918 0.167029 0.091637
v  0.223003 0.166275 0.101188
v  0.109640 0.154120 0.115263
v  0.037144 0.185901 0.105684
v  -0.052855 0.158096 0.120304
v  -0.178255 0.166550 0.120396
v  -0.310911 0.179079 0.097697
v  -0.478668 0.207379 0.068423
v  0.426635 -0.010614 0.068104
v  0.300634 0.006124 0.079475
v  0.220046 0.021813 0.079340
v  0.110063 0.024003 0.118511
v  0.033312 0.015457 0.109940
v  -0.052093 0.002517 0.112369
v  -0.169804 -0.008952 0.105109
v  -0.294430 -0.009057 0.084682
v  -0.447074 0.017612 0.068423
v  0.252799 -0.125505 0.074105
v  0.212216 -0.115476 0.074105
v  0.111766 -0.090653 0.076884
v  0.034287 -0.113558 0.080775
v  -0.051340 -0.122030 0.074105
v  -0.146879 -0.140409 0.074105
v  -0.252148 -0.142941 0.074105
v  0.283810 0.322806 0.084354
v  0.206650 0.327456 0.098718
v  0.113969 0.337196 0.088923
v  0.044281 0.369260 0.097952
v  -0.053219 0.364285 0.087184
v  -0.157400 0.341546 0.092432
v  -0.264222 0.337265 0.084244
v  -0.282035 -0.112768 1.097561
v  -0.282035 0.426369 1.097561
v  0.281384 -0.112768 1.097561
v  0.281385 0.426369 1.097561
v  -0.224194 0.344275 2.002515
v  -0.224194 0.344275 1.491761
v  -0.224194 -0.031762 1.491761
v  -0.224194 -0.031762 2.002515
v  -0.188018 -0.067938 2.002515
v  -0.188019 -0.067938 1.491761
v  0.188019 -0.067938 1.491761
v  0.188019 -0.067938 2.002515
v  0.224195 -0.031762 2.002515
v  0.224194 -0.031762 1.491761
v  0.224195 0.344275 1.491761
v  0.224195 0.344275 2.002516
v  0.188019 0.380451 2.002516
v  0.188019 0.380451 1.491761
v  -0.188018 0.380451 1.491761
v  -0.188018 0.380451 2.002515
v  -0.188019 -0.067938 1.097562
v  -0.224195 -0.031762 1.097562
v  0.224194 -0.031763 1.097562
v  0.188018 -0.067938 1.097562
v  0.188019 0.380451 1.097562
v  0.224195 0.344275 1.097562
v  -0.224194 0.344275 1.097562
v  -0.188018 0.380451 1.097562
v  -0.313818 0.434391 1.019577
v  -0.313818 -0.122758 1.019577
v  0.313168 -0.122758 1.019577
v  0.525116 -0.394528 0.188725
v  0.533687 -0.394528 0.068430
v  0.613116 -0.374590 0.068428
v  0.600173 -0.373820 0.175219
v  0.565426 -0.372761 0.326012
v  0.516684 -0.371807 0.457712
v  0.450231 -0.371585 0.571978
v  0.351311 -0.369938 0.688140
v  0.253387 -0.368327 0.764918
v  0.140830 -0.367860 0.814953
v  0.003998 -0.367672 0.833842
v  -0.121974 -0.367784 0.813118
v  -0.236323 -0.368195 0.765392
v  -0.345876 -0.369818 0.682310
v  -0.437845 -0.371584 0.583051
v  -0.512665 -0.371801 0.451773
v  -0.567352 -0.372851 0.316206
v  -0.595844 -0.373952 0.181843
v  -0.558932 -0.394528 0.068430
v  -0.505716 -0.374250 0.068430
v  -0.496349 -0.374251 0.192362
v  -0.467329 -0.374251 0.317020
v  -0.420203 -0.374251 0.431906
v  -0.356782 -0.374251 0.532604
v  -0.279504 -0.374251 0.615245
v  -0.191338 -0.374251 0.676653
v  -0.095672 -0.374251 0.714467
v  0.003822 -0.374251 0.727235
v  0.103307 -0.374251 0.714467
v  0.198973 -0.374251 0.676653
v  0.287139 -0.374251 0.615245
v  0.364417 -0.374251 0.532604
v  0.427838 -0.374251 0.431906
v  0.495206 -0.394528 0.320507
v  0.562087 -0.394528 0.068430
v  0.547596 -0.394528 0.184856
v  0.514567 -0.394528 0.323841
v  0.468076 -0.394528 0.446458
v  0.404762 -0.394528 0.551686
v  0.317672 -0.394528 0.654822
v  0.227079 -0.394528 0.727558
v  0.124035 -0.394528 0.772658
v  0.003941 -0.394528 0.788686
v  -0.108891 -0.394528 0.770048
v  -0.212897 -0.394528 0.726471
v  -0.310656 -0.394528 0.650592
v  -0.395094 -0.394528 0.558518
v  -0.462720 -0.394528 0.443145
v  -0.514853 -0.394528 0.318460
v  -0.543811 -0.394528 0.188447
v  -0.610062 -0.374682 0.068428
v  0.513351 -0.200731 0.068430
v  0.364417 -0.200731 0.532604
v  0.287139 -0.200731 0.615245
v  0.198973 -0.200731 0.676653
v  0.103307 -0.200731 0.714467
v  -0.095672 -0.200731 0.714467
v  -0.191338 -0.200731 0.676653
v  -0.279504 -0.200731 0.615245
v  -0.356782 -0.200731 0.532604
v  -0.420203 -0.200731 0.431906
v  -0.467329 -0.200731 0.317020
v  -0.496349 -0.200731 0.192362
v  0.003994 -0.344116 0.846497
v  -0.246671 -0.344116 0.775394
v  -0.362001 -0.344116 0.692029
v  -0.538403 -0.344116 0.453003
v  -0.596949 -0.344116 0.312006
v  -0.628172 -0.344116 0.175823
v  -0.644010 -0.344116 0.068426
v  0.146631 -0.344116 0.826912
v  0.264178 -0.344116 0.774957
v  0.367388 -0.344116 0.698176
v  0.594404 -0.344116 0.322332
v  0.646675 -0.344116 0.068426
v  0.503984 -0.374251 0.192362
v  0.513351 -0.374251 0.068430
v  -0.526052 -0.394528 0.068430
v  -0.517187 -0.394528 0.190643
v  -0.488479 -0.394528 0.317661
v  -0.440354 -0.394528 0.437233
v  -0.373687 -0.394528 0.544039
v  -0.292986 -0.394528 0.630543
v  -0.199474 -0.394528 0.695455
v  -0.100401 -0.394528 0.734352
v  0.003858 -0.394528 0.747680
v  0.110192 -0.394528 0.733797
v  0.208841 -0.394528 0.694526
v  0.299614 -0.394528 0.631415
v  0.383266 -0.394528 0.541519
v  0.447138 -0.394528 0.438886
v  0.474964 -0.374251 0.317020
v  -0.314730 0.420203 2.001823
v  -0.314731 -0.107690 2.001823
v  0.263946 -0.158475 2.001823
v  0.314732 0.420203 2.001823
v  -0.263945 0.470987 2.001823
v  -0.263946 -0.158475 2.001823
v  0.314731 -0.107690 2.001823
v  0.263947 0.470987 2.001823
v  -0.314731 -0.107690 1.097562
v  0.263946 -0.158475 1.097562
v  0.314731 0.420202 1.097562
v  -0.263947 -0.158475 1.097562
v  0.314730 -0.107690 1.097562
v  0.263946 0.470987 1.097562
v  -0.314731 0.420203 1.097562
v  -0.263946 0.470987 1.097562
v  -0.314730 0.420203 1.491761
v  -0.263946 0.470987 1.491761
v  -0.314731 -0.107690 1.491761
v  0.263946 -0.158475 1.491761
v  0.314731 0.420202 1.491761
v  -0.263946 -0.158475 1.491761
v  0.314731 -0.107690 1.491761
v  0.263947 0.470987 1.491761
v  -0.299140 -0.143660 2.001823
v  -0.298282 -0.144518 1.491761
v  -0.297562 -0.145239 1.097562
v  0.298973 -0.144158 2.001823
v  0.300159 -0.142972 1.491761
v  0.301155 -0.141976 1.097562
v  -0.804546 0.608891 1.019578
v  -0.804546 -0.385485 1.019578
v  0.812385 0.608891 1.030156
v  0.804546 -0.385486 1.019578
v  -0.812385 0.608891 1.083851
v  -0.812385 -0.395864 1.083851
v  0.791109 0.608891 1.112563
v  0.812385 -0.395865 1.083851
v  -0.282035 -0.112768 1.112563
v  -0.282034 0.426369 1.112563
v  0.281385 -0.112768 1.112563
v  0.281385 0.426369 1.112563
v  -0.791108 0.608891 1.112563
v  -0.791109 -0.376067 1.112563
v  0.812385 0.608891 1.083851
v  0.791109 -0.376067 1.112563
v  -0.812385 0.608891 1.030156
v  -0.812385 -0.395864 1.030156
v  0.804546 0.608891 1.019578
v  0.812385 -0.395865 1.030156
v  -0.007821 -0.385486 1.019578
v  -0.007821 -0.376067 1.112563
v  -0.007821 0.608891 1.112563
v  -0.007821 -0.112768 1.112563
v  -0.007821 0.426369 1.112563
v  -0.007821 -0.395865 1.083851
v  -0.007821 -0.395865 1.030156
v  -0.315321 0.608891 1.019578
v  -0.315322 -0.376067 1.112563
v  -0.315322 -0.395865 1.083851
v  -0.315322 -0.385486 1.019578
v  -0.315321 0.608891 1.112563
v  -0.315322 -0.395865 1.030156
v  0.315357 -0.385486 1.019578
v  0.315357 0.608891 1.112563
v  0.315357 -0.395865 1.030156
v  0.315357 0.608891 1.019578
v  0.315357 -0.376067 1.112563
v  0.315357 -0.395865 1.083851
v  0.804546 -0.159811 1.019578
v  -0.804546 -0.159810 1.019578
v  -0.791109 -0.159810 1.112563
v  0.791109 -0.159811 1.112563
v  -0.812385 -0.159810 1.083851
v  0.812385 -0.159811 1.083851
v  0.812385 -0.159811 1.030156
v  -0.812385 -0.159810 1.030156
v  -0.007821 -0.159811 1.112563
v  -0.007821 -0.159811 1.019578
v  -0.315322 -0.159810 1.112563
v  -0.315322 -0.159810 1.019578
v  0.315357 -0.159811 1.112563
v  0.315357 -0.159811 1.019578
v  0.804546 0.474260 1.019578
v  -0.791108 0.474260 1.112563
v  -0.812385 0.474260 1.083851
v  0.812385 0.474260 1.030156
v  -0.007821 0.474260 1.112563
v  -0.315321 0.474260 1.112563
v  0.315357 0.474260 1.019578
v  -0.804546 0.474260 1.019578
v  0.791109 0.474260 1.112563
v  0.812385 0.474260 1.083851
v  -0.812385 0.474260 1.030156
v  -0.315321 0.474260 1.019578
v  0.315357 0.474260 1.112563
v  0.472263 -0.200731 0.312791
v  0.501263 -0.200731 0.188191
v  0.507874 -0.200731 0.131273
v  0.328960 -0.200731 0.574547
# 681 vertices

vn -1.000000 0.000000 0.000000
vn -1.000000 0.000000 -0.000000
vn -1.000000 0.000000 -0.000000
vn -1.000000 0.000000 0.000000
vn 1.000000 -0.000000 0.000000
vn 1.000000 -0.000000 0.000000
vn 0.986546 -0.163485 0.000000
vn 0.986375 -0.164514 -0.000651
vn -0.000000 -1.000000 0.000000
vn -0.000000 -1.000000 -0.000000
vn -0.000000 -1.000000 -0.000000
vn -0.000000 -1.000000 0.000000
vn 1.000000 -0.000000 0.000000
vn 1.000000 -0.000000 0.000000
vn 1.000000 -0.000000 0.000000
vn 1.000000 -0.000000 0.000000
vn -0.168788 0.736129 -0.655458
vn -0.001952 0.735994 -0.676986
vn 0.000000 1.000000 0.000000
vn 0.000000 1.000000 0.000000
vn -1.000000 0.000517 0.000000
vn -1.000000 0.000517 0.000000
vn -1.000000 0.000517 0.000000
vn -1.000000 0.000517 0.000000
vn -0.277141 -0.960829 0.000188
vn -0.277461 -0.960737 0.000000
vn -0.782980 -0.622046 -0.000154
vn -0.782239 -0.622978 0.000194
vn 0.986375 -0.164514 -0.000651
vn 0.986546 -0.163485 0.000000
vn 0.783243 -0.621716 0.000087
vn 0.780859 -0.624706 -0.001178
vn 0.000001 0.000001 -1.000000
vn 0.000000 0.000001 -1.000000
vn 0.000000 0.000000 -1.000000
vn 0.000000 0.000000 -1.000000
vn 0.000000 0.987797 -0.155744
vn 0.000000 0.987797 -0.155744
vn 0.000000 0.987797 -0.155744
vn 0.000000 0.987797 -0.155744
vn -0.000000 -0.992080 -0.125607
vn -0.000000 -0.992080 -0.125607
vn -0.000000 -0.992080 -0.125607
vn -0.000000 -0.992080 -0.125607
vn 0.893836 -0.000000 -0.448395
vn 0.893836 -0.000000 -0.448395
vn 0.893836 -0.000000 -0.448395
vn 0.893836 0.000000 -0.448395
vn -0.893836 0.000000 -0.448394
vn -0.893836 -0.000000 -0.448394
vn -0.893836 0.000000 -0.448394
vn -0.893836 0.000001 -0.448394
vn -0.009943 -0.999926 0.006972
vn -0.000000 -0.999922 0.012460
vn 0.032372 -0.999117 0.026781
vn 0.000000 -1.000000 0.000002
vn 0.000651 -0.999913 0.013154
vn 0.001866 -0.999906 0.013594
vn -0.986597 -0.160968 0.026752
vn -0.999680 0.000000 0.025282
vn -0.999858 0.000000 0.016856
vn -0.986168 -0.163541 0.026978
vn 0.999920 0.007477 -0.010243
vn 0.999633 0.009383 -0.025398
vn 0.999779 0.005501 -0.020277
vn 1.000000 0.000000 0.000000
vn 1.000000 0.000000 0.000000
vn -0.000000 -1.000000 -0.000000
vn -0.000000 -1.000000 -0.000000
vn -0.000000 -1.000000 -0.000000
vn -0.000000 -1.000000 -0.000000
vn 1.000000 -0.000000 0.000000
vn 1.000000 -0.000000 0.000001
vn 1.000000 -0.000000 0.000001
vn 1.000000 0.000000 0.000000
vn 0.000000 1.000000 0.000000
vn 0.000000 1.000000 -0.000000
vn 0.000000 1.000000 0.000000
vn 0.000000 1.000000 0.000000
vn -1.000000 0.000517 -0.000000
vn -1.000000 0.000517 -0.000000
vn -1.000000 0.000517 0.000000
vn -1.000000 0.000517 0.000000
vn -0.279438 -0.959970 0.019260
vn -0.788750 -0.614093 0.027622
vn -0.788594 -0.614295 0.027599
vn -0.285535 -0.958177 0.019162
vn 0.833695 -0.129806 -0.536752
vn 0.663699 -0.621871 -0.415669
vn 0.648768 -0.496133 -0.577020
vn 0.767538 -0.115583 -0.630497
vn -0.082424 -0.400335 0.912654
vn -0.203755 -0.746564 0.633345
vn 0.012169 -0.966206 0.257485
vn -0.001830 -0.996394 0.084824
vn -0.004045 -0.999709 -0.023774
vn -0.016964 -0.999810 -0.009588
vn -0.009733 -0.997866 -0.064560
vn -0.522042 -0.106879 0.846197
vn -1.000000 0.000000 0.000000
vn -0.870511 0.009401 0.492059
vn -0.021067 0.018969 0.999598
vn -0.506170 -0.108295 0.855608
vn 1.000000 0.000000 0.000000
vn 1.000000 0.000000 0.000001
vn 1.000000 0.000000 0.000000
vn 1.000000 0.000000 0.000000
vn -0.000000 -1.000000 0.000000
vn -0.000000 -1.000000 -0.000000
vn -0.000000 -1.000000 0.000000
vn -0.000000 -1.000000 0.000000
vn 1.000000 0.000000 0.000000
vn 1.000000 -0.000000 -0.000000
vn 1.000000 -0.000000 0.000000
vn 1.000000 0.000000 0.000000
vn -0.000000 1.000000 0.000000
vn -0.000000 1.000000 0.000000
vn -0.687187 0.724261 -0.056744
vn -0.704758 0.706043 -0.069423
vn 0.692916 0.720296 -0.032264
vn 0.000000 1.000000 0.000000
vn 0.000000 1.000000 0.000000
vn 0.686233 0.725878 -0.046752
vn -1.000000 0.000517 0.000001
vn -1.000000 0.000517 0.000001
vn -1.000000 0.000517 0.000001
vn -1.000000 0.000517 0.000001
vn -0.292214 -0.709206 0.641590
vn -0.601650 -0.455701 0.656014
vn -0.570473 -0.472871 0.671530
vn -0.095031 -0.661126 0.744232
vn 0.700119 -0.157817 -0.696367
vn 0.511783 -0.448770 -0.732587
vn 0.557620 -0.402251 -0.726123
vn 0.758422 -0.067417 -0.648268
vn -0.277461 -0.960737 0.000000
vn -0.277141 -0.960829 0.000188
vn -0.000000 -1.000000 0.000000
vn 0.000000 -1.000000 0.000001
vn -0.000001 -1.000000 0.000000
vn 0.273121 -0.961980 -0.000417
vn 0.274548 -0.961573 0.000162
vn -0.000001 -1.000000 0.000000
vn 0.000000 1.000000 0.000000
vn 0.000000 1.000000 0.000000
vn 0.629906 0.739880 -0.236211
vn 0.664817 0.721931 -0.191921
vn -0.292214 -0.709206 0.641590
vn -0.095031 -0.661126 0.744232
vn 0.001083 -0.999584 0.028824
vn 0.000000 -1.000000 -0.000000
vn -0.056593 -0.997478 -0.042835
vn 0.157030 -0.685438 -0.710996
vn 0.214560 -0.670935 -0.709796
vn -0.058928 -0.998226 -0.008525
vn -0.986411 -0.164298 -0.000207
vn -1.000000 0.000000 0.000000
vn -1.000000 0.000000 0.000000
vn -0.986239 -0.165327 0.000000
vn 1.000000 0.000000 0.000000
vn 1.000000 0.000000 0.000000
vn 1.000000 0.000000 0.000001
vn 1.000000 0.000000 0.000000
vn 1.000000 0.000000 0.000000
vn -0.000000 -1.000000 -0.000000
vn -0.000000 -1.000000 -0.000000
vn -0.000000 -1.000000 -0.000000
vn -0.000000 -1.000000 0.000000
vn 1.000000 0.000000 0.000000
vn 1.000000 -0.000000 0.000000
vn 1.000000 -0.000000 -0.000000
vn 1.000000 0.000000 0.000000
vn -1.000000 0.000517 0.000001
vn -1.000000 0.000517 0.000000
vn -1.000000 0.000517 0.000001
vn -1.000000 0.000517 0.000001
vn -0.280226 -0.959934 0.000242
vn -0.786429 -0.617680 0.000028
vn -0.784564 -0.620048 0.000000
vn -0.278937 -0.960309 0.000000
vn 0.988184 -0.153275 -0.000453
vn 0.795537 -0.605904 -0.000550
vn 0.789285 -0.614027 -0.000458
vn 0.987393 -0.158290 0.000000
vn 0.000000 1.000000 0.000000
vn -0.663640 0.706538 -0.245737
vn -0.617496 0.724529 -0.306197
vn 0.000000 1.000000 0.000000
vn 0.000000 1.000000 0.000000
vn 0.606396 0.718714 -0.340197
vn 0.000000 1.000000 0.000000
vn 0.550444 0.726804 -0.410814
vn 0.000001 -1.000000 0.000000
vn -0.280226 -0.959934 0.000242
vn -0.278937 -0.960309 0.000000
vn 0.000000 -1.000000 0.000000
vn -0.000001 -1.000000 0.000000
vn 0.278945 -0.960307 -0.000426
vn 0.283279 -0.959038 -0.000049
vn -0.000001 -1.000000 -0.000000
vn -0.884728 0.364020 -0.291111
vn -0.844896 0.223124 -0.486174
vn -0.881624 0.282445 0.378105
vn -0.765460 0.474860 0.434257
vn 1.000000 0.000000 0.000000
vn 1.000000 0.000000 0.000000
vn 1.000000 0.000000 0.000000
vn 1.000000 0.000000 0.000000
vn -0.000000 -1.000000 -0.000000
vn -0.000000 -1.000000 -0.000000
vn -0.000000 -1.000000 -0.000000
vn -0.000000 -1.000000 -0.000000
vn 1.000000 0.000000 0.000000
vn 1.000000 -0.000000 0.000001
vn 1.000000 -0.000000 0.000000
vn 1.000000 0.000000 0.000000
vn -1.000000 0.000517 0.000000
vn -1.000000 0.000517 0.000000
vn -1.000000 0.000517 0.000000
vn -1.000000 0.000517 0.000001
vn -0.203755 -0.746564 0.633345
vn -0.082424 -0.400335 0.912654
vn -0.542661 -0.363541 0.757204
vn -0.693350 -0.558791 0.454992
vn 0.989106 -0.147202 -0.000935
vn 0.802727 -0.596346 -0.000662
vn 0.795537 -0.605904 -0.000550
vn 0.988184 -0.153275 -0.000453
vn -1.000000 0.000000 0.000000
vn -1.000000 0.000000 -0.000000
vn -1.000000 0.000000 -0.000000
vn -1.000000 0.000000 0.000000
vn 1.000000 0.000000 0.000000
vn 1.000000 0.000000 0.000000
vn 1.000000 0.000000 0.000000
vn 1.000000 0.000000 0.000000
vn 1.000000 0.000000 0.000000
vn 1.000000 0.000000 0.000000
vn 1.000000 -0.000000 0.000000
vn 1.000000 -0.000000 0.000000
vn -1.000000 0.000517 0.000001
vn -1.000000 0.000517 0.000001
vn -1.000000 0.000517 0.000000
vn -1.000000 0.000517 0.000000
vn 0.000000 0.000000 -1.000000
vn 0.000000 0.000000 -1.000000
vn -0.000000 -0.000000 -1.000000
vn 0.000000 -0.000000 -1.000000
vn -0.000000 -0.000001 -1.000000
vn -0.000000 -0.000000 -1.000000
vn -0.000000 -0.000000 -1.000000
vn -0.000000 0.000000 -1.000000
vn 0.893836 -0.000000 -0.448395
vn 0.893836 -0.000000 -0.448395
vn 0.893836 -0.000001 -0.448395
vn 0.893836 -0.000000 -0.448395
vn -0.893836 0.000000 -0.448394
vn -0.893836 0.000000 -0.448395
vn -0.893836 -0.000000 -0.448394
vn -0.893836 0.000000 -0.448394
vn -0.999680 0.000000 0.025283
vn -0.999919 0.000000 0.012692
vn -0.999920 0.000000 0.012642
vn -0.999680 0.000000 0.025283
vn 0.999965 0.000000 -0.008383
vn 1.000000 0.000000 0.000000
vn 0.999779 0.005501 -0.020277
vn 0.999633 0.009383 -0.025398
vn 0.999680 0.000000 -0.025282
vn 1.000000 -0.000001 0.000000
vn 1.000000 -0.000001 0.000000
vn 1.000000 -0.000000 0.000001
vn 1.000000 -0.000000 0.000001
vn -1.000000 0.000516 -0.000000
vn -1.000000 0.000516 0.000000
vn -1.000000 0.000517 -0.000001
vn -1.000000 0.000517 -0.000002
vn -1.000000 0.000000 -0.000000
vn -1.000000 0.000000 -0.000000
vn -1.000000 0.000000 -0.000000
vn -1.000000 0.000000 -0.000000
vn -1.000000 0.000000 -0.000000
vn 1.000000 -0.000000 0.000000
vn 1.000000 -0.000000 0.000000
vn 1.000000 0.000000 0.000000
vn 1.000000 0.000000 0.000001
vn 1.000000 -0.000000 0.000000
vn 1.000000 -0.000000 0.000000
vn 1.000000 -0.000000 0.000000
vn 1.000000 -0.000000 0.000000
vn 1.000000 -0.000000 0.000000
vn 1.000000 -0.000000 -0.000000
vn -1.000000 0.000517 0.000000
vn -1.000000 0.000517 0.000000
vn -1.000000 0.000517 0.000000
vn -1.000000 0.000517 0.000000
vn 1.000000 0.000000 0.000000
vn 1.000000 -0.000000 0.000000
vn 1.000000 0.000000 0.000001
vn 1.000000 0.000000 0.000000
vn 1.000000 0.000000 0.000000
vn 1.000000 -0.000000 0.000000
vn 1.000000 -0.000000 0.000000
vn 1.000000 -0.000000 -0.000000
vn 1.000000 -0.000000 0.000000
vn -1.000000 0.000517 0.000000
vn -1.000000 0.000517 0.000000
vn -1.000000 0.000517 0.000000
vn -1.000000 0.000517 0.000000
vn -0.999919 0.000000 0.012692
vn -1.000000 0.000000 -0.000000
vn -1.000000 0.000000 -0.000000
vn -1.000000 0.000000 0.000000
vn -0.999920 0.000000 0.012642
vn 1.000000 -0.000001 0.000000
vn 1.000000 -0.000000 0.000000
vn 1.000000 -0.000000 0.000000
vn 1.000000 -0.000000 0.000001
vn -1.000000 0.000516 0.000000
vn -1.000000 0.000517 0.000000
vn -1.000000 0.000517 0.000000
vn -1.000000 0.000517 -0.000001
vn 1.000000 0.000000 0.000000
vn 1.000000 0.000000 0.000000
vn 1.000000 -0.000000 0.000000
vn 1.000000 -0.000000 0.000000
vn 1.000000 -0.000000 0.000000
vn 1.000000 -0.000000 0.000000
vn 1.000000 -0.000000 0.000000
vn 1.000000 -0.000000 0.000000
vn 0.000000 -0.000000 -1.000000
vn -0.000000 -0.000000 -1.000000
vn 0.000000 0.000000 -1.000000
vn 0.000001 -0.000000 -1.000000
vn -0.000000 0.000000 -1.000000
vn -0.000000 -0.000000 -1.000000
vn -0.000000 -0.000000 -1.000000
vn -0.000000 -0.000000 -1.000000
vn 0.893836 -0.000000 -0.448395
vn 0.893836 -0.000000 -0.448395
vn 0.893836 -0.000000 -0.448395
vn 0.893836 -0.000000 -0.448395
vn -0.999680 0.000000 0.025283
vn -0.999920 0.000000 0.012642
vn -0.999858 0.000000 0.016856
vn -0.999680 0.000000 0.025282
vn -1.000000 0.000517 -0.000002
vn -1.000000 0.000517 -0.000001
vn -1.000000 0.000517 0.000000
vn -1.000000 0.000517 -0.000000
vn -1.000000 0.000000 -0.000000
vn -1.000000 0.000000 -0.000000
vn -1.000000 0.000000 -0.000000
vn -1.000000 0.000000 0.000000
vn -1.000000 0.000000 -0.000000
vn -1.000000 0.000000 0.000000
vn -1.000000 0.000000 -0.000003
vn -1.000000 0.000517 0.000000
vn -1.000000 0.000517 0.000000
vn -1.000000 0.000517 0.000001
vn -1.000000 0.000517 0.000001
vn -0.737150 -0.000421 0.675729
vn -0.891996 -0.000294 0.452044
vn -0.828242 -0.000659 0.560369
vn -0.745467 0.000000 0.666543
vn -1.000000 0.000517 0.000000
vn -1.000000 0.000517 0.000000
vn -1.000000 0.000517 0.000001
vn -1.000000 0.000517 0.000000
vn -0.999920 0.000000 0.012642
vn -1.000000 0.000000 0.000000
vn -1.000000 0.000000 0.000000
vn -1.000000 0.000000 0.000000
vn -0.999858 0.000000 0.016856
vn -1.000000 0.000517 -0.000001
vn -1.000000 0.000517 0.000000
vn -1.000000 0.000517 0.000000
vn -1.000000 0.000517 0.000000
vn -0.985983 -0.166845 0.000000
vn -0.986022 -0.166616 -0.000149
vn -1.000000 0.000000 -0.000000
vn -1.000000 0.000000 0.000000
vn -1.000000 0.000517 0.000002
vn -1.000000 0.000517 0.000001
vn -1.000000 0.000517 0.000001
vn -1.000000 0.000517 0.000001
vn -0.893836 0.000000 -0.448394
vn -0.893836 0.000000 -0.448395
vn -0.893836 0.000000 -0.448395
vn -0.893836 0.000000 -0.448395
vn 0.677450 0.735087 -0.026605
vn 0.902727 0.429633 -0.022351
vn 0.816475 0.412091 -0.404412
vn 0.673222 0.497238 -0.547290
vn 1.000000 -0.000001 -0.000000
vn 1.000000 -0.000001 0.000000
vn 1.000000 -0.000001 0.000000
vn 1.000000 -0.000001 0.000000
vn 0.758422 -0.067417 -0.648268
vn 1.000000 -0.000000 0.000000
vn 0.999067 0.036506 -0.023089
vn 0.581812 0.045404 -0.812055
vn 0.700119 -0.157817 -0.696367
vn 1.000000 -0.000000 0.000000
vn 1.000000 -0.000000 0.000000
vn 1.000000 -0.000000 0.000000
vn 1.000000 -0.000000 0.000000
vn 0.988184 -0.153275 -0.000453
vn 0.987393 -0.158290 0.000000
vn 1.000000 -0.000000 0.000000
vn 1.000000 0.000000 0.000000
vn 1.000000 -0.000000 0.000000
vn 1.000000 -0.000000 0.000000
vn 1.000000 -0.000000 0.000000
vn 1.000000 -0.000000 0.000000
vn 0.989106 -0.147202 -0.000935
vn 0.988184 -0.153275 -0.000453
vn 1.000000 0.000000 0.000000
vn 0.999965 0.000000 -0.008383
vn 1.000000 -0.000001 0.000000
vn 1.000000 -0.000000 0.000000
vn 1.000000 -0.000000 0.000000
vn 1.000000 -0.000001 0.000000
vn -0.000000 -1.000000 -0.000000
vn -0.000000 -1.000000 -0.000000
vn -0.000000 -1.000000 -0.000000
vn -0.000000 -1.000000 0.000000
vn 0.000000 1.000000 0.000000
vn 0.000000 1.000000 0.000000
vn 0.000000 1.000000 0.000000
vn 0.000000 1.000000 0.000000
vn 0.000000 0.000000 -1.000000
vn 0.000001 -0.000000 -1.000000
vn 0.000000 0.000000 -1.000000
vn 0.000000 0.000001 -1.000000
vn -0.279438 -0.959970 0.019260
vn -0.285535 -0.958177 0.019162
vn 0.000000 -0.999922 0.012460
vn 0.032372 -0.999117 0.026781
vn -0.000000 -0.999922 0.012460
vn -0.000000 -1.000000 0.000000
vn -0.000000 -1.000000 0.000000
vn -0.000000 -1.000000 -0.000000
vn -0.000000 -1.000000 0.000000
vn 0.000000 1.000000 0.000000
vn 0.000000 1.000000 0.000000
vn 0.000000 1.000000 0.000000
vn 0.000000 1.000000 -0.000000
vn 0.150181 -0.984841 0.086802
vn 0.004450 -0.999981 -0.004370
vn 0.004009 -0.999991 -0.001458
vn -0.000000 -1.000000 -0.000000
vn -0.000000 -1.000000 -0.000000
vn -0.000000 -1.000000 -0.000000
vn -0.000000 -1.000000 -0.000000
vn -0.000000 -1.000000 0.000000
vn -0.000000 -1.000000 -0.000000
vn -0.000000 -1.000000 -0.000000
vn -0.000000 -1.000000 0.000000
vn 0.629906 0.739880 -0.236211
vn 0.000000 1.000000 0.000000
vn 0.000000 1.000000 0.000000
vn 0.000000 1.000000 0.000000
vn -0.000000 -1.000000 0.000000
vn -0.000000 -1.000000 0.000000
vn -0.000000 -1.000000 0.000000
vn -0.000000 -1.000000 -0.000000
vn 0.000000 0.000000 -1.000000
vn 0.000000 0.000000 -1.000000
vn 0.000000 -0.000000 -1.000000
vn 0.000000 0.000000 -1.000000
vn -0.000000 -0.000000 -1.000000
vn 0.000000 0.000000 -1.000000
vn 0.000000 0.000000 -1.000000
vn -0.000000 -0.000000 -1.000000
vn 0.000000 1.000000 0.000000
vn 0.000000 1.000000 0.000000
vn 0.000000 1.000000 0.000000
vn 0.000000 1.000000 0.000000
vn -0.000001 -0.000000 -1.000000
vn -0.000000 -0.000001 -1.000000
vn -0.000000 -0.000000 -1.000000
vn -0.000000 -0.000000 -1.000000
vn 0.331828 -0.942104 -0.048272
vn 0.009939 -0.999463 -0.031234
vn 0.014600 -0.999156 -0.038398
vn 0.257385 -0.964162 -0.064382
vn -0.000000 -1.000000 0.000000
vn -0.000000 -1.000000 -0.000000
vn -0.000000 -1.000000 -0.000000
vn -0.000000 -1.000000 -0.000000
vn -0.000001 -1.000000 -0.000000
vn -0.000001 -1.000000 -0.000000
vn 0.283279 -0.959038 -0.000049
vn 0.290302 -0.956931 -0.002684
vn -0.004045 -0.999709 -0.023774
vn -0.000530 -0.999971 -0.007543
vn -0.000000 -1.000000 0.000000
vn -0.000000 -1.000000 -0.000000
vn -0.000000 -1.000000 0.000000
vn -0.000000 -1.000000 -0.000000
vn -0.000000 -1.000000 -0.000000
vn -0.000000 -1.000000 0.000000
vn -0.000000 -1.000000 -0.000000
vn -0.000000 -1.000000 -0.000000
vn -0.558561 0.723769 -0.405175
vn -0.499631 0.724556 -0.474750
vn 0.000000 1.000000 0.000000
vn -0.000000 -1.000000 -0.000000
vn -0.000000 -1.000000 -0.000000
vn -0.000000 -1.000000 -0.000000
vn -0.000000 -1.000000 -0.000000
vn -0.000000 -0.000000 -1.000000
vn 0.000000 0.000000 -1.000000
vn -0.000000 -0.000000 -1.000000
vn -0.000000 -0.000000 -1.000000
vn -0.000000 -0.000000 -1.000000
vn -0.000001 -0.000000 -1.000000
vn -0.000000 -0.000000 -1.000000
vn -0.000000 -0.000000 -1.000000
vn -0.000000 -1.000000 0.000000
vn -0.000000 -1.000000 0.000000
vn -0.000000 -1.000000 0.000000
vn -0.000000 -1.000000 -0.000000
vn 0.000000 1.000000 0.000000
vn 0.000000 1.000000 0.000000
vn 0.000000 1.000000 0.000000
vn 0.000000 1.000000 0.000001
vn 0.436524 0.725128 -0.532576
vn 0.506263 0.725718 -0.465866
vn 0.000000 1.000000 0.000000
vn 0.000000 1.000000 0.000000
vn 0.000000 0.000000 -1.000000
vn -0.000000 -0.000000 -1.000000
vn 0.000000 0.000000 -1.000000
vn -0.000000 0.000000 -1.000000
vn 0.000000 0.987797 -0.155744
vn 0.000000 0.987797 -0.155744
vn 0.000000 0.987797 -0.155744
vn 0.000000 0.987797 -0.155744
vn -0.000000 -0.992080 -0.125607
vn -0.000000 -0.992080 -0.125608
vn -0.000000 -0.992080 -0.125608
vn -0.000000 -0.992080 -0.125607
vn -0.016964 -0.999810 -0.009588
vn -0.004045 -0.999709 -0.023774
vn -0.017201 -0.999454 -0.028203
vn -0.009943 -0.999926 0.006972
vn 0.001866 -0.999906 0.013594
vn -0.000000 -1.000000 -0.000000
vn -0.000000 -1.000000 0.000000
vn -0.000000 -1.000000 -0.000000
vn -0.000000 -1.000000 -0.000000
vn 0.000000 1.000000 0.000001
vn 0.000000 1.000000 0.000000
vn 0.000000 1.000000 0.000000
vn 0.000000 1.000000 0.000000
vn -0.000000 -1.000000 0.000000
vn -0.000000 -1.000000 -0.000000
vn -0.000000 -1.000000 -0.000000
vn -0.000000 -1.000000 0.000000
vn -0.000000 -1.000000 -0.000000
vn -0.000000 -1.000000 -0.000000
vn -0.000000 -1.000000 -0.000000
vn -0.000000 -1.000000 0.000000
vn -0.000000 -1.000000 0.000000
vn -0.000000 -1.000000 -0.000000
vn -0.000000 -1.000000 0.000000
vn -0.000000 -1.000000 -0.000000
vn -0.000000 -1.000000 -0.000000
vn -0.000000 -1.000000 0.000000
vn -0.000000 -1.000000 -0.000000
vn -0.000000 -1.000000 -0.000000
vn -0.986597 -0.160968 0.026752
vn -0.986168 -0.163541 0.026978
vn -0.788594 -0.614295 0.027599
vn -0.788750 -0.614093 0.027622
vn -0.542661 -0.363541 0.757204
vn -0.603896 -0.067758 0.794178
vn -0.795510 -0.179935 0.578608
vn -0.693350 -0.558791 0.454992
vn -0.986411 -0.164298 -0.000207
vn -0.986239 -0.165327 0.000000
vn -0.784564 -0.620048 0.000000
vn -0.786429 -0.617680 0.000028
vn -0.522042 -0.106879 0.846197
vn -0.506170 -0.108295 0.855608
vn -0.570473 -0.472871 0.671530
vn -0.601650 -0.455701 0.656014
vn -0.986022 -0.166616 -0.000149
vn -0.985983 -0.166845 0.000000
vn -0.782239 -0.622978 0.000194
vn -0.782980 -0.622046 -0.000154
vn 0.309394 -0.910209 -0.275310
vn 0.216087 -0.869954 -0.443267
vn 0.648768 -0.496133 -0.577020
vn 0.663699 -0.621871 -0.415669
vn 0.290302 -0.956931 -0.002684
vn 0.283279 -0.959038 -0.000049
vn 0.795537 -0.605904 -0.000550
vn 0.802727 -0.596346 -0.000662
vn 0.283279 -0.959038 -0.000049
vn 0.278945 -0.960307 -0.000426
vn 0.789285 -0.614027 -0.000458
vn 0.795537 -0.605904 -0.000550
vn 0.157030 -0.685438 -0.710996
vn 0.557620 -0.402251 -0.726123
vn 0.511783 -0.448770 -0.732587
vn 0.214560 -0.670935 -0.709796
vn 0.274548 -0.961573 0.000162
vn 0.273121 -0.961980 -0.000417
vn 0.780859 -0.624706 -0.001178
vn 0.783243 -0.621716 0.000087
vn -0.999986 0.005361 0.000359
vn -0.978134 -0.207976 -0.000153
vn -0.977961 -0.208790 0.000134
vn -0.999984 0.005563 0.000618
vn -0.978134 -0.207976 -0.000153
vn -0.794372 -0.607432 0.000009
vn -0.791747 -0.610850 -0.000001
vn -0.977961 -0.208790 0.000134
vn -0.791747 -0.610850 -0.000001
vn -0.794372 -0.607432 0.000009
vn -0.637390 -0.770541 0.000324
vn -0.638768 -0.769399 0.000000
vn 0.019769 -0.999082 0.038004
vn 0.034827 -0.999392 -0.001419
vn 0.021606 -0.993903 0.108123
vn -0.751261 -0.136984 -0.645633
vn -0.782060 -0.162808 -0.601562
vn -0.700530 -0.581417 -0.413777
vn -0.784714 -0.565688 -0.253418
vn -0.700530 -0.581417 -0.413777
vn -0.214894 -0.823381 -0.525227
vn -0.319251 -0.885357 -0.337966
vn -0.784714 -0.565688 -0.253418
vn 0.014073 -0.980797 -0.194524
vn 0.011084 -0.997395 -0.071280
vn 0.028290 -0.983103 -0.180853
vn 0.974795 0.153987 0.161438
vn 0.948049 -0.117887 0.295475
vn 0.935277 -0.171119 0.309799
vn 0.974603 0.175999 0.138470
vn 0.944250 0.329150 -0.007256
vn 0.948049 -0.117887 0.295475
vn 0.731912 -0.527097 0.431826
vn 0.703236 -0.563964 0.432902
vn 0.935277 -0.171119 0.309799
vn 0.731912 -0.527097 0.431826
vn 0.211123 -0.872627 0.440395
vn 0.265098 -0.851417 0.452562
vn 0.703236 -0.563964 0.432902
vn 0.211123 -0.872627 0.440395
vn -0.000001 -1.000000 -0.000000
vn -0.001082 -0.999833 0.018238
vn 0.265098 -0.851417 0.452562
vn 0.000000 1.000000 0.000000
vn -0.000000 1.000000 0.000000
vn -0.704758 0.706043 -0.069423
vn -0.690658 0.713232 -0.119550
vn 0.944250 0.329150 -0.007256
vn 0.974603 0.175999 0.138470
vn 0.581812 0.045404 -0.812055
vn 0.999067 0.036506 -0.023089
vn 0.987290 -0.158882 -0.003978
vn 0.949694 -0.313174 -0.002014
vn 0.947018 -0.321180 -0.000256
vn 0.987410 -0.158183 0.000000
vn 0.534912 -0.844908 -0.000611
vn 0.258204 -0.966090 -0.000395
vn 0.251032 -0.967970 -0.004143
vn 0.528575 -0.848886 0.000884
vn 0.251032 -0.967970 -0.004143
vn 0.258204 -0.966090 -0.000395
vn -0.044913 -0.998974 -0.005792
vn -0.085861 -0.995798 -0.031835
vn -0.070925 -0.958787 -0.275130
vn -0.064248 -0.789901 -0.609860
vn 0.216087 -0.869954 -0.443267
vn 0.309394 -0.910209 -0.275310
vn 0.989374 -0.137288 -0.047864
vn 0.981400 -0.181659 -0.062080
vn 0.999333 0.004638 -0.036234
vn 0.999595 0.010617 -0.026390
vn 0.981400 -0.181659 -0.062080
vn 0.989374 -0.137288 -0.047864
vn 0.956119 -0.288130 -0.053075
vn 0.931649 -0.356507 -0.070236
vn 0.511706 -0.856352 -0.069412
vn 0.615411 -0.786993 -0.043719
vn 0.331828 -0.942104 -0.048272
vn 0.257385 -0.964162 -0.064382
vn -0.999938 0.011124 -0.000105
vn -0.978020 -0.208512 -0.000143
vn -0.978378 -0.206825 -0.000033
vn -0.999939 0.011080 -0.000169
vn -0.978020 -0.208512 -0.000143
vn -0.746386 -0.665514 0.000121
vn -0.747272 -0.664519 0.000017
vn -0.978378 -0.206825 -0.000033
vn -0.747272 -0.664519 0.000017
vn -0.746386 -0.665514 0.000121
vn -0.514624 -0.857416 0.000482
vn -0.516455 -0.856314 0.000000
vn 0.067968 -0.997607 -0.012647
vn 0.095772 -0.995403 0.000000
vn 0.087748 -0.996138 -0.002957
vn 0.066735 -0.997712 -0.010854
vn -0.876318 0.351105 -0.329838
vn -0.550013 -0.110737 -0.827782
vn -0.541365 -0.111893 -0.833309
vn -0.824399 0.130323 -0.550801
vn -0.819735 0.572744 0.000000
vn -0.550013 -0.110737 -0.827782
vn -0.585095 -0.445870 -0.677395
vn -0.559223 -0.467275 -0.684780
vn -0.541365 -0.111893 -0.833309
vn -0.559223 -0.467275 -0.684780
vn -0.585095 -0.445870 -0.677395
vn -0.296317 -0.739751 -0.604123
vn -0.120574 -0.730442 -0.672247
vn -0.120574 -0.730442 -0.672247
vn -0.296317 -0.739751 -0.604123
vn 0.090305 -0.993486 -0.069500
vn 0.095489 -0.995331 -0.014082
vn -0.639830 0.768431 -0.011510
vn -0.819735 0.572744 0.000000
vn -0.816503 0.577341 -0.000246
vn -0.634033 0.773216 -0.011827
vn 0.032950 -0.999455 -0.001954
vn 0.044093 -0.999027 0.000000
vn 0.046354 -0.998924 -0.001343
vn 0.034827 -0.999392 -0.001419
vn 0.987290 -0.158882 -0.003978
vn 0.987410 -0.158183 0.000000
vn 0.999947 0.001300 -0.010252
vn 0.999861 -0.002828 -0.016416
vn -0.481319 -0.001045 -0.876545
vn -0.351440 0.000000 -0.936211
vn -0.522665 -0.002878 -0.852533
vn -0.763334 -0.003313 -0.645995
vn -1.000000 0.000000 -0.000000
vn -1.000000 0.000000 -0.000001
vn -0.997480 -0.070939 -0.001083
vn -0.993179 -0.116585 0.001732
vn -1.000000 0.000000 -0.000001
vn -1.000000 0.000000 -0.000000
vn -0.997892 0.064861 -0.002022
vn -0.993216 0.116246 0.002903
vn -1.000000 0.000000 0.000000
vn -1.000000 0.000000 0.000000
vn -1.000000 0.000000 0.000000
vn -1.000000 0.000000 -0.000003
vn -1.000000 0.000000 -0.000000
vn -1.000000 0.000000 -0.000000
vn -1.000000 0.000000 -0.000000
vn -1.000000 0.000000 -0.000000
vn -0.737150 -0.000421 0.675729
vn -0.732350 0.000000 0.680928
vn -0.819173 -0.000556 0.573546
vn -0.891996 -0.000294 0.452044
vn -0.265913 -0.963997 -0.000388
vn -0.261939 -0.965084 -0.000257
vn -0.262000 -0.965068 -0.000259
vn -0.266036 -0.963963 -0.000392
vn -0.522665 -0.002878 -0.852533
vn -0.507392 0.000000 -0.861716
vn -0.614520 0.000561 -0.788901
vn -0.763334 -0.003313 -0.645995
vn -0.997892 0.064861 -0.002022
vn -0.993933 0.109921 -0.003803
vn -0.980080 0.198551 0.004534
vn -0.993216 0.116246 0.002903
vn -0.987187 -0.002162 0.159555
vn -0.980828 -0.000064 0.194875
vn -0.891996 -0.000294 0.452044
vn -0.819173 -0.000556 0.573546
vn -0.891996 -0.000294 0.452044
vn -0.980828 -0.000064 0.194875
vn -0.970015 -0.002210 0.243036
vn -0.828242 -0.000659 0.560369
vn -0.993179 -0.116585 0.001732
vn -0.997480 -0.070939 -0.001083
vn -0.991140 -0.132809 -0.001648
vn -0.980042 -0.198768 0.003107
vn -0.951721 0.002822 -0.306952
vn -0.926321 -0.003049 -0.376723
vn -0.763334 -0.003313 -0.645995
vn -0.614520 0.000561 -0.788901
vn -0.763334 -0.003313 -0.645995
vn -0.926321 -0.003049 -0.376723
vn -0.893455 -0.004548 -0.449130
vn -0.481319 -0.001045 -0.876545
vn -0.487248 0.873261 0.002146
vn -0.490953 0.871184 0.001961
vn -0.210327 0.977519 0.014815
vn -0.199849 0.979708 0.015253
vn 0.999965 0.000000 -0.008383
vn 1.000000 0.000000 0.000000
vn 1.000000 0.000000 0.000000
vn 1.000000 0.000000 0.000000
vn 0.637524 0.003519 0.770423
vn 0.783614 0.003241 0.621240
vn 0.746232 0.000670 0.665685
vn 0.667479 0.000000 0.744629
vn 0.672812 0.001432 -0.739813
vn 0.565482 0.000000 -0.824761
vn 0.666784 -0.001904 -0.745249
vn 0.804889 0.000578 -0.593426
vn 1.000000 -0.000004 0.000000
vn 1.000000 -0.000001 0.000001
vn 1.000000 0.000000 0.000000
vn 1.000000 0.000000 0.000000
vn 1.000000 -0.000001 0.000001
vn 1.000000 -0.000004 0.000000
vn 1.000000 -0.000005 0.000001
vn 1.000000 -0.000001 0.000004
vn 0.693369 0.001241 0.720582
vn 0.783614 0.003241 0.621240
vn 0.637524 0.003519 0.770423
vn 0.597566 -0.000001 0.801820
vn 0.657686 -0.753282 0.003931
vn 0.720601 -0.693328 0.005583
vn 0.629793 -0.776737 0.006333
vn 0.549362 -0.835579 0.002837
vn 0.650396 -0.005341 -0.759577
vn 0.804889 0.000578 -0.593426
vn 0.666784 -0.001904 -0.745249
vn 0.530621 0.000000 -0.847609
vn 0.604462 0.796548 -0.011724
vn 0.697065 0.716939 -0.009913
vn 0.645493 0.763637 -0.014019
vn 0.530259 0.847686 -0.015922
vn 0.693369 0.001241 0.720582
vn 0.885524 0.004380 0.464573
vn 0.894824 0.002827 0.446411
vn 0.783614 0.003241 0.621240
vn 0.783614 0.003241 0.621240
vn 0.894824 0.002827 0.446411
vn 0.900005 0.002020 0.435875
vn 0.746232 0.000670 0.665685
vn 0.697065 0.716939 -0.009913
vn 0.891333 0.453327 -0.004448
vn 0.867515 0.497342 -0.008328
vn 0.645493 0.763637 -0.014019
vn 0.650396 -0.005341 -0.759577
vn 0.863447 -0.018708 -0.504092
vn 0.903414 0.002789 -0.428760
vn 0.804889 0.000578 -0.593426
vn 0.804889 0.000578 -0.593426
vn 0.903414 0.002789 -0.428760
vn 0.878034 0.004336 -0.478578
vn 0.672812 0.001432 -0.739813
vn 0.657686 -0.753282 0.003931
vn 0.870918 -0.491385 0.006465
vn 0.890360 -0.455247 0.003213
vn 0.720601 -0.693328 0.005583
vn -0.070925 -0.958787 -0.275130
vn -0.212141 -0.976561 -0.036394
vn -0.210891 -0.976835 -0.036298
vn -0.064248 -0.789901 -0.609860
vn 0.816475 0.412091 -0.404412
vn 0.833695 -0.129806 -0.536752
vn 0.767538 -0.115583 -0.630497
vn 0.673222 0.497238 -0.547290
vn -0.603896 -0.067758 0.794178
vn -0.765460 0.474860 0.434257
vn -0.881624 0.282445 0.378105
vn -0.795510 -0.179935 0.578608
vn -0.782060 -0.162808 -0.601562
vn -0.751261 -0.136984 -0.645633
vn -0.931706 0.172706 -0.319526
vn -0.844896 0.223124 -0.486174
vn -0.998764 -0.031859 -0.038143
vn -0.925622 -0.164181 0.340982
vn -0.795510 -0.179935 0.578608
vn -0.881624 0.282445 0.378105
vn -0.925622 -0.164181 0.340982
vn -0.805603 -0.575384 0.141199
vn -0.693350 -0.558791 0.454992
vn -0.795510 -0.179935 0.578608
vn -0.693350 -0.558791 0.454992
vn -0.805603 -0.575384 0.141199
vn -0.326198 -0.891972 0.313020
vn -0.203755 -0.746564 0.633345
vn -0.203755 -0.746564 0.633345
vn -0.326198 -0.891972 0.313020
vn 0.026769 -0.913618 0.405692
vn 0.012169 -0.966206 0.257485
vn -0.844896 0.223124 -0.486174
vn -0.884728 0.364020 -0.291111
vn -0.855855 -0.103320 -0.506792
vn -0.782060 -0.162808 -0.601562
vn -0.782060 -0.162808 -0.601562
vn -0.855855 -0.103320 -0.506792
vn -0.687238 -0.457423 -0.564329
vn -0.700530 -0.581417 -0.413777
vn -0.687238 -0.457423 -0.564329
vn -0.155401 -0.661348 -0.733805
vn -0.214894 -0.823381 -0.525227
vn -0.700530 -0.581417 -0.413777
vn 0.010453 -0.997087 -0.075553
vn 0.011084 -0.997395 -0.071280
vn 0.014073 -0.980797 -0.194524
vn 0.000001 -0.979869 -0.199641
vn -0.528627 -0.848174 -0.033960
vn -0.939893 -0.338833 -0.042345
vn -0.936402 -0.348364 -0.042354
vn -0.519816 -0.853613 -0.033696
vn -0.064248 -0.789901 -0.609860
vn 0.004973 -0.468973 -0.883198
vn 0.265879 -0.726413 -0.633745
vn 0.216087 -0.869954 -0.443267
vn 0.216087 -0.869954 -0.443267
vn 0.265879 -0.726413 -0.633745
vn 0.531812 -0.371264 -0.761143
vn 0.648768 -0.496133 -0.577020
vn 0.531812 -0.371264 -0.761143
vn 0.689915 -0.117991 -0.714210
vn 0.767538 -0.115583 -0.630497
vn 0.648768 -0.496133 -0.577020
vn 0.689915 -0.117991 -0.714210
vn 0.587601 0.567390 -0.576883
vn 0.673222 0.497238 -0.547290
vn 0.767538 -0.115583 -0.630497
vn 0.673222 0.497238 -0.547290
vn 0.587601 0.567390 -0.576883
vn 0.360934 0.932207 -0.026793
vn 0.677450 0.735087 -0.026605
vn -0.214894 -0.823381 -0.525227
vn 0.014073 -0.980797 -0.194524
vn 0.028290 -0.983103 -0.180853
vn -0.319251 -0.885357 -0.337966
vn 0.014073 -0.980797 -0.194524
vn -0.214894 -0.823381 -0.525227
vn -0.155401 -0.661348 -0.733805
vn 0.000001 -0.979869 -0.199641
vn 0.026769 -0.913618 0.405692
vn -0.000101 -0.983399 0.181456
vn 0.012169 -0.966206 0.257485
vn -0.000101 -0.983399 0.181456
vn 0.000000 -0.984429 0.175781
vn -0.001830 -0.996394 0.084824
vn 0.012169 -0.966206 0.257485
vn -0.931706 0.172706 -0.319526
vn -0.998764 -0.031859 -0.038143
vn -0.881624 0.282445 0.378105
vn -0.844896 0.223124 -0.486174
vn -0.358401 0.000000 0.933568
vn 0.000000 0.000000 1.000000
vn 0.000000 0.000000 1.000000
vn -0.358384 0.000000 0.933574
vn -1.000000 0.000000 -0.000006
vn -0.913561 0.000000 0.406701
vn -0.913552 0.000000 0.406722
vn -1.000000 0.000000 -0.000006
vn 0.000000 -1.000000 0.000000
vn 0.000000 -0.908225 0.418482
vn -0.643322 -0.645642 0.411440
vn -0.707107 -0.707107 -0.000000
vn 1.000000 -0.000000 -0.000006
vn 0.913561 -0.000000 0.406701
vn 0.643324 -0.645642 0.411438
vn 0.707105 -0.707108 -0.000004
vn -0.913552 0.000000 0.406722
vn -0.913561 0.000000 0.406701
vn -0.358401 0.000000 0.933568
vn -0.358384 0.000000 0.933574
vn -0.281197 -0.268239 0.921399
vn -0.643322 -0.645642 0.411440
vn 0.000000 -0.908225 0.418482
vn 0.000000 -0.346301 0.938124
vn 0.281197 -0.268239 0.921399
vn 0.643324 -0.645642 0.411438
vn 0.913561 -0.000000 0.406701
vn 0.358401 0.000000 0.933568
vn -0.000000 -0.346301 0.938124
vn 0.000000 0.000000 1.000000
vn 0.000000 0.000000 1.000000
vn 0.000000 -0.346301 0.938124
vn -0.000001 -1.000000 0.000000
vn -0.000000 -0.908225 0.418482
vn 0.000000 -0.908225 0.418482
vn 0.000000 -1.000000 0.000000
vn -0.000000 -0.908225 0.418482
vn -0.000000 -0.346301 0.938124
vn 0.000000 -0.346301 0.938124
vn 0.000000 -0.908225 0.418482
vn 0.281197 -0.268239 0.921399
vn 0.358401 0.000000 0.933568
vn 0.000000 0.000000 1.000000
vn 0.000000 -0.346301 0.938123
vn 0.707105 -0.707108 -0.000004
vn 0.643324 -0.645642 0.411438
vn 0.000000 -0.908225 0.418481
vn 0.000000 -1.000000 0.000000
vn 0.000000 -0.908225 0.418481
vn 0.643324 -0.645642 0.411438
vn 0.281197 -0.268239 0.921399
vn 0.000000 -0.346301 0.938123
vn 0.000000 -0.346301 0.938123
vn 0.000000 0.000000 1.000000
vn 0.000000 0.000000 1.000000
vn -0.000000 -0.346301 0.938123
vn 0.000000 -1.000000 0.000000
vn 0.000000 -0.908225 0.418481
vn -0.000000 -0.908225 0.418481
vn -0.000001 -1.000000 0.000000
vn 0.000000 -0.908225 0.418481
vn 0.000000 -0.346301 0.938123
vn -0.000000 -0.346301 0.938123
vn -0.000000 -0.908225 0.418481
vn -0.000000 -0.346301 0.938124
vn -0.000000 0.000000 1.000000
vn 0.000000 0.000000 1.000000
vn -0.000000 -0.346301 0.938124
vn -0.000001 -1.000000 0.000000
vn -0.000000 -0.908225 0.418482
vn -0.000000 -0.908225 0.418482
vn -0.000001 -1.000000 0.000000
vn -0.000000 -0.908225 0.418482
vn -0.000000 -0.346301 0.938124
vn -0.000000 -0.346301 0.938124
vn -0.000000 -0.908225 0.418482
vn -0.000000 -0.346301 0.938124
vn -0.000000 0.000000 1.000000
vn -0.000000 0.000000 1.000000
vn -0.000000 -0.346301 0.938124
vn -0.000000 -1.000000 -0.000000
vn -0.000000 -0.908225 0.418482
vn -0.000000 -0.908225 0.418482
vn -0.000001 -1.000000 0.000000
vn -0.000000 -0.908225 0.418482
vn -0.000000 -0.346301 0.938124
vn -0.000000 -0.346301 0.938124
vn -0.000000 -0.908225 0.418482
vn -0.000000 -0.346301 0.938123
vn 0.000000 0.000000 1.000000
vn 0.000000 0.000000 1.000000
vn -0.000000 -0.346301 0.938124
vn -0.000001 -1.000000 -0.000000
vn -0.000001 -1.000000 0.000000
vn -0.000000 -0.908225 0.418481
vn -0.000000 -0.908225 0.418482
vn -0.000000 -0.908225 0.418482
vn -0.000000 -0.908225 0.418481
vn -0.000000 -0.346301 0.938123
vn -0.000000 -0.346301 0.938124
vn -0.281197 -0.268239 0.921399
vn 0.000000 -0.346301 0.938124
vn 0.000000 0.000000 1.000000
vn -0.358401 0.000000 0.933568
vn -0.707107 -0.707107 -0.000000
vn -0.643322 -0.645642 0.411440
vn -0.913560 0.000000 0.406703
vn -1.000000 0.000000 -0.000001
vn 1.000000 -0.000000 -0.000006
vn 0.913561 -0.000000 0.406701
vn 0.913561 -0.000000 0.406701
vn 1.000000 -0.000000 -0.000006
vn -0.913560 0.000000 0.406703
vn -0.643322 -0.645642 0.411440
vn -0.281197 -0.268239 0.921399
vn -0.358401 0.000000 0.933568
vn 0.913561 -0.000000 0.406701
vn 0.358401 0.000000 0.933568
vn 0.358401 0.000000 0.933568
vn 0.913561 -0.000000 0.406701
vn 0.000000 0.000000 1.000000
vn 0.000000 0.000000 1.000000
vn 0.000000 0.000000 1.000000
vn 0.000000 0.000000 1.000000
vn 0.358401 0.000000 0.933568
vn 0.000000 0.000000 1.000000
vn 0.000000 0.000000 1.000000
vn 0.358401 0.000000 0.933568
vn 0.000000 -0.000000 1.000000
vn 0.000000 -0.000000 1.000000
vn 0.000000 0.000000 1.000000
vn 0.000000 0.000000 1.000000
vn -0.000000 0.000000 1.000000
vn 0.000000 0.000000 1.000000
vn 0.000000 0.000000 1.000000
vn -0.000000 0.000000 1.000000
vn 0.000000 0.000000 1.000000
vn -0.000000 0.000000 1.000000
vn -0.000000 0.000000 1.000000
vn 0.000000 0.000000 1.000000
vn 0.000000 -0.000000 1.000000
vn 0.000000 0.000000 1.000000
vn 0.000000 0.000000 1.000000
vn 0.000000 0.000000 1.000000
vn -0.358402 0.000000 0.933568
vn 0.000000 -0.000000 1.000000
vn 0.000000 0.000000 1.000000
vn -0.358401 0.000000 0.933568
vn -1.000000 0.000000 -0.000005
vn -0.913561 0.000000 0.406702
vn -0.913561 0.000000 0.406701
vn -1.000000 0.000000 -0.000006
vn -0.913561 0.000000 0.406702
vn -0.358402 0.000000 0.933568
vn -0.358401 0.000000 0.933568
vn -0.913561 0.000000 0.406701
vn 1.000000 0.000000 -0.000001
vn 0.913552 -0.000000 0.406723
vn 0.913560 0.000000 0.406703
vn 1.000000 -0.000000 -0.000001
vn 0.913552 -0.000000 0.406723
vn 0.358384 -0.000000 0.933574
vn 0.358401 -0.000000 0.933568
vn 0.913560 0.000000 0.406703
vn 0.000000 0.000000 1.000000
vn 0.000000 0.000000 1.000000
vn 0.000000 0.000000 1.000000
vn 0.000000 0.000000 1.000000
vn 0.358384 -0.000000 0.933574
vn -0.000000 -0.000000 1.000000
vn -0.000000 -0.000000 1.000000
vn 0.358401 -0.000000 0.933568
vn 0.000000 -0.000000 1.000000
vn 0.000000 0.000000 1.000000
vn 0.000000 -0.000000 1.000000
vn 0.000000 -0.000000 1.000000
vn 0.000000 0.000000 1.000000
vn 0.000000 0.000000 1.000000
vn 0.000000 0.000000 1.000000
vn 0.000000 0.000000 1.000000
vn -0.000000 0.000000 1.000000
vn -0.000000 0.000000 1.000000
vn -0.000000 0.000000 1.000000
vn -0.000000 0.000000 1.000000
vn 0.000000 0.000000 1.000000
vn -0.000000 0.000000 1.000000
vn -0.000000 0.000000 1.000000
vn 0.000000 -0.000000 1.000000
vn 1.000000 -0.000000 -0.000003
vn 0.913561 -0.000000 0.406703
vn 0.913561 -0.000000 0.406701
vn 1.000000 -0.000000 -0.000006
vn 0.913561 -0.000000 0.406703
vn 0.358401 0.000000 0.933568
vn 0.358401 0.000000 0.933568
vn 0.913561 -0.000000 0.406701
vn 0.000000 0.000000 1.000000
vn 0.000000 0.000000 1.000000
vn 0.000000 0.000000 1.000000
vn 0.000000 0.000000 1.000000
vn 0.358401 0.000000 0.933568
vn 0.000000 0.000000 1.000000
vn 0.000000 0.000000 1.000000
vn 0.358401 0.000000 0.933568
vn 0.000000 -0.000000 1.000000
vn 0.000000 -0.000000 1.000000
vn 0.000000 -0.000000 1.000000
vn 0.000000 -0.000000 1.000000
vn 0.000000 0.000000 1.000000
vn 0.000000 0.000000 1.000000
vn 0.000000 0.000000 1.000000
vn -0.000000 0.000000 1.000000
vn -0.000000 0.000000 1.000000
vn -0.000000 0.000000 1.000000
vn -0.000000 0.000000 1.000000
vn 0.000000 0.000000 1.000000
vn 0.000000 -0.000000 1.000000
vn -0.000000 0.000000 1.000000
vn 0.000000 0.000000 1.000000
vn 0.000000 -0.000000 1.000000
vn -0.358401 0.000000 0.933568
vn 0.000000 0.000000 1.000000
vn 0.000000 -0.000000 1.000000
vn -0.358402 -0.000000 0.933568
vn -1.000000 0.000000 -0.000001
vn -0.913560 0.000000 0.406703
vn -0.913560 0.000000 0.406703
vn -1.000000 0.000000 -0.000001
vn -0.913560 0.000000 0.406703
vn -0.358401 0.000000 0.933568
vn -0.358402 -0.000000 0.933568
vn -0.913560 0.000000 0.406703
vn -0.000000 -0.346301 0.938124
vn 0.000000 0.000000 1.000000
vn -0.000000 0.000000 1.000000
vn -0.000000 -0.346301 0.938124
vn -0.000000 -1.000000 -0.000000
vn -0.000001 -1.000000 -0.000000
vn -0.000000 -0.908225 0.418482
vn -0.000000 -0.908225 0.418482
vn -0.000000 -0.908225 0.418482
vn -0.000000 -0.908225 0.418482
vn -0.000000 -0.346301 0.938124
vn -0.000000 -0.346301 0.938124
vn -0.000000 0.000000 1.000000
vn -0.000000 0.000000 1.000000
vn -0.000000 0.000000 1.000000
vn -0.000000 0.000000 1.000000
vn 0.000000 0.000000 1.000000
vn 0.000000 0.000000 1.000000
vn -0.000000 0.000000 1.000000
vn -0.000000 0.000000 1.000000
vn 0.000000 0.000000 1.000000
vn 0.000000 0.000000 1.000000
vn -0.000000 0.000000 1.000000
vn -0.000000 0.000000 1.000000
vn -0.358402 -0.000000 0.933568
vn 0.000000 -0.000000 1.000000
vn 0.000000 -0.000000 1.000000
vn -0.358402 0.000000 0.933568
vn -1.000000 0.000000 -0.000001
vn -0.913560 0.000000 0.406703
vn -0.913561 0.000000 0.406702
vn -1.000000 0.000000 -0.000005
vn -0.913560 0.000000 0.406703
vn -0.358402 -0.000000 0.933568
vn -0.358402 0.000000 0.933568
vn -0.913561 0.000000 0.406702
vn 1.000000 -0.000000 -0.000001
vn 0.913560 0.000000 0.406703
vn 0.913561 -0.000000 0.406703
vn 1.000000 -0.000000 -0.000003
vn 0.913560 0.000000 0.406703
vn 0.358401 -0.000000 0.933568
vn 0.358401 0.000000 0.933568
vn 0.913561 -0.000000 0.406703
vn 0.000000 0.000000 1.000000
vn 0.000000 0.000000 1.000000
vn 0.000000 0.000000 1.000000
vn 0.000000 0.000000 1.000000
vn 0.358401 -0.000000 0.933568
vn -0.000000 -0.000000 1.000000
vn 0.000000 0.000000 1.000000
vn 0.358401 0.000000 0.933568
vn 0.000000 -0.000000 1.000000
vn 0.000000 -0.000000 1.000000
vn 0.000000 -0.000000 1.000000
vn 0.000000 -0.000000 1.000000
vn 0.000000 0.000000 1.000000
vn 0.000000 0.000000 1.000000
vn 0.000000 0.000000 1.000000
vn 0.000000 0.000000 1.000000
vn -0.000000 0.000000 1.000000
vn -0.000000 0.000000 1.000000
vn -0.000000 0.000000 1.000000
vn -0.000000 0.000000 1.000000
vn 0.000000 -0.000000 1.000000
vn -0.000000 0.000000 1.000000
vn -0.000000 0.000000 1.000000
vn 0.000000 -0.000000 1.000000
vn -0.000000 0.000000 1.000000
vn -0.000000 0.000000 1.000000
vn -0.000000 0.000000 1.000000
vn 0.000000 0.000000 1.000000
vn -0.050330 0.164828 0.985037
vn -0.135306 0.103608 0.985372
vn -0.091358 0.179456 0.979515
vn -0.047491 0.235334 0.970754
vn -0.136214 -0.191057 0.972082
vn -0.045361 -0.105095 0.993427
vn -0.067835 -0.012422 0.997619
vn -0.166429 0.069704 0.983587
vn -0.032212 -0.120974 0.992133
vn -0.011666 -0.201398 0.979440
vn -0.071222 -0.207078 0.975728
vn -0.071759 -0.208365 0.975415
vn 0.000000 0.000000 1.000000
vn 0.000000 0.000000 1.000000
vn 0.000000 0.000000 1.000000
vn 0.000000 0.000000 1.000000
vn -0.039826 0.230184 0.972332
vn 0.023668 0.148042 0.988698
vn 0.063529 0.117512 0.991037
vn 0.037552 0.191258 0.980821
vn 0.023875 0.000874 0.999715
vn -0.072035 -0.069847 0.994953
vn -0.064982 -0.094824 0.993371
vn 0.041010 0.083456 0.995667
vn -0.042974 -0.181087 0.982528
vn -0.087699 -0.314335 0.945252
vn 0.000828 -0.214583 0.976705
vn -0.023369 -0.145864 0.989029
vn -0.035782 -0.077490 0.996351
vn 0.000000 0.000000 1.000000
vn -0.010068 -0.051818 0.998606
vn -0.009329 -0.179497 0.983714
vn 0.016831 0.122961 0.992269
vn 0.115619 0.030378 0.992829
vn 0.038772 0.178960 0.983092
vn 0.064360 0.195249 0.978640
vn 0.044276 0.085913 0.995318
vn 0.142540 -0.024121 0.989495
vn 0.131899 -0.108078 0.985354
vn 0.132052 -0.124102 0.983443
vn 0.168214 -0.297591 0.939757
vn 0.093700 -0.096813 0.990882
vn 0.147848 -0.129484 0.980497
vn 0.137126 -0.235292 0.962203
vn 0.025644 -0.037615 0.998963
vn 0.000000 0.000000 1.000000
vn 0.008726 -0.004133 0.999953
vn 0.102191 -0.188642 0.976714
vn 0.098422 0.071072 0.992604
vn 0.106340 0.123596 0.986618
vn 0.156897 0.057104 0.985963
vn 0.164253 0.046116 0.985340
vn 0.074721 -0.056209 0.995619
vn 0.179962 -0.057634 0.981984
vn 0.142687 0.027511 0.989385
vn 0.097121 -0.001518 0.995271
vn 0.016908 -0.108680 0.993933
vn 0.015563 -0.063816 0.997840
vn 0.060368 -0.059430 0.996405
vn 0.111705 -0.078579 0.990630
vn 0.038564 -0.012456 0.999178
vn 0.022298 -0.007202 0.999725
vn 0.061827 -0.032459 0.997559
vn -0.065447 0.081422 0.994529
vn -0.157161 0.043840 0.986600
vn -0.135306 0.103608 0.985372
vn -0.050330 0.164828 0.985037
vn -0.204649 -0.016555 0.978695
vn -0.136214 -0.191057 0.972082
vn -0.166429 0.069704 0.983587
vn -0.161692 0.040308 0.986018
vn -0.046945 -0.014028 0.998799
vn -0.032212 -0.120974 0.992133
vn -0.071759 -0.208365 0.975415
vn -0.193844 -0.109908 0.974856
vn 0.000000 0.000000 1.000000
vn 0.000000 0.000000 1.000000
vn 0.000000 0.000000 1.000000
vn 0.038772 0.178960 0.983092
vn 0.115619 0.030378 0.992829
vn 0.156897 0.057104 0.985963
vn 0.106340 0.123596 0.986618
vn 0.131899 -0.108078 0.985354
vn 0.074721 -0.056209 0.995619
vn 0.097121 -0.001518 0.995271
vn 0.132052 -0.124102 0.983443
vn 0.147848 -0.129484 0.980497
vn 0.093700 -0.096813 0.990882
vn 0.015563 -0.063816 0.997840
vn 0.016908 -0.108680 0.993933
vn 0.008726 -0.004133 0.999953
vn 0.000000 0.000000 1.000000
vn 0.022298 -0.007202 0.999725
vn 0.038564 -0.012456 0.999178
vn 0.063529 0.117512 0.991037
vn 0.016831 0.122961 0.992269
vn 0.064360 0.195249 0.978640
vn 0.037552 0.191258 0.980821
vn -0.064982 -0.094824 0.993371
vn 0.142540 -0.024121 0.989495
vn 0.044276 0.085913 0.995318
vn 0.041010 0.083456 0.995667
vn -0.023369 -0.145864 0.989029
vn 0.000828 -0.214583 0.976705
vn 0.168214 -0.297591 0.939757
vn 0.137126 -0.235292 0.962203
vn -0.009329 -0.179497 0.983714
vn -0.010068 -0.051818 0.998606
vn 0.025644 -0.037615 0.998963
vn 0.102191 -0.188642 0.976714
vn -0.047491 0.235334 0.970754
vn -0.091358 0.179456 0.979515
vn 0.023668 0.148042 0.988698
vn -0.039826 0.230184 0.972332
vn -0.045361 -0.105095 0.993427
vn -0.072035 -0.069847 0.994953
vn 0.023875 0.000874 0.999715
vn -0.067835 -0.012422 0.997619
vn -0.071222 -0.207078 0.975728
vn -0.011666 -0.201398 0.979440
vn -0.087699 -0.314335 0.945252
vn -0.042974 -0.181087 0.982528
vn 0.000000 0.000000 1.000000
vn 0.000000 0.000000 1.000000
vn 0.000000 0.000000 1.000000
vn -0.035782 -0.077490 0.996351
vn 0.164253 0.046116 0.985340
vn 0.156897 0.057104 0.985963
vn 0.097121 -0.001518 0.995271
vn 0.142687 0.027511 0.989385
vn 0.156897 0.057104 0.985963
vn 0.115619 0.030378 0.992829
vn 0.132052 -0.124102 0.983443
vn 0.097121 -0.001518 0.995271
vn 0.115619 0.030378 0.992829
vn 0.016831 0.122961 0.992269
vn 0.044276 0.085913 0.995318
vn 0.132052 -0.124102 0.983443
vn 0.016831 0.122961 0.992269
vn 0.063529 0.117512 0.991037
vn 0.041010 0.083456 0.995667
vn 0.044276 0.085913 0.995318
vn 0.041010 0.083456 0.995667
vn 0.063529 0.117512 0.991037
vn 0.023668 0.148042 0.988698
vn 0.023875 0.000874 0.999715
vn 0.023668 0.148042 0.988698
vn -0.091358 0.179456 0.979515
vn -0.067835 -0.012422 0.997619
vn 0.023875 0.000874 0.999715
vn -0.067835 -0.012422 0.997619
vn -0.091358 0.179456 0.979515
vn -0.135306 0.103608 0.985372
vn -0.166429 0.069704 0.983587
vn -0.135306 0.103608 0.985372
vn -0.157161 0.043840 0.986600
vn -0.161692 0.040308 0.986018
vn -0.166429 0.069704 0.983587
vn 0.111705 -0.078579 0.990630
vn 0.179962 -0.057634 0.981984
vn 0.074721 -0.056209 0.995619
vn 0.016908 -0.108680 0.993933
vn 0.016908 -0.108680 0.993933
vn 0.074721 -0.056209 0.995619
vn 0.131899 -0.108078 0.985354
vn 0.147848 -0.129484 0.980497
vn 0.147848 -0.129484 0.980497
vn 0.131899 -0.108078 0.985354
vn 0.142540 -0.024121 0.989495
vn 0.137126 -0.235292 0.962203
vn 0.137126 -0.235292 0.962203
vn 0.142540 -0.024121 0.989495
vn -0.064982 -0.094824 0.993371
vn -0.023369 -0.145864 0.989029
vn -0.023369 -0.145864 0.989029
vn -0.064982 -0.094824 0.993371
vn -0.072035 -0.069847 0.994953
vn -0.042974 -0.181087 0.982528
vn -0.072035 -0.069847 0.994953
vn -0.045361 -0.105095 0.993427
vn -0.071222 -0.207078 0.975728
vn -0.042974 -0.181087 0.982528
vn -0.045361 -0.105095 0.993427
vn -0.136214 -0.191057 0.972082
vn -0.071759 -0.208365 0.975415
vn -0.071222 -0.207078 0.975728
vn -0.136214 -0.191057 0.972082
vn -0.204649 -0.016555 0.978695
vn -0.193844 -0.109908 0.974856
vn -0.071759 -0.208365 0.975415
vn 0.015563 -0.063816 0.997840
vn 0.038564 -0.012456 0.999178
vn 0.061827 -0.032459 0.997559
vn 0.060368 -0.059430 0.996405
vn 0.015563 -0.063816 0.997840
vn 0.093700 -0.096813 0.990882
vn 0.008726 -0.004133 0.999953
vn 0.038564 -0.012456 0.999178
vn 0.093700 -0.096813 0.990882
vn 0.168214 -0.297591 0.939757
vn 0.102191 -0.188642 0.976714
vn 0.008726 -0.004133 0.999953
vn 0.102191 -0.188642 0.976714
vn 0.168214 -0.297591 0.939757
vn 0.000828 -0.214583 0.976705
vn -0.009329 -0.179497 0.983714
vn -0.009329 -0.179497 0.983714
vn 0.000828 -0.214583 0.976705
vn -0.087699 -0.314335 0.945252
vn -0.035782 -0.077490 0.996351
vn -0.035782 -0.077490 0.996351
vn -0.087699 -0.314335 0.945252
vn -0.011666 -0.201398 0.979440
vn 0.000000 0.000000 1.000000
vn -0.011666 -0.201398 0.979440
vn -0.032212 -0.120974 0.992133
vn 0.000000 0.000000 1.000000
vn 0.000000 0.000000 1.000000
vn -0.032212 -0.120974 0.992133
vn -0.046945 -0.014028 0.998799
vn 0.000000 0.000000 1.000000
vn 0.000000 0.000000 1.000000
vn 0.098422 0.071072 0.992604
vn 0.055707 0.147881 0.987435
vn 0.106340 0.123596 0.986618
vn 0.055707 0.147881 0.987435
vn -0.022863 0.236240 0.971426
vn 0.038772 0.178960 0.983092
vn 0.106340 0.123596 0.986618
vn -0.022863 0.236240 0.971426
vn 0.091521 0.195239 0.976476
vn 0.064360 0.195249 0.978640
vn 0.038772 0.178960 0.983092
vn 0.091521 0.195239 0.976476
vn 0.021937 0.273062 0.961746
vn 0.037552 0.191258 0.980821
vn 0.064360 0.195249 0.978640
vn 0.037552 0.191258 0.980821
vn 0.021937 0.273062 0.961746
vn -0.019067 0.217411 0.975894
vn -0.039826 0.230184 0.972332
vn -0.039826 0.230184 0.972332
vn -0.019067 0.217411 0.975894
vn -0.010171 0.179219 0.983757
vn -0.047491 0.235334 0.970754
vn -0.047491 0.235334 0.970754
vn -0.010171 0.179219 0.983757
vn -0.038272 0.159929 0.986386
vn -0.050330 0.164828 0.985037
vn -0.050330 0.164828 0.985037
vn -0.038272 0.159929 0.986386
vn -0.065447 0.081422 0.994529
vn 0.000000 0.991895 -0.127058
vn 0.000000 0.991895 -0.127058
vn 0.000000 0.991895 -0.127058
vn 0.000000 0.991895 -0.127058
vn 0.926043 -0.000000 -0.377419
vn 0.926043 -0.000000 -0.377419
vn 0.926042 -0.000000 -0.377419
vn 0.926042 -0.000000 -0.377419
vn -0.926043 0.000000 -0.377419
vn -0.926043 0.000000 -0.377419
vn -0.926043 0.000000 -0.377419
vn -0.926043 0.000000 -0.377419
vn -0.000000 -0.994751 -0.102324
vn -0.000000 -0.994751 -0.102323
vn -0.000000 -0.994751 -0.102323
vn -0.000000 -0.994751 -0.102324
vn 0.923879 -0.382684 -0.000000
vn 0.923879 -0.382684 -0.000000
vn 0.923880 0.382683 -0.000000
vn 0.923880 0.382683 -0.000000
vn 0.382684 0.923879 -0.000000
vn 0.382684 0.923879 -0.000000
vn -0.382683 0.923880 0.000000
vn -0.382683 0.923880 0.000000
vn -0.923879 0.382684 0.000000
vn -0.923880 0.382684 0.000000
vn -0.923880 -0.382683 0.000000
vn -0.923880 -0.382683 0.000000
vn -0.382684 -0.923879 0.000000
vn -0.382684 -0.923879 0.000000
vn 0.382683 -0.923880 -0.000000
vn 0.382683 -0.923880 -0.000000
vn 0.382683 -0.923880 -0.000000
vn 0.382683 -0.923880 -0.000000
vn 0.923879 -0.382684 -0.000000
vn 0.923879 -0.382684 -0.000000
vn 0.382684 0.923879 -0.000000
vn 0.382684 0.923879 -0.000000
vn 0.923880 0.382682 -0.000001
vn 0.923880 0.382683 -0.000000
vn -0.923879 0.382684 0.000000
vn -0.923879 0.382684 0.000000
vn -0.382683 0.923880 0.000000
vn -0.382683 0.923880 0.000000
vn -0.382684 -0.923879 0.000000
vn -0.382683 -0.923880 0.000000
vn -0.923880 -0.382683 0.000001
vn -0.923880 -0.382683 0.000000
vn 0.923879 -0.382684 -0.000000
vn 0.923879 -0.382684 -0.000000
vn 0.923880 0.382683 -0.000000
vn 0.923880 0.382682 -0.000001
vn 0.382684 0.923879 -0.000000
vn 0.382684 0.923879 -0.000000
vn -0.382683 0.923880 0.000000
vn -0.382683 0.923880 0.000000
vn -0.923879 0.382684 0.000000
vn -0.923879 0.382684 0.000000
vn -0.923880 -0.382683 0.000000
vn -0.923880 -0.382683 0.000001
vn -0.382683 -0.923880 0.000000
vn -0.382684 -0.923879 0.000000
vn 0.382683 -0.923880 -0.000000
vn 0.382684 -0.923880 -0.000000
vn 0.382684 -0.923880 -0.000000
vn 0.382683 -0.923880 -0.000000
vn 0.923879 -0.382684 -0.000000
vn 0.923879 -0.382684 -0.000000
vn 0.382684 0.923879 -0.000000
vn 0.382684 0.923879 -0.000000
vn 0.923880 0.382683 -0.000000
vn 0.923880 0.382683 -0.000000
vn -0.923880 0.382684 0.000000
vn -0.923879 0.382684 0.000000
vn -0.382683 0.923880 0.000000
vn -0.382683 0.923880 0.000000
vn -0.382684 -0.923879 0.000000
vn -0.382684 -0.923879 0.000000
vn -0.923880 -0.382683 0.000000
vn -0.923880 -0.382683 0.000000
vn 0.000014 -0.000000 -1.000000
vn 0.000011 -0.000003 -1.000000
vn 0.000011 -0.000002 -1.000000
vn 0.000014 -0.000000 -1.000000
vn 0.000011 -0.000003 -1.000000
vn 0.000006 -0.000006 -1.000000
vn 0.000011 -0.000002 -1.000000
vn -0.000000 -0.000018 -1.000000
vn -0.000003 -0.000012 -1.000000
vn -0.000002 -0.000014 -1.000000
vn -0.000000 -0.000018 -1.000000
vn -0.000003 -0.000012 -1.000000
vn -0.000006 -0.000006 -1.000000
vn -0.000002 -0.000014 -1.000000
vn -0.000015 0.000000 -1.000000
vn -0.000011 0.000003 -1.000000
vn -0.000012 0.000002 -1.000000
vn -0.000015 0.000000 -1.000000
vn -0.000011 0.000003 -1.000000
vn -0.000006 0.000006 -1.000000
vn -0.000012 0.000002 -1.000000
vn 0.000000 0.000019 -1.000000
vn 0.000000 0.000019 -1.000000
vn 0.000000 0.000019 -1.000000
vn 0.000000 0.000019 -1.000000
vn 0.000006 0.000006 -1.000000
vn 0.000006 0.000006 -1.000000
vn 0.000006 0.000006 -1.000000
vn -0.906591 -0.396039 -0.145757
vn -0.690658 0.713232 -0.119550
vn -0.704758 0.706043 -0.069423
vn -0.687187 0.724261 -0.056744
vn -0.918298 -0.390011 -0.067974
vn 0.199404 -0.979121 0.039495
vn -0.361974 -0.930819 -0.050514
vn -0.366937 -0.929878 -0.026143
vn 0.200757 -0.979266 0.027120
vn 0.674287 -0.732998 0.089728
vn 0.689685 -0.712986 0.126436
vn 0.544887 -0.832099 0.103486
vn 0.535028 -0.841853 0.070916
vn 0.689685 -0.712986 0.126436
vn 0.701258 -0.681468 0.209377
vn 0.558506 -0.810570 0.176201
vn 0.544887 -0.832099 0.103486
vn 0.701258 -0.681468 0.209377
vn 0.687316 -0.653281 0.317524
vn 0.550955 -0.790411 0.267766
vn 0.558506 -0.810570 0.176201
vn 0.687316 -0.653281 0.317524
vn 0.628018 -0.642414 0.439200
vn 0.500762 -0.786126 0.362275
vn 0.550955 -0.790411 0.267766
vn 0.628018 -0.642414 0.439200
vn 0.561020 -0.575471 0.595054
vn 0.449179 -0.748727 0.487490
vn 0.500762 -0.786126 0.362275
vn 0.561020 -0.575471 0.595054
vn 0.442458 -0.504596 0.741359
vn 0.358013 -0.701787 0.615891
vn 0.449179 -0.748727 0.487490
vn 0.442458 -0.504596 0.741359
vn 0.244845 -0.483178 0.840589
vn 0.196055 -0.685108 0.701562
vn 0.358013 -0.701787 0.615891
vn 0.244845 -0.483178 0.840589
vn -0.011039 -0.473221 0.880875
vn -0.009886 -0.678788 0.734267
vn 0.196055 -0.685108 0.701562
vn -0.011039 -0.473221 0.880875
vn -0.245302 -0.477377 0.843764
vn -0.197832 -0.683259 0.702865
vn -0.009886 -0.678788 0.734267
vn -0.245302 -0.477377 0.843764
vn -0.435074 -0.502599 0.747064
vn -0.350487 -0.693869 0.629051
vn -0.197832 -0.683259 0.702865
vn -0.435074 -0.502599 0.747064
vn -0.543486 -0.577793 0.608916
vn -0.441392 -0.740501 0.506785
vn -0.350487 -0.693869 0.629051
vn -0.543486 -0.577793 0.608916
vn -0.615316 -0.644421 0.453991
vn -0.495028 -0.783269 0.376081
vn -0.441392 -0.740501 0.506785
vn -0.615316 -0.644421 0.453991
vn -0.685026 -0.652543 0.323923
vn -0.547530 -0.791668 0.271057
vn -0.495028 -0.783269 0.376081
vn -0.685026 -0.652543 0.323923
vn -0.695006 -0.688621 0.206806
vn -0.557741 -0.809962 0.181348
vn -0.547530 -0.791668 0.271057
vn -0.695006 -0.688621 0.206806
vn -0.682783 -0.720856 0.119052
vn -0.544208 -0.832974 0.099961
vn -0.557741 -0.809962 0.181348
vn -0.682783 -0.720856 0.119052
vn -0.665887 -0.739562 0.098200
vn -0.536426 -0.840626 0.074800
vn -0.544208 -0.832974 0.099961
vn 0.684458 0.718446 -0.123906
vn 0.664817 0.721931 -0.191921
vn 0.876490 -0.389318 -0.283191
vn 0.910522 -0.387929 -0.143044
vn 0.629906 0.739880 -0.236211
vn 0.606396 0.718714 -0.340197
vn 0.817806 -0.387922 -0.425101
vn 0.876490 -0.389318 -0.283191
vn 0.664817 0.721931 -0.191921
vn 0.606396 0.718714 -0.340197
vn 0.550444 0.726804 -0.410814
vn 0.728305 -0.391742 -0.562236
vn 0.817806 -0.387922 -0.425101
vn 0.506263 0.725718 -0.465866
vn 0.436524 0.725128 -0.532576
vn 0.601893 -0.391964 -0.695765
vn 0.728305 -0.391742 -0.562236
vn 0.550444 0.726804 -0.410814
vn 0.436524 0.725128 -0.532576
vn 0.321011 0.734103 -0.598369
vn 0.435736 -0.394748 -0.808893
vn 0.601893 -0.391964 -0.695765
vn 0.321011 0.734103 -0.598369
vn 0.167804 0.736355 -0.655456
vn 0.229023 -0.395940 -0.889258
vn 0.435736 -0.394748 -0.808893
vn 0.167804 0.736355 -0.655456
vn -0.001952 0.735994 -0.676986
vn -0.000010 -0.396342 -0.918103
vn 0.229023 -0.395940 -0.889258
vn -0.001952 0.735994 -0.676986
vn -0.168788 0.736129 -0.655458
vn -0.227302 -0.395829 -0.889749
vn -0.000010 -0.396342 -0.918103
vn -0.168788 0.736129 -0.655458
vn -0.321011 0.734103 -0.598369
vn -0.434457 -0.394919 -0.809497
vn -0.227302 -0.395829 -0.889749
vn -0.321011 0.734103 -0.598369
vn -0.440065 0.729365 -0.523803
vn -0.602597 -0.393259 -0.694424
vn -0.434457 -0.394919 -0.809497
vn -0.499631 0.724556 -0.474750
vn -0.558561 0.723769 -0.405175
vn -0.727076 -0.390781 -0.564492
vn -0.602597 -0.393259 -0.694424
vn -0.440065 0.729365 -0.523803
vn -0.558561 0.723769 -0.405175
vn -0.617496 0.724529 -0.306197
vn -0.817017 -0.392634 -0.422281
vn -0.727076 -0.390781 -0.564492
vn -0.663640 0.706538 -0.245737
vn -0.676140 0.711003 -0.193157
vn -0.874940 -0.396922 -0.277367
vn -0.817017 -0.392634 -0.422281
vn -0.617496 0.724529 -0.306197
vn -0.676140 0.711003 -0.193157
vn -0.690658 0.713232 -0.119550
vn -0.906591 -0.396039 -0.145757
vn -0.874940 -0.396922 -0.277367
vn -0.004649 -0.957670 0.287830
vn -0.077073 -0.959283 0.271726
vn 0.087750 -0.934953 -0.343747
vn -0.000187 -0.935332 -0.353772
vn -0.077073 -0.959283 0.271726
vn -0.136403 -0.960742 0.241599
vn 0.167024 -0.934238 -0.315121
vn 0.087750 -0.934953 -0.343747
vn 0.074438 -0.958623 0.274773
vn -0.004649 -0.957670 0.287830
vn -0.000187 -0.935332 -0.353772
vn -0.090464 -0.935000 -0.342914
vn -0.136403 -0.960742 0.241599
vn -0.165793 -0.968459 0.186010
vn 0.235227 -0.933334 -0.271212
vn 0.167024 -0.934238 -0.315121
vn -0.165793 -0.968459 0.186010
vn -0.185967 -0.972737 0.138557
vn 0.286958 -0.932521 -0.219226
vn 0.235227 -0.933334 -0.271212
vn -0.185967 -0.972737 0.138557
vn -0.201414 -0.973984 0.103865
vn 0.324075 -0.932039 -0.162107
vn 0.286958 -0.932521 -0.219226
vn -0.201414 -0.973984 0.103865
vn -0.205877 -0.976036 0.070483
vn 0.347800 -0.931578 -0.105820
vn 0.324075 -0.932039 -0.162107
vn -0.205877 -0.976036 0.070483
vn -0.195621 -0.979993 0.036676
vn 0.361385 -0.930979 -0.051757
vn 0.347800 -0.931578 -0.105820
vn -0.195621 -0.979993 0.036676
vn -0.198124 -0.979859 0.024962
vn 0.366025 -0.930199 -0.027501
vn 0.361385 -0.930979 -0.051757
vn 0.074438 -0.958623 0.274773
vn -0.090464 -0.935000 -0.342914
vn -0.169218 -0.934165 -0.314167
vn 0.142610 -0.960572 0.238670
vn 0.174163 -0.967330 0.184229
vn 0.142610 -0.960572 0.238670
vn -0.169218 -0.934165 -0.314167
vn -0.234266 -0.933334 -0.272044
vn 0.174163 -0.967330 0.184229
vn -0.234266 -0.933334 -0.272044
vn -0.288400 -0.932419 -0.217763
vn 0.185006 -0.972872 0.138902
vn 0.204397 -0.973655 0.101084
vn 0.185006 -0.972872 0.138902
vn -0.288400 -0.932419 -0.217763
vn -0.324795 -0.931413 -0.164247
vn 0.204397 -0.973655 0.101084
vn -0.324795 -0.931413 -0.164247
vn -0.348645 -0.930931 -0.108690
vn 0.205440 -0.976433 0.066126
vn 0.199404 -0.979121 0.039495
vn 0.205440 -0.976433 0.066126
vn -0.348645 -0.930931 -0.108690
vn -0.361974 -0.930819 -0.050514
vn 0.686233 0.725878 -0.046752
vn 0.684458 0.718446 -0.123906
vn 0.910522 -0.387929 -0.143044
vn 0.918588 -0.389069 -0.069431
vn 0.692916 0.720296 -0.032264
vn 0.200757 -0.979266 0.027120
vn 0.535028 -0.841853 0.070916
vn 0.544887 -0.832099 0.103486
vn 0.199404 -0.979121 0.039495
vn 0.199404 -0.979121 0.039495
vn 0.544887 -0.832099 0.103486
vn 0.558506 -0.810570 0.176201
vn 0.205440 -0.976433 0.066126
vn 0.205440 -0.976433 0.066126
vn 0.558506 -0.810570 0.176201
vn 0.550955 -0.790411 0.267766
vn 0.204397 -0.973655 0.101084
vn 0.204397 -0.973655 0.101084
vn 0.550955 -0.790411 0.267766
vn 0.500762 -0.786126 0.362275
vn 0.185006 -0.972872 0.138902
vn 0.185006 -0.972872 0.138902
vn 0.500762 -0.786126 0.362275
vn 0.449179 -0.748727 0.487490
vn 0.174163 -0.967330 0.184229
vn 0.174163 -0.967330 0.184229
vn 0.449179 -0.748727 0.487490
vn 0.358013 -0.701787 0.615891
vn 0.142610 -0.960572 0.238670
vn 0.142610 -0.960572 0.238670
vn 0.358013 -0.701787 0.615891
vn 0.196055 -0.685108 0.701562
vn 0.074438 -0.958623 0.274773
vn 0.074438 -0.958623 0.274773
vn 0.196055 -0.685108 0.701562
vn -0.009886 -0.678788 0.734267
vn -0.004649 -0.957670 0.287830
vn -0.004649 -0.957670 0.287830
vn -0.009886 -0.678788 0.734267
vn -0.197832 -0.683259 0.702865
vn -0.077073 -0.959283 0.271726
vn -0.077073 -0.959283 0.271726
vn -0.197832 -0.683259 0.702865
vn -0.350487 -0.693869 0.629051
vn -0.136403 -0.960742 0.241599
vn -0.136403 -0.960742 0.241599
vn -0.350487 -0.693869 0.629051
vn -0.441392 -0.740501 0.506785
vn -0.165793 -0.968459 0.186010
vn -0.165793 -0.968459 0.186010
vn -0.441392 -0.740501 0.506785
vn -0.495028 -0.783269 0.376081
vn -0.185967 -0.972737 0.138557
vn -0.185967 -0.972737 0.138557
vn -0.495028 -0.783269 0.376081
vn -0.547530 -0.791668 0.271057
vn -0.201414 -0.973984 0.103865
vn -0.201414 -0.973984 0.103865
vn -0.547530 -0.791668 0.271057
vn -0.557741 -0.809962 0.181348
vn -0.205877 -0.976036 0.070483
vn -0.205877 -0.976036 0.070483
vn -0.557741 -0.809962 0.181348
vn -0.544208 -0.832974 0.099961
vn -0.195621 -0.979993 0.036676
vn -0.195621 -0.979993 0.036676
vn -0.544208 -0.832974 0.099961
vn -0.536426 -0.840626 0.074800
vn -0.198124 -0.979859 0.024962
vn -0.361974 -0.930819 -0.050514
vn -0.906591 -0.396039 -0.145757
vn -0.918298 -0.390011 -0.067974
vn -0.366937 -0.929878 -0.026143
vn 0.366025 -0.930199 -0.027501
vn 0.918588 -0.389069 -0.069431
vn 0.910522 -0.387929 -0.143044
vn 0.361385 -0.930979 -0.051757
vn 0.361385 -0.930979 -0.051757
vn 0.910522 -0.387929 -0.143044
vn 0.876490 -0.389318 -0.283191
vn 0.347800 -0.931578 -0.105820
vn 0.347800 -0.931578 -0.105820
vn 0.876490 -0.389318 -0.283191
vn 0.817806 -0.387922 -0.425101
vn 0.324075 -0.932039 -0.162107
vn 0.324075 -0.932039 -0.162107
vn 0.817806 -0.387922 -0.425101
vn 0.728305 -0.391742 -0.562236
vn 0.286958 -0.932521 -0.219226
vn 0.286958 -0.932521 -0.219226
vn 0.728305 -0.391742 -0.562236
vn 0.601893 -0.391964 -0.695765
vn 0.235227 -0.933334 -0.271212
vn 0.235227 -0.933334 -0.271212
vn 0.601893 -0.391964 -0.695765
vn 0.435736 -0.394748 -0.808893
vn 0.167024 -0.934238 -0.315121
vn 0.167024 -0.934238 -0.315121
vn 0.435736 -0.394748 -0.808893
vn 0.229023 -0.395940 -0.889258
vn 0.087750 -0.934953 -0.343747
vn 0.087750 -0.934953 -0.343747
vn 0.229023 -0.395940 -0.889258
vn -0.000010 -0.396342 -0.918103
vn -0.000187 -0.935332 -0.353772
vn -0.000187 -0.935332 -0.353772
vn -0.000010 -0.396342 -0.918103
vn -0.227302 -0.395829 -0.889749
vn -0.090464 -0.935000 -0.342914
vn -0.090464 -0.935000 -0.342914
vn -0.227302 -0.395829 -0.889749
vn -0.434457 -0.394919 -0.809497
vn -0.169218 -0.934165 -0.314167
vn -0.169218 -0.934165 -0.314167
vn -0.434457 -0.394919 -0.809497
vn -0.602597 -0.393259 -0.694424
vn -0.234266 -0.933334 -0.272044
vn -0.234266 -0.933334 -0.272044
vn -0.602597 -0.393259 -0.694424
vn -0.727076 -0.390781 -0.564492
vn -0.288400 -0.932419 -0.217763
vn -0.288400 -0.932419 -0.217763
vn -0.727076 -0.390781 -0.564492
vn -0.817017 -0.392634 -0.422281
vn -0.324795 -0.931413 -0.164247
vn -0.324795 -0.931413 -0.164247
vn -0.817017 -0.392634 -0.422281
vn -0.874940 -0.396922 -0.277367
vn -0.348645 -0.930931 -0.108690
vn -0.348645 -0.930931 -0.108690
vn -0.874940 -0.396922 -0.277367
vn -0.906591 -0.396039 -0.145757
vn -0.361974 -0.930819 -0.050514
vn -0.923879 0.382684 0.000000
vn -0.977995 -0.208628 -0.000220
vn -0.979106 -0.203348 -0.000424
vn -0.923879 0.382684 0.000000
vn -0.191682 -0.981457 0.000241
vn 0.201073 -0.979576 -0.000317
vn 0.193186 -0.981162 -0.000617
vn -0.197616 -0.980279 0.000437
vn 0.980928 -0.194370 0.000328
vn 0.923880 0.382683 -0.000001
vn 0.923880 0.382683 -0.000000
vn 0.979356 -0.202144 0.000589
vn 0.000000 1.000000 -0.000000
vn 0.000000 1.000000 -0.000000
vn 0.000000 1.000000 -0.000000
vn 0.000000 1.000000 -0.000000
vn -0.707107 0.707107 0.000000
vn -0.923879 0.382684 0.000000
vn -0.923879 0.382684 0.000000
vn -0.707106 0.707107 0.000000
vn -0.191682 -0.981457 0.000241
vn -0.695211 -0.718806 0.000022
vn -0.687845 -0.725858 0.000001
vn -0.186456 -0.982463 0.000000
vn 0.980928 -0.194370 0.000328
vn 0.711324 -0.702865 0.000010
vn 0.721226 -0.692699 -0.000000
vn 0.982285 -0.187392 -0.000001
vn 0.707107 0.707106 -0.000000
vn 0.923880 0.382683 -0.000001
vn 0.923880 0.382683 -0.000001
vn 0.707107 0.707107 -0.000001
vn -0.923879 0.382684 0.000001
vn -0.977097 -0.212794 0.000001
vn -0.977995 -0.208628 -0.000220
vn -0.923879 0.382684 0.000000
vn -0.186456 -0.982463 0.000000
vn 0.207165 -0.978306 0.000000
vn 0.201073 -0.979576 -0.000317
vn -0.191682 -0.981457 0.000241
vn 0.982285 -0.187392 -0.000001
vn 0.923880 0.382683 -0.000001
vn 0.923880 0.382683 -0.000001
vn 0.980928 -0.194370 0.000328
vn 0.000000 1.000000 -0.000000
vn 0.000000 1.000000 -0.000000
vn 0.000000 1.000000 -0.000000
vn 0.000000 1.000000 -0.000000
vn -0.707107 0.707107 0.000000
vn -0.923879 0.382684 0.000001
vn -0.923879 0.382684 0.000000
vn -0.707107 0.707107 0.000000
vn -0.197616 -0.980279 0.000437
vn -0.703758 -0.710440 0.000012
vn -0.695211 -0.718806 0.000022
vn -0.191682 -0.981457 0.000241
vn 0.979356 -0.202144 0.000589
vn 0.699488 -0.714645 -0.000035
vn 0.711324 -0.702865 0.000010
vn 0.980928 -0.194370 0.000328
vn 0.707107 0.707106 -0.000000
vn 0.923880 0.382683 -0.000000
vn 0.923880 0.382683 -0.000001
vn 0.707107 0.707106 -0.000000
vn -0.979106 -0.203348 -0.000424
vn -0.977995 -0.208628 -0.000220
vn -0.695211 -0.718806 0.000022
vn -0.703758 -0.710440 0.000012
vn -0.977995 -0.208628 -0.000220
vn -0.977097 -0.212794 0.000001
vn -0.687845 -0.725858 0.000001
vn -0.695211 -0.718806 0.000022
vn 0.193186 -0.981162 -0.000617
vn 0.201073 -0.979576 -0.000317
vn 0.711324 -0.702865 0.000010
vn 0.699488 -0.714645 -0.000035
vn 0.201073 -0.979576 -0.000317
vn 0.207165 -0.978306 0.000000
vn 0.721226 -0.692699 -0.000000
vn 0.711324 -0.702865 0.000010
vn 0.001439 0.999998 -0.000990
vn 0.000000 0.999922 -0.012460
vn 0.000122 0.999934 -0.011486
vn 0.001563 0.999999 0.000000
vn 0.000000 1.000000 0.000000
vn 0.000000 1.000000 0.000000
vn 0.000000 1.000000 0.000000
vn 0.000000 1.000000 0.000000
vn 0.000000 1.000000 0.000000
vn 0.000000 1.000000 0.000000
vn 0.000000 1.000000 0.000000
vn 0.000000 1.000000 0.000000
vn 0.000000 1.000000 0.000000
vn 0.000000 1.000000 0.000000
vn 0.000000 1.000000 0.000000
vn 0.000000 1.000000 0.000000
vn 0.000000 1.000000 0.000000
vn 0.000000 1.000000 0.000000
vn 0.000000 1.000000 0.000000
vn 0.000000 1.000000 0.000000
vn 0.000000 1.000000 -0.000000
vn 0.000000 1.000000 0.000000
vn 0.000000 1.000000 0.000000
vn 0.000000 1.000000 -0.000000
vn 0.000000 1.000000 -0.000232
vn 0.000000 1.000000 -0.000232
vn 0.000000 1.000000 -0.000232
vn 0.000000 1.000000 -0.000232
vn 0.000000 1.000000 -0.000232
vn 0.000000 1.000000 -0.000232
vn 0.000000 1.000000 -0.000232
vn 0.000000 1.000000 -0.000232
vn 0.000000 1.000000 -0.000232
vn 0.000000 1.000000 -0.000232
vn 0.000000 1.000000 -0.000232
vn 0.005450 0.002617 0.999982
vn 0.006173 0.001755 0.999979
vn 0.006170 -0.001755 0.999979
vn 0.004695 -0.002255 0.999986
vn -0.004697 -0.002256 0.999986
vn -0.006170 -0.001755 0.999979
vn -0.006170 0.001755 0.999979
vn -0.005448 0.002616 0.999982
vn 0.002239 -0.004662 0.999987
vn 0.001755 -0.006170 0.999979
vn -0.001755 -0.006170 0.999979
vn -0.002247 -0.004679 0.999987
vn -0.002617 0.005448 0.999982
vn -0.001756 0.006169 0.999979
vn 0.001755 0.006172 0.999979
vn 0.002617 0.005450 0.999982
vn 0.005450 0.002617 0.999982
vn 0.002617 0.005450 0.999982
vn 0.001755 0.006172 0.999979
vn 0.006173 0.001755 0.999979
vn -0.002617 0.005448 0.999982
vn -0.005448 0.002616 0.999982
vn -0.006170 0.001755 0.999979
vn -0.001756 0.006169 0.999979
vn 0.002239 -0.004662 0.999987
vn 0.000000 0.000000 1.000000
vn 0.004695 -0.002255 0.999986
vn 0.006170 -0.001755 0.999979
vn 0.001755 -0.006170 0.999979
vn -0.004697 -0.002256 0.999986
vn 0.000000 0.000000 1.000000
vn -0.002247 -0.004679 0.999987
vn -0.001755 -0.006170 0.999979
vn -0.006170 -0.001755 0.999979
vn -0.949591 0.000000 -0.313490
vn -0.949592 0.000000 0.313490
vn -0.949592 0.000000 0.313489
vn -0.949592 0.000000 -0.313488
vn -0.000000 -0.925686 -0.378292
vn -0.000000 -0.954794 0.297268
vn -0.000000 -0.972241 0.233984
vn -0.000000 -0.951352 -0.308107
vn 0.949591 -0.000000 -0.313493
vn 0.949592 -0.000000 0.313489
vn 0.967516 0.000000 0.252809
vn 0.973662 0.000000 -0.227998
vn 0.000000 0.000000 1.000000
vn 0.000000 0.000000 1.000000
vn 0.000000 0.000000 1.000000
vn 0.000000 0.000000 1.000000
vn -0.949592 0.000000 0.313489
vn -0.949592 0.000000 0.313490
vn -0.803448 0.000000 0.595375
vn -0.803448 0.000000 0.595375
vn -0.000000 -0.823263 0.567660
vn -0.000000 -0.972241 0.233984
vn -0.000000 -0.954794 0.297268
vn -0.000000 -0.823264 0.567659
vn 0.803448 0.000000 0.595374
vn 0.967516 0.000000 0.252809
vn 0.949592 -0.000000 0.313489
vn 0.803448 -0.000000 0.595374
vn 0.949591 -0.000000 -0.313493
vn 0.803445 -0.000000 -0.595379
vn 0.803445 0.000000 -0.595379
vn 0.949591 0.000000 -0.313493
vn -0.000000 -0.438278 -0.898839
vn -0.000000 -0.951351 -0.308108
vn -0.000000 -0.925686 -0.378292
vn -0.000000 -0.387066 -0.922052
vn -0.803446 0.000000 -0.595377
vn -0.973662 0.000000 -0.227997
vn -0.949591 0.000000 -0.313492
vn -0.803446 0.000000 -0.595377
vn -0.000000 -0.925686 -0.378292
vn -0.000000 -0.954794 0.297268
vn -0.000000 -0.954794 0.297268
vn -0.000000 -0.925686 -0.378292
vn 0.000000 0.000000 1.000000
vn 0.000000 0.000000 1.000000
vn 0.000000 0.000000 1.000000
vn 0.000000 0.000000 1.000000
vn -0.000000 -0.954794 0.297268
vn -0.000000 -0.823264 0.567659
vn -0.000000 -0.823263 0.567660
vn -0.000000 -0.954794 0.297268
vn -0.000000 -0.925686 -0.378292
vn -0.000000 -0.387066 -0.922052
vn -0.000000 -0.387066 -0.922052
vn -0.000000 -0.925686 -0.378292
vn -0.000000 -0.925686 -0.378292
vn -0.000000 -0.954794 0.297268
vn -0.000000 -0.954794 0.297268
vn -0.000000 -0.925686 -0.378292
vn 0.000000 0.000000 1.000000
vn 0.000000 0.000000 1.000000
vn 0.000000 0.000000 1.000000
vn 0.000000 0.000000 1.000000
vn -0.000000 -0.438280 -0.898839
vn 0.000000 0.000000 -1.000000
vn 0.000000 0.000000 -1.000000
vn -0.000000 -0.387066 -0.922052
vn -0.000000 -0.954794 0.297268
vn -0.000000 -0.823263 0.567660
vn -0.000000 -0.823264 0.567659
vn -0.000000 -0.954794 0.297268
vn -0.000000 -0.925686 -0.378292
vn -0.000000 -0.951352 -0.308107
vn -0.000000 -0.438280 -0.898839
vn -0.000000 -0.387066 -0.922052
vn -0.000000 -0.925686 -0.378292
vn -0.000000 -0.387066 -0.922052
vn -0.000000 -0.387066 -0.922052
vn -0.000000 -0.925686 -0.378292
vn -0.000000 -0.951351 -0.308108
vn -0.000000 -0.972241 0.233983
vn -0.000000 -0.954794 0.297268
vn -0.000000 -0.925686 -0.378292
vn 0.000000 0.000000 1.000000
vn 0.000000 0.000000 1.000000
vn 0.000000 0.000000 1.000000
vn 0.000000 0.000000 1.000000
vn -0.000000 -0.954794 0.297268
vn -0.000000 -0.972241 0.233983
vn -0.000000 -0.823264 0.567659
vn -0.000000 -0.823264 0.567659
vn -0.973662 0.000000 -0.227997
vn -0.967516 0.000000 0.252810
vn -0.949592 0.000000 0.313490
vn -0.949591 0.000000 -0.313492
vn 0.949591 -0.000000 -0.313493
vn 0.949592 -0.000000 0.313489
vn 0.949592 -0.000000 0.313489
vn 0.949591 -0.000000 -0.313493
vn 0.000000 0.000000 1.000000
vn 0.000000 0.000000 1.000000
vn 0.000000 0.000000 1.000000
vn 0.000000 0.000000 1.000000
vn -0.000000 -0.387066 -0.922052
vn -0.000000 -0.387066 -0.922052
vn 0.000000 0.000000 -1.000000
vn 0.000000 0.000000 -1.000000
vn -0.949592 0.000000 0.313490
vn -0.967516 0.000000 0.252810
vn -0.803448 0.000000 0.595374
vn -0.803448 0.000000 0.595374
vn 0.949592 -0.000000 0.313489
vn 0.803448 -0.000000 0.595374
vn 0.803448 -0.000000 0.595374
vn 0.949592 -0.000000 0.313489
vn 0.949591 -0.000000 -0.313493
vn 0.973662 0.000000 -0.227998
vn 0.803445 0.000000 -0.595379
vn 0.803445 -0.000000 -0.595379
vn -0.949591 0.000000 -0.313490
vn -0.803448 0.000000 -0.595374
vn -0.803446 0.000000 -0.595377
vn -0.949591 0.000000 -0.313492
vn 0.000000 0.000000 1.000000
vn 0.000000 0.000000 1.000000
vn 0.000000 0.000000 1.000000
vn 0.000000 0.000000 1.000000
vn -0.000000 -0.387066 -0.922052
vn -0.000000 -0.387066 -0.922052
vn 0.000000 0.000000 -1.000000
vn 0.000000 0.000000 -1.000000
vn 0.000000 0.000000 1.000000
vn 0.000000 0.000000 1.000000
vn 0.000000 0.000000 1.000000
vn 0.000000 0.000000 1.000000
vn 0.000000 0.000000 -1.000000
vn 0.000000 0.000000 -1.000000
vn 0.000000 0.000000 -1.000000
vn 0.000000 0.000000 -1.000000
vn 0.000000 0.000000 1.000000
vn 0.000000 0.000000 1.000000
vn 0.000000 0.000000 1.000000
vn 0.000000 0.000000 1.000000
vn -0.000000 -0.438278 -0.898839
vn -0.000000 -0.387066 -0.922052
vn 0.000000 0.000000 -1.000000
vn 0.000000 0.000000 -1.000000
vn -0.949591 0.000000 -0.313492
vn -0.949592 0.000000 0.313490
vn -0.949592 0.000000 0.313490
vn -0.949591 0.000000 -0.313490
vn 0.000000 0.000000 1.000000
vn 0.000000 0.000000 1.000000
vn 0.000000 0.000000 1.000000
vn 0.000000 0.000000 1.000000
vn -0.949592 0.000000 0.313490
vn -0.803448 0.000000 0.595374
vn -0.803448 0.000000 0.595375
vn -0.949592 0.000000 0.313490
vn 0.949591 -0.000000 -0.313493
vn 0.803445 -0.000000 -0.595379
vn 0.803445 -0.000000 -0.595379
vn 0.949591 -0.000000 -0.313493
vn 0.000000 0.000000 1.000000
vn 0.000000 0.000000 1.000000
vn 0.000000 0.000000 1.000000
vn 0.000000 0.000000 1.000000
vn 0.000000 0.000000 -1.000000
vn 0.000000 0.000000 -1.000000
vn 0.000000 0.000000 -1.000000
vn 0.000000 0.000000 -1.000000
vn 0.949591 0.000000 -0.313493
vn 0.949592 0.000000 0.313489
vn 0.949592 -0.000000 0.313489
vn 0.949591 -0.000000 -0.313493
vn -0.949592 0.000000 -0.313488
vn -0.803453 0.000000 -0.595369
vn -0.803448 0.000000 -0.595374
vn -0.949591 0.000000 -0.313490
vn 0.000000 0.000000 1.000000
vn 0.000000 0.000000 1.000000
vn 0.000000 0.000000 1.000000
vn 0.000000 0.000000 1.000000
vn 0.000000 0.000000 -1.000000
vn 0.000000 0.000000 -1.000000
vn 0.000000 0.000000 -1.000000
vn 0.000000 0.000000 -1.000000
vn 0.000000 0.000000 1.000000
vn 0.000000 0.000000 1.000000
vn 0.000000 0.000000 1.000000
vn 0.000000 0.000000 1.000000
vn 0.803448 0.000000 0.595374
vn 0.803448 -0.000000 0.595374
vn 0.949592 -0.000000 0.313489
vn 0.949592 0.000000 0.313489
vn 0.000000 0.000000 -1.000000
vn 0.000000 0.000000 -1.000000
vn 0.000000 0.000000 -1.000000
vn 0.000000 0.000000 -1.000000
vn 0.000000 1.000000 0.000000
vn 0.000000 1.000000 0.000000
vn 0.000000 1.000000 0.000000
vn 0.000000 1.000000 0.000000
vn 0.000000 1.000000 0.000000
vn 0.000000 1.000000 0.000000
vn 0.000000 1.000000 0.000000
vn 0.000000 1.000000 0.000000
vn 0.000000 1.000000 0.000000
vn 0.000000 1.000000 0.000000
vn 0.000000 1.000000 0.000000
vn 0.000000 1.000000 0.000000
vn 0.000000 1.000000 0.000000
vn 0.000000 1.000000 0.000000
vn -0.440065 0.729365 -0.523803
vn -0.321011 0.734103 -0.598369
vn 0.000000 1.000000 0.000000
vn 0.000000 1.000000 0.000000
vn -0.499631 0.724556 -0.474750
vn -0.440065 0.729365 -0.523803
vn 0.000000 1.000000 0.000000
vn 0.000000 1.000000 0.000000
vn -0.001952 0.735994 -0.676986
vn 0.167804 0.736355 -0.655456
vn 0.321011 0.734103 -0.598369
vn 0.000000 1.000000 0.000000
vn 0.167804 0.736355 -0.655456
vn 0.000000 1.000000 0.000000
vn 0.506263 0.725718 -0.465866
vn 0.550444 0.726804 -0.410814
vn 0.000000 1.000000 0.000000
vn -0.617496 0.724529 -0.306197
vn -0.558561 0.723769 -0.405175
vn 0.000001 0.000001 -1.000000
vn -0.000000 0.000000 -1.000000
vn 0.000000 0.000000 -1.000000
vn 0.000000 0.000001 -1.000000
vn -0.014505 -0.999778 -0.015277
vn -0.000530 -0.999971 -0.007543
vn -0.004045 -0.999709 -0.023774
vn -0.009733 -0.997866 -0.064560
vn -0.010723 -0.999720 -0.021086
vn -0.004045 -0.999709 -0.023774
vn -0.010723 -0.999720 -0.021086
vn -0.014505 -0.999778 -0.015277
vn -0.004045 -0.999709 -0.023774
vn 0.684458 0.718446 -0.123906
vn 0.686233 0.725878 -0.046752
vn 0.000000 1.000000 0.000000
vn 0.664817 0.721931 -0.191921
vn 0.684458 0.718446 -0.123906
vn 0.000000 1.000000 0.000000
vn 0.606396 0.718714 -0.340197
vn 0.629906 0.739880 -0.236211
vn 0.000000 1.000000 0.000000
vn 0.000001 -1.000000 0.000000
vn 0.000000 -1.000000 0.000000
vn 0.000001 -1.000000 0.000001
vn -0.280226 -0.959934 0.000242
vn -0.000001 -1.000000 0.000000
vn -0.000001 -1.000000 -0.000000
vn 0.278945 -0.960307 -0.000426
vn -0.000000 -0.000001 -1.000000
vn 0.000000 -0.000000 -1.000000
vn 0.000000 0.000000 -1.000000
vn -0.000000 -0.000000 -1.000000
vn 0.000000 -1.000000 -0.000013
vn 0.000000 -1.000000 0.000002
vn 0.032372 -0.999117 0.026781
vn 0.004009 -0.999991 -0.001458
vn 0.000001 -1.000000 0.000000
vn 0.032372 -0.999117 0.026781
vn 0.150181 -0.984841 0.086802
vn 0.000001 -1.000000 0.000000
vn 0.000000 -1.000000 -0.000013
vn 0.032372 -0.999117 0.026781
vn 0.000000 0.000000 -1.000000
vn -0.000000 -0.000000 -1.000000
vn -0.000000 -0.000000 -1.000000
vn 0.000000 0.000000 -1.000000
vn 0.000000 0.000000 -1.000000
vn -0.000000 -0.000000 -1.000000
vn -0.000000 -0.000000 -1.000000
vn -0.000000 -0.000000 -1.000000
vn 0.019769 -0.999082 0.038004
vn 0.004450 -0.999981 -0.004370
vn 0.020737 -0.999777 -0.003985
vn 0.032950 -0.999455 -0.001954
vn 0.034827 -0.999392 -0.001419
vn -0.676140 0.711003 -0.193157
vn -0.663640 0.706538 -0.245737
vn 0.000000 1.000000 0.000000
vn -0.690658 0.713232 -0.119550
vn -0.676140 0.711003 -0.193157
vn 0.000000 1.000000 0.000000
vn -0.085861 -0.995798 -0.031835
vn -0.060277 -0.998100 -0.012763
vn 0.251032 -0.967970 -0.004143
vn -0.060277 -0.998100 -0.012763
vn -0.058928 -0.998226 -0.008522
vn 0.251032 -0.967970 -0.004143
vn 0.066735 -0.997712 -0.010854
vn 0.058687 -0.998101 -0.018687
vn 0.067968 -0.997607 -0.012647
vn 0.058687 -0.998101 -0.018687
vn 0.056982 -0.998095 -0.023661
vn 0.067968 -0.997607 -0.012647
vn 0.000000 0.000000 1.000000
vn 0.000000 0.000000 1.000000
vn 0.000000 0.000000 1.000000
vn 0.000000 0.000000 1.000000
vn 0.000000 0.000000 1.000000
vn 0.000000 0.000000 1.000000
vn 0.000000 0.000000 1.000000
vn 0.000000 0.000000 1.000000
vn 0.000000 0.000000 1.000000
vn 0.000000 0.000000 1.000000
vn 0.000000 0.000000 1.000000
vn 0.000000 0.000000 1.000000
vn 0.000000 0.000000 1.000000
vn 0.000000 0.000000 1.000000
vn 0.000000 0.000000 1.000000
vn 0.000000 0.000000 1.000000
vn -0.321011 0.734103 -0.598369
vn -0.168788 0.736129 -0.655458
vn 0.000000 1.000000 0.000000
vn 0.321011 0.734103 -0.598369
vn 0.436524 0.725128 -0.532576
vn 0.000000 1.000000 0.000000
# 2416 vertex normals

vt 0.005477 0.508533 0.000500
vt 0.455140 0.508533 0.000500
vt 0.497649 0.512087 0.999501
vt 0.005477 0.966627 0.000500
vt 0.497649 0.961467 0.999500
vt 0.046167 0.961467 0.999500
vt 0.920849 0.965899 0.112190
vt 0.540967 0.966223 0.099120
vt 0.584990 0.972918 0.806557
vt 0.922346 0.964925 0.112190
vt 0.921937 0.544418 0.112190
vt 0.540966 0.530766 0.099120
vt 0.923438 0.542772 0.112190
vt 0.572316 0.948464 0.806557
vt 0.046167 0.512087 0.999500
vt 0.455140 0.966627 0.000500
vt 0.625211 0.972918 0.806557
vt 0.708972 0.728793 0.806557
vt 0.752433 0.685329 0.806557
vt 0.802018 0.653033 0.806557
vt 0.855821 0.633145 0.806557
vt 0.863525 0.633145 0.806557
vt 0.809723 0.653033 0.806557
vt 0.760138 0.685330 0.806557
vt 0.716676 0.728793 0.806557
vt 0.681008 0.781754 0.806557
vt 0.654505 0.842176 0.806557
vt 0.638184 0.907738 0.806557
vt 0.632916 0.972918 0.806556
vt 0.647434 0.770253 0.174232
vt 0.856477 0.770253 0.728926
vt 0.647650 0.770253 0.728927
vt 0.856261 0.770253 0.174232
vt 0.623688 0.696154 0.156199
vt 0.880183 0.696154 0.156199
vt 0.922576 0.966223 0.099120
vt 0.922576 0.530766 0.099120
vt 0.574314 0.972918 0.806556
vt 0.575730 0.946501 0.806557
vt 0.542946 0.966223 0.900880
vt 0.924556 0.966223 0.884417
vt 0.924556 0.530766 0.900880
vt 0.542946 0.530766 0.900880
vt 0.623904 0.696154 0.751383
vt 0.880400 0.696154 0.751383
vt 0.624726 0.696154 0.246567
vt 0.926169 0.696154 0.246567
vt 0.917035 0.770253 0.293737
vt 0.636100 0.770253 0.293737
vt 0.577919 0.696154 0.753005
vt 0.879362 0.696154 0.753005
vt 0.867988 0.770253 0.705836
vt 0.587052 0.770253 0.705836
vt 0.494373 0.503890 0.064225
vt 0.443835 0.503890 0.000500
vt 0.443835 0.961188 0.000500
vt 0.494373 0.960911 0.064225
vt 0.053133 0.504977 0.000499
vt 0.006467 0.504977 0.064225
vt 0.006467 0.962155 0.064224
vt 0.051701 0.962155 0.000499
vt 0.008128 0.877973 0.000500
vt 0.390118 0.869644 0.000500
vt 0.317978 0.844664 0.000500
vt 0.254637 0.807750 0.000500
vt 0.190270 0.751388 0.000500
vt 0.147342 0.692871 0.000500
vt 0.118317 0.618787 0.000500
vt 0.108009 0.558746 0.000500
vt 0.103489 0.506313 0.000499
vt 0.400851 0.503888 0.000500
vt 0.391131 0.555523 0.000500
vt 0.371970 0.620998 0.000500
vt 0.336039 0.688787 0.000500
vt 0.287724 0.755888 0.000500
vt 0.227780 0.803707 0.000500
vt 0.157001 0.843788 0.000500
vt 0.083745 0.867618 0.000500
vt 0.455140 0.875096 0.000500
vt 0.494373 0.869595 0.064225
vt 0.005477 0.875096 0.000500
vt 0.051987 0.870808 0.000499
vt 0.497649 0.871677 0.999500
vt 0.922576 0.553703 0.099120
vt 0.921937 0.565759 0.112190
vt 0.540966 0.553703 0.099120
vt 0.575730 0.923534 0.806557
vt 0.573136 0.925497 0.806557
vt 0.924556 0.553703 0.899922
vt 0.542946 0.553703 0.900880
vt 0.923438 0.564162 0.112190
vt 0.443835 0.869816 0.000500
vt 0.006467 0.870808 0.064224
vt 0.046167 0.871677 0.999500
vt 0.066639 0.869816 0.000500
vt 0.401824 0.870903 0.000500
vt 0.455140 0.541441 0.000500
vt 0.494373 0.536721 0.064225
vt 0.053030 0.537819 0.000499
vt 0.497649 0.544369 0.999501
vt 0.922576 0.927343 0.099120
vt 0.920849 0.927524 0.112190
vt 0.443835 0.536741 0.000500
vt 0.006467 0.537819 0.064225
vt 0.046167 0.544369 0.999500
vt 0.628116 0.936982 0.806557
vt 0.635820 0.936982 0.806556
vt 0.394667 0.536741 0.000500
vt 0.105931 0.538256 0.000500
vt 0.005477 0.541441 0.000500
vt 0.540967 0.927343 0.099120
vt 0.574314 0.936982 0.806556
vt 0.583799 0.936982 0.806557
vt 0.924556 0.927343 0.885809
vt 0.542946 0.927343 0.900880
vt 0.922346 0.926459 0.112190
vt 0.655888 0.821458 0.806557
vt 0.360965 0.647831 0.000500
vt 0.126146 0.643435 0.000500
vt 0.005477 0.647232 0.000500
vt 0.540967 0.802355 0.099120
vt 0.574314 0.821458 0.806556
vt 0.579970 0.821458 0.806557
vt 0.924556 0.802355 0.890284
vt 0.542946 0.802355 0.900880
vt 0.922346 0.802804 0.112190
vt 0.455140 0.647232 0.000500
vt 0.494685 0.647747 0.064225
vt 0.052699 0.643398 0.000499
vt 0.497649 0.648148 0.999500
vt 0.922576 0.802355 0.099120
vt 0.920849 0.804156 0.112190
vt 0.444146 0.647831 0.000500
vt 0.006570 0.645219 0.064225
vt 0.046349 0.646195 0.999500
vt 0.731414 0.706350 0.806557
vt 0.739118 0.706350 0.806557
vt 0.293710 0.747574 0.000500
vt 0.188269 0.748661 0.000500
vt 0.005477 0.752642 0.000500
vt 0.540967 0.677817 0.099120
vt 0.574314 0.706350 0.806557
vt 0.576155 0.706350 0.806557
vt 0.924556 0.677817 0.894742
vt 0.542946 0.677817 0.900880
vt 0.923438 0.679907 0.112190
vt 0.455140 0.752642 0.000500
vt 0.494373 0.747427 0.064225
vt 0.052370 0.748597 0.000499
vt 0.497649 0.751552 0.999500
vt 0.922576 0.677817 0.099120
vt 0.921937 0.681234 0.112190
vt 0.443835 0.747574 0.000500
vt 0.006251 0.753072 0.064224
vt 0.046479 0.746572 0.999500
vt 0.053133 0.504977 0.000499
vt 0.051701 0.962155 0.000499
vt 0.051987 0.870808 0.000499
vt 0.051987 0.870808 0.000499
vt 0.051987 0.870808 0.000499
vt 0.006467 0.870808 0.064224
vt 0.053030 0.537819 0.000499
vt 0.053030 0.537819 0.000499
vt 0.053030 0.537819 0.000499
vt 0.006467 0.537819 0.064225
vt 0.052699 0.643398 0.000499
vt 0.052699 0.643398 0.000499
vt 0.052699 0.643398 0.000499
vt 0.006467 0.645219 0.064225
vt 0.052370 0.748597 0.000499
vt 0.052370 0.748597 0.000499
vt 0.052370 0.748597 0.000499
vt 0.006467 0.752039 0.064224
vt 0.574314 0.572629 0.806557
vt 0.571722 0.572629 0.806557
vt 0.443835 0.503890 0.000500
vt 0.443835 0.960911 0.000500
vt 0.443835 0.869595 0.000500
vt 0.443835 0.536721 0.000500
vt 0.444146 0.647747 0.000500
vt 0.443835 0.747427 0.000500
vt 0.589951 0.622834 0.095845
vt 0.862413 0.622834 1.094846
vt 0.862413 0.837812 1.094846
vt 0.589951 0.837813 0.095845
vt 0.569805 0.900584 0.095845
vt 0.887670 0.900483 1.094846
vt 0.887670 0.560244 0.095845
vt 0.569805 0.560244 0.095845
vt 0.365897 0.512087 0.999500
vt 0.136698 0.508533 0.000500
vt 0.136698 0.966627 0.000500
vt 0.365897 0.961467 0.999500
vt 0.841496 0.966223 0.099120
vt 0.624026 0.966223 0.897382
vt 0.637341 0.560244 0.095845
vt 0.841496 0.530766 0.099120
vt 0.637341 0.900563 0.308101
vt 0.624026 0.530766 0.900880
vt 0.637341 0.622834 0.269605
vt 0.637341 0.837813 0.269605
vt 0.873738 0.770253 0.293737
vt 0.630350 0.770253 0.705836
vt 0.873738 0.696154 0.246567
vt 0.630350 0.696154 0.753005
vt 0.136698 0.875096 0.000500
vt 0.365897 0.871678 0.999500
vt 0.841496 0.553703 0.099120
vt 0.624026 0.553703 0.900676
vt 0.136698 0.541441 0.000500
vt 0.365897 0.544369 0.999500
vt 0.841496 0.927343 0.099120
vt 0.624026 0.927343 0.897678
vt 0.136698 0.647232 0.000500
vt 0.365950 0.647578 0.999500
vt 0.841496 0.802355 0.099120
vt 0.624026 0.802355 0.898629
vt 0.136698 0.752642 0.000500
vt 0.365988 0.750099 0.999500
vt 0.841496 0.677817 0.099120
vt 0.624026 0.677817 0.899576
vt 0.298930 0.508533 0.000500
vt 0.203009 0.961467 0.999500
vt 0.800156 0.966223 0.889783
vt 0.784050 0.560244 0.095845
vt 0.665366 0.530766 0.099120
vt 0.784050 0.837812 0.807523
vt 0.792664 0.770253 0.705836
vt 0.711424 0.696154 0.246567
vt 0.298930 0.875096 0.000500
vt 0.800156 0.553703 0.900235
vt 0.298930 0.541441 0.000500
vt 0.800156 0.927343 0.890722
vt 0.298930 0.647232 0.000500
vt 0.800156 0.802355 0.893738
vt 0.298930 0.752642 0.000500
vt 0.800156 0.677817 0.896743
vt 0.203009 0.512087 0.999500
vt 0.298930 0.966627 0.000500
vt 0.665366 0.966223 0.099120
vt 0.784050 0.900516 0.769184
vt 0.800156 0.530766 0.900880
vt 0.784050 0.622834 0.807523
vt 0.711424 0.770253 0.293737
vt 0.792664 0.696154 0.753005
vt 0.203009 0.871678 0.999500
vt 0.665366 0.553703 0.099120
vt 0.203009 0.544369 0.999500
vt 0.665366 0.927343 0.099120
vt 0.203128 0.646873 0.999500
vt 0.665366 0.802355 0.099120
vt 0.203212 0.748302 0.999500
vt 0.665366 0.677817 0.099120
vt 0.279196 0.961165 0.000500
vt 0.816969 0.965899 0.112190
vt 0.887670 0.606886 0.232794
vt 0.669819 0.946501 0.806557
vt 0.569805 0.606886 0.095845
vt 0.817763 0.544418 0.112190
vt 0.665962 0.816057 0.806557
vt 0.277333 0.764177 0.000500
vt 0.817763 0.565759 0.112190
vt 0.668247 0.572629 0.806557
vt 0.669707 0.923534 0.806557
vt 0.277333 0.869816 0.000500
vt 0.816969 0.927524 0.112190
vt 0.816969 0.804156 0.112190
vt 0.668331 0.706350 0.806557
vt 0.817763 0.681234 0.112190
vt 0.637341 0.606886 0.225331
vt 0.784050 0.606886 0.626187
vt 0.810623 0.964925 0.112190
vt 0.887670 0.852034 0.952591
vt 0.670051 0.948464 0.806557
vt 0.212587 0.770930 0.000500
vt 0.811400 0.564162 0.112190
vt 0.219955 0.870853 0.000500
vt 0.219955 0.870853 0.000500
vt 0.810623 0.926459 0.112190
vt 0.671035 0.786926 0.806557
vt 0.810623 0.802804 0.112190
vt 0.670739 0.706350 0.806557
vt 0.811400 0.679907 0.112190
vt 0.637341 0.852034 0.278330
vt 0.784050 0.852034 0.798828
vt 0.212586 0.962540 0.000499
vt 0.569805 0.852034 0.095845
vt 0.811400 0.542772 0.112190
vt 0.669295 0.572629 0.806557
vt 0.670754 0.925497 0.806557
vt 0.909900 0.626655 0.806557
vt 0.589951 0.732409 0.095845
vt 0.749574 0.770253 0.728927
vt 0.754337 0.770253 0.174232
vt 0.749664 0.696154 0.751383
vt 0.862413 0.732409 1.094846
vt 0.754424 0.696154 0.156199
vt 0.480680 0.878851 0.000500
vt 0.480673 0.962214 0.000499
vt 0.569805 0.732409 0.095845
vt 0.537410 0.544418 0.112190
vt 0.910212 0.572629 0.806557
vt 0.911783 0.925497 0.806557
vt 0.537404 0.965899 0.112190
vt 0.887670 0.732409 0.601350
vt 0.911368 0.948464 0.806557
vt 0.537410 0.565759 0.112190
vt 0.537405 0.927524 0.112190
vt 0.537405 0.804156 0.112190
vt 0.537410 0.681234 0.112190
vt 0.467983 0.960914 0.030949
vt 0.467795 0.869598 0.030711
vt 0.467542 0.747430 0.030393
vt 0.467637 0.647751 0.030119
vt 0.467107 0.536725 0.029844
vt 0.467039 0.503893 0.029759
vt 0.027955 0.962154 0.033950
vt 0.028494 0.870806 0.033386
vt 0.028521 0.870806 0.033352
vt 0.029120 0.750827 0.032625
vt 0.029255 0.750312 0.032591
vt 0.029912 0.644286 0.031975
vt 0.029886 0.644285 0.031945
vt 0.030510 0.537817 0.031319
vt 0.030527 0.537818 0.031299
vt 0.030720 0.504975 0.031107
vt 0.461089 0.870177 0.000500
vt 0.491282 0.864829 0.060328
vt 0.467311 0.864859 0.030102
vt 0.443670 0.866119 0.000931
vt 0.443595 0.866385 0.000500
vt 0.277333 0.866187 0.000500
vt 0.460745 0.755977 0.000500
vt 0.491911 0.753945 0.058761
vt 0.468678 0.753988 0.029394
vt 0.443853 0.753858 -0.002672
vt 0.443920 0.753504 0.000500
vt 0.290764 0.752530 0.000500
vt 0.203120 0.640426 0.999500
vt 0.006564 0.639052 0.064225
vt 0.046339 0.640348 0.999500
vt 0.029944 0.638755 0.031940
vt 0.052716 0.638237 0.000499
vt 0.052716 0.638237 0.000499
vt 0.124393 0.637916 0.000500
vt 0.203011 0.546221 0.999500
vt 0.006469 0.539943 0.064225
vt 0.046171 0.546383 0.999500
vt 0.030513 0.540337 0.031315
vt 0.053022 0.540361 0.000499
vt 0.053022 0.540362 0.000499
vt 0.106313 0.542019 0.000500
vt 0.212668 0.875736 0.000500
vt 0.051972 0.875793 0.000499
vt 0.051972 0.875793 0.000499
vt 0.006467 0.880918 0.064224
vt 0.046167 0.881616 0.999500
vt 0.028462 0.880370 0.033415
vt 0.298930 0.644380 0.000500
vt 0.459325 0.644664 0.000500
vt 0.491938 0.637710 0.060762
vt 0.467684 0.637634 0.030179
vt 0.443828 0.637405 0.004097
vt 0.443807 0.637543 0.000500
vt 0.362242 0.637945 0.000500
vt 0.298930 0.544343 0.000500
vt 0.459325 0.544242 0.000500
vt 0.491634 0.539517 0.060771
vt 0.467173 0.539217 0.029927
vt 0.443917 0.538849 0.004121
vt 0.443833 0.538854 0.000500
vt 0.394186 0.539295 0.000500
vt 0.305830 0.868245 0.000500
vt 0.307174 0.758005 0.000500
vt 0.301839 0.644385 0.000500
vt 0.303440 0.544340 0.000500
vt 0.356291 0.866435 0.000500
vt 0.356792 0.751931 0.000500
vt 0.200117 0.876203 0.999500
vt 0.198300 0.961589 0.999500
vt 0.197199 0.640423 0.999500
vt 0.197233 0.546227 0.999500
vt 0.042932 0.743795 0.000500
vt 0.136698 0.743488 0.000500
vt 0.266028 0.743631 0.000500
vt 0.262755 0.655641 0.000500
vt 0.136698 0.652981 0.000500
vt 0.041419 0.650666 0.000500
vt 0.274266 0.646327 0.000500
vt 0.273605 0.752324 0.000500
vt 0.035329 0.752806 0.000500
vt 0.035007 0.646989 0.000500
vt 0.039090 0.748134 0.000500
vt 0.136698 0.748086 0.000500
vt 0.273583 0.748457 0.000500
vt 0.272385 0.651335 0.000500
vt 0.136698 0.649819 0.000500
vt 0.037561 0.649512 0.000500
vt 0.295423 0.870357 0.999500
vt 0.295126 0.749339 0.999500
vt 0.430398 0.871785 0.999500
vt 0.428030 0.750913 0.999500
vt 0.298702 0.865570 0.999500
vt 0.365882 0.868449 0.999500
vt 0.427101 0.868472 0.999500
vt 0.424648 0.752392 0.999500
vt 0.365887 0.753739 0.999500
vt 0.297856 0.751341 0.999500
vt 0.305883 0.857768 0.999500
vt 0.365869 0.861570 0.999500
vt 0.419816 0.861505 0.999500
vt 0.417280 0.758363 0.999500
vt 0.365819 0.760794 0.999500
vt 0.304845 0.757598 0.999500
vt 0.227651 0.962509 0.000499
vt 0.303261 0.870795 0.000500
vt 0.458229 0.872542 0.000500
vt 0.492768 0.867121 0.062201
vt 0.467574 0.867439 0.030434
vt 0.443756 0.867931 0.000706
vt 0.443720 0.868174 0.000500
vt 0.302915 0.755234 0.000500
vt 0.457127 0.753824 0.000500
vt 0.493500 0.749738 0.062287
vt 0.468002 0.750086 0.029989
vt 0.443843 0.750341 -0.000937
vt 0.443873 0.750261 0.000500
vt 0.223905 0.962513 0.000499
vt 0.218194 0.874041 0.000500
vt 0.051979 0.873300 0.000499
vt 0.051979 0.873300 0.000499
vt 0.028498 0.874524 0.033377
vt 0.006467 0.875986 0.064224
vt 0.046167 0.876768 0.999500
vt 0.201202 0.874505 0.999500
vt 0.200528 0.961531 0.999500
vt 0.352771 0.751907 0.000500
vt 0.357928 0.748102 0.000500
vt 0.359213 0.866546 0.000500
vt 0.363433 0.869202 0.000500
vt 0.920428 0.626544 0.806557
vt 0.921040 0.572629 0.806557
vt 0.922618 0.923534 0.806557
vt 0.923032 0.946501 0.806557
vt 0.006192 0.877765 0.000500
vt 0.006185 0.961127 0.000499
vt 0.535341 0.542772 0.112190
vt 0.535341 0.964925 0.112190
vt 0.535341 0.564162 0.112190
vt 0.535341 0.926459 0.112190
vt 0.535341 0.802804 0.112190
vt 0.535341 0.679907 0.112190
vt 0.013269 0.971854 -0.499995
vt 0.472048 0.970750 0.499980
vt 0.045938 0.971858 0.999500
vt 0.046854 0.535753 0.999500
vt 0.441260 0.970761 0.999500
vt 0.442177 0.534655 0.999500
vt 0.035874 0.503016 0.499995
vt 0.455190 0.502424 0.499999
vt 0.035874 0.523279 0.499994
vt 0.455190 0.522687 0.500000
vt 0.046195 0.536695 -0.500000
vt 0.444825 0.536103 -0.499995
vt 0.014185 0.527252 -0.499981
vt 0.032363 0.971853 -0.500007
vt 0.033280 0.527251 -0.499984
vt 0.045935 0.971854 0.499986
vt 0.046851 0.536167 0.500005
vt 0.472964 0.525604 0.499994
vt 0.454522 0.970751 0.499987
vt 0.455439 0.525605 0.500007
vt 0.441262 0.970753 -0.500006
vt 0.442178 0.534533 -0.499983
vt 0.113428 0.503016 0.499995
vt 0.117833 0.535753 0.999500
vt 0.113428 0.536695 -0.500000
vt 0.116917 0.971858 0.999500
vt 0.113428 0.523279 0.499994
vt 0.365977 0.970761 0.999500
vt 0.372951 0.502424 0.499998
vt 0.366893 0.534655 0.999500
vt 0.372951 0.536103 -0.499996
vt 0.372951 0.522687 0.499999
vt 0.303651 0.502424 0.499998
vt 0.294617 0.534655 0.999500
vt 0.303651 0.536103 -0.499996
vt 0.303651 0.522687 0.499999
vt 0.293700 0.970761 0.999500
vt 0.182362 0.503016 0.499995
vt 0.190035 0.535753 0.999500
vt 0.182362 0.536695 -0.499999
vt 0.182362 0.523279 0.499995
vt 0.189118 0.971858 0.999500
vt 0.240197 0.971858 0.999500
vt 0.209395 0.503016 0.499996
vt 0.241114 0.534424 0.999500
vt 0.231131 0.536695 -0.499999
vt 0.225151 0.523279 0.499995
vt 0.244248 0.970761 0.999500
vt 0.287168 0.502424 0.499998
vt 0.241752 0.537518 0.999500
vt 0.256236 0.536103 -0.499996
vt 0.264746 0.522687 0.499998
vt 0.472964 0.643575 0.499991
vt 0.014185 0.645105 -0.499984
vt 0.046855 0.645090 0.999500
vt 0.046851 0.645420 0.500001
vt 0.442177 0.643993 0.999500
vt 0.442178 0.643894 -0.499988
vt 0.033280 0.645104 -0.499989
vt 0.455439 0.643577 0.500002
vt 0.117833 0.645090 0.999500
vt 0.366893 0.643993 0.999500
vt 0.294617 0.643993 0.999500
vt 0.190035 0.645090 0.999500
vt 0.241114 0.642284 0.999500
vt 0.241752 0.646144 0.999500
vt 0.014185 0.927851 -0.499994
vt 0.046855 0.927852 0.999500
vt 0.046851 0.927889 0.499988
vt 0.033280 0.927850 -0.500005
vt 0.472964 0.926696 0.499982
vt 0.442177 0.926754 0.999500
vt 0.442178 0.926736 -0.500004
vt 0.455439 0.926697 0.499989
vt 0.117834 0.927852 0.999500
vt 0.366893 0.926754 0.999500
vt 0.294617 0.926754 0.999500
vt 0.190035 0.927852 0.999500
vt 0.241114 0.927852 0.999500
vt 0.245165 0.926754 0.999500
vt 0.472964 0.711006 0.499990
vt 0.442177 0.711361 0.999500
vt 0.442178 0.711276 -0.499991
vt 0.455439 0.711007 0.500000
vt 0.117833 0.712459 0.999500
vt 0.366893 0.711361 0.999500
vt 0.294617 0.711361 0.999500
vt 0.190035 0.712458 0.999500
vt 0.794116 0.613502 0.999500
vt 0.839078 0.612978 0.999500
vt 0.014185 0.712471 -0.499986
vt 0.046855 0.712459 0.999500
vt 0.046851 0.712737 0.499999
vt 0.033280 0.712470 -0.499992
vt 0.035771 0.502424 0.499997
vt 0.476164 0.534424 0.999500
vt 0.035771 0.536103 -0.499998
vt 0.035771 0.522687 0.499997
vt 0.475248 0.971858 0.999500
vt 0.476164 0.642284 0.999500
vt 0.476165 0.927852 0.999500
vt 0.610072 0.613502 0.999500
vt 0.013117 0.816992 -0.499990
vt 0.045786 0.816986 0.999500
vt 0.045783 0.817141 0.499993
vt 0.032212 0.816990 -0.499998
vt 0.471896 0.815685 0.499986
vt 0.441109 0.815888 0.999500
vt 0.441110 0.815838 -0.499997
vt 0.454371 0.815686 0.499994
vt 0.116765 0.816986 0.999500
vt 0.365825 0.815888 0.999500
vt 0.293549 0.815888 0.999500
vt 0.188967 0.816986 0.999500
vt 0.794116 0.799352 0.999500
vt 0.839078 0.799411 0.999500
vt 0.610072 0.799352 0.999500
vt 0.455207 0.503016 0.499997
vt 0.455207 0.536695 -0.499998
vt 0.455207 0.523279 0.499997
vt 0.880028 0.536010 0.999500
vt 0.832873 0.536775 0.999500
vt 0.794116 0.536775 0.999500
vt 0.839078 0.536010 0.999500
vt 0.880028 0.977898 0.999500
vt 0.832873 0.977281 0.999500
vt 0.794116 0.977281 0.999500
vt 0.839078 0.977898 0.999500
vt 0.880028 0.612978 0.999500
vt 0.832873 0.613502 0.999500
vt 0.610072 0.536775 0.999500
vt 0.610072 0.977281 0.999500
vt 0.880028 0.799411 0.999500
vt 0.832873 0.799352 0.999500
vt 0.638473 0.612978 0.999500
vt 0.638473 0.799411 0.999500
vt 0.638473 0.536010 0.999500
vt 0.638473 0.977898 0.999500
vt 0.014473 0.537518 0.999500
vt 0.013807 0.970761 0.999500
vt 0.014473 0.645739 0.999500
vt 0.014723 0.926754 0.999500
vt 0.537069 0.230726 -0.399015
vt 0.522915 0.192771 -0.494638
vt 0.505572 0.114274 -0.494638
vt 0.524690 0.050820 -0.399015
vt 0.557355 0.018842 -0.399015
vt 0.613519 0.237961 -0.399015
vt 0.590549 0.189570 0.228595
vt 0.585252 0.103387 0.134295
vt 0.596158 0.041696 -0.399015
vt 0.613826 0.003947 -0.399015
vt 0.672306 0.245391 -0.488095
vt 0.668056 0.201645 0.179120
vt 0.667428 0.102402 0.471144
vt 0.665219 0.060731 0.213745
vt 0.667417 0.010869 -0.399015
vt 0.716379 0.225824 -0.399015
vt 0.734534 0.174618 0.181630
vt 0.738743 0.117004 -0.172611
vt 0.733680 0.063268 -0.399015
vt 0.720709 0.019438 -0.399015
vt 0.772217 0.217532 -0.399015
vt 0.783947 0.187630 -0.496011
vt 0.795858 0.108102 -0.496436
vt 0.776027 0.058630 -0.497152
vt 0.756538 0.034248 -0.499054
vt 0.584881 0.237027 -0.493680
vt 0.558780 0.180439 -0.081377
vt 0.543532 0.094926 0.069423
vt 0.564180 0.051277 -0.399015
vt 0.581333 0.009978 -0.399015
vt 0.744851 0.228774 -0.399015
vt 0.751597 0.174664 -0.069537
vt 0.769564 0.117700 -0.128962
vt 0.748503 0.063053 -0.399015
vt 0.736345 0.024725 -0.399015
vt 0.691858 0.231118 -0.399015
vt 0.695485 0.190494 0.080628
vt 0.694100 0.104442 0.500000
vt 0.695679 0.061860 0.075236
vt 0.689851 0.016842 -0.399015
vt 0.639015 0.241183 -0.493480
vt 0.634240 0.188152 0.332089
vt 0.634405 0.102402 0.246950
vt 0.634810 0.051343 -0.223586
vt 0.639961 0.004938 -0.399015
vt 0.807802 0.149007 -0.498133
vt 0.762002 0.141675 -0.103951
vt 0.736749 0.144306 0.056790
vt 0.694660 0.139247 0.293675
vt 0.667745 0.152474 0.132465
vt 0.634331 0.140902 0.378512
vt 0.587774 0.144421 0.380060
vt 0.551005 0.146194 -0.001962
vt 0.507247 0.153800 -0.494638
vt 0.787711 0.078091 -0.500000
vt 0.755552 0.081343 -0.308631
vt 0.735651 0.084180 -0.310907
vt 0.694817 0.085092 0.348341
vt 0.666322 0.081535 0.204090
vt 0.634614 0.076149 0.244963
vt 0.590911 0.071376 0.122779
vt 0.556517 0.075651 -0.220990
vt 0.517035 0.087894 -0.494638
vt 0.740175 0.034947 -0.399015
vt 0.725978 0.035748 -0.399015
vt 0.692380 0.045056 -0.352230
vt 0.666465 0.036467 -0.286753
vt 0.637825 0.033291 -0.399015
vt 0.605869 0.026400 -0.399015
vt 0.570659 0.025450 -0.399015
vt 0.749925 0.200085 -0.226514
vt 0.724117 0.201828 0.015223
vt 0.693117 0.205480 -0.149628
vt 0.669808 0.217503 0.002336
vt 0.637197 0.215638 -0.178886
vt 0.602351 0.207112 -0.090559
vt 0.566621 0.205507 -0.228364
vt 0.887665 0.864238 0.718981
vt 0.975509 0.864238 0.314627
vt 0.641986 0.864238 0.718981
vt 0.553859 0.864238 0.684946
vt 0.619406 0.864238 0.314627
vt 0.909962 0.864238 0.684946
vt 0.887382 0.864238 0.182218
vt 0.641703 0.864238 0.182218
vt 0.631780 0.953603 0.000502
vt 0.631780 0.760167 0.000501
vt 0.886741 0.760167 0.000501
vt 0.886741 0.953603 0.000501
vt 0.631781 0.953603 0.999500
vt 0.631780 0.760167 0.999500
vt 0.886741 0.760167 0.999500
vt 0.886741 0.953603 0.999500
vt 0.631780 0.953603 0.999500
vt 0.631780 0.760167 0.999499
vt 0.886741 0.760167 0.999500
vt 0.886741 0.953603 0.999500
vt 0.631780 0.953603 0.000500
vt 0.631780 0.760167 0.000500
vt 0.886741 0.760167 0.000500
vt 0.886740 0.953603 0.000500
vt 0.911268 0.760167 0.081098
vt 0.911268 0.953603 0.081098
vt 0.911269 0.597722 0.081099
vt 0.911269 0.760167 0.081099
vt 0.886741 0.597722 0.000500
vt 0.911268 0.597722 0.918902
vt 0.911269 0.760167 0.918901
vt 0.886741 0.597722 0.999500
vt 0.631780 0.597722 0.000500
vt 0.607252 0.760167 0.081099
vt 0.607252 0.597722 0.081099
vt 0.631780 0.597722 0.000501
vt 0.631780 0.597722 0.999500
vt 0.631780 0.597722 0.999499
vt 0.886741 0.597722 0.999500
vt 0.886741 0.597722 0.000500
vt 0.911269 0.597722 0.081099
vt 0.911268 0.760167 0.081098
vt 0.911269 0.760167 0.081099
vt 0.911269 0.953603 0.081099
vt 0.911269 0.760167 0.918901
vt 0.911269 0.953603 0.918901
vt 0.607252 0.953603 0.081099
vt 0.607252 0.760167 0.081099
vt 0.921919 0.618494 -0.002066
vt 0.584703 0.618494 -0.002066
vt 0.636051 0.650861 0.996935
vt 0.871252 0.650861 0.996935
vt 0.613424 0.671104 0.996935
vt 0.584703 0.933776 -0.002066
vt 0.613424 0.881530 0.996935
vt 0.636051 0.901773 0.996935
vt 0.921919 0.933776 -0.002066
vt 0.871252 0.901773 0.996935
vt 0.893879 0.881529 0.996935
vt 0.893879 0.671104 0.996935
vt 0.980807 0.829379 0.293737
vt 0.627843 0.829379 0.174232
vt 0.901524 0.829379 0.728926
vt 0.612808 0.829379 0.293737
vt 0.628127 0.829379 0.728927
vt 0.916560 0.829379 0.705836
vt 0.548561 0.829379 0.705836
vt 0.901241 0.829379 0.174232
vt 0.844643 0.580257 -0.169295
vt 0.942017 0.585377 -0.304125
vt 0.941914 0.544943 -0.377991
vt 0.844548 0.544943 -0.261206
vt 0.779000 0.544943 -0.096304
vt 0.683958 0.544943 0.047494
vt 0.585123 0.544943 0.174354
vt 0.844920 0.544723 0.297808
vt 0.750011 0.544723 0.377242
vt 0.671299 0.544723 0.430861
vt 0.586038 0.544723 0.450436
vt 0.854731 0.544347 0.426782
vt 0.765037 0.544347 0.374046
vt 0.677263 0.544347 0.286216
vt 0.586390 0.544347 0.180897
vt 0.867025 0.544358 0.034009
vt 0.780064 0.544358 -0.114443
vt 0.673285 0.544358 -0.261188
vt 0.585177 0.565761 -0.311345
vt 0.585170 0.587449 -0.311128
vt 0.673318 0.583111 -0.174031
vt 0.780141 0.582627 -0.031415
vt 0.867154 0.580436 0.102979
vt 0.586468 0.582890 0.223182
vt 0.677345 0.583523 0.320713
vt 0.765089 0.587707 0.394116
vt 0.854789 0.589188 0.438387
vt 0.844330 0.596996 0.506637
vt 0.941430 0.596996 0.513219
vt 0.586093 0.592066 0.454020
vt 0.671254 0.592104 0.439156
vt 0.750077 0.590659 0.395773
vt 0.844973 0.586262 0.325607
vt 0.585109 0.581527 0.225358
vt 0.684032 0.580591 0.110697
vt 0.779078 0.578220 -0.021725
vt 0.941898 0.566346 -0.303938
vt 0.844529 0.566346 -0.173484
vt 0.778956 0.566345 -0.017858
vt 0.683936 0.566345 0.119326
vt 0.585034 0.566344 0.236900
vt 0.844899 0.566402 0.351972
vt 0.750009 0.566402 0.432932
vt 0.671246 0.566402 0.482822
vt 0.586038 0.566402 0.500000
vt 0.854740 0.565748 0.478357
vt 0.765049 0.565748 0.428806
vt 0.677310 0.565748 0.343077
vt 0.585387 0.596484 0.502352
vt 0.673354 0.596485 0.495830
vt 0.779199 0.596486 0.491660
vt 0.866473 0.596486 0.490403
vt 0.585976 0.596477 0.491426
vt 0.677278 0.596477 0.493848
vt 0.764981 0.596477 0.496733
vt 0.855138 0.596477 0.499271
vt 0.585726 0.597393 0.500906
vt 0.671175 0.597393 0.501424
vt 0.749936 0.597393 0.500970
vt 0.844934 0.597393 0.500022
vt 0.584932 0.596996 0.499309
vt 0.683822 0.596996 0.499679
vt 0.779080 0.596996 0.501930
vt 0.586443 0.565749 0.239276
vt 0.867146 0.565759 0.109461
vt 0.780136 0.565759 -0.030693
vt 0.673330 0.565760 -0.176669
vt 0.585101 0.544358 -0.385732
vt 0.941320 0.540308 0.513219
vt 0.844227 0.540308 0.506636
vt 0.778982 0.540308 0.501930
vt 0.683731 0.540308 0.499679
vt 0.584849 0.540308 0.499309
vt 0.844858 0.539968 0.500022
vt 0.749867 0.539968 0.500970
vt 0.671112 0.539968 0.501424
vt 0.585707 0.539968 0.500902
vt 0.855092 0.539789 0.499271
vt 0.764942 0.539789 0.496733
vt 0.677246 0.539789 0.493848
vt 0.585951 0.539789 0.491426
vt 0.866451 0.539798 0.490403
vt 0.779184 0.539798 0.491660
vt 0.673347 0.539798 0.495830
vt 0.585387 0.539797 0.502352
vt 0.586184 0.529354 0.376736
vt 0.854765 0.529176 0.351718
vt 0.765064 0.529176 0.295352
vt 0.677309 0.529177 0.201113
vt 0.586421 0.529178 0.088942
vt 0.867061 0.529190 -0.068074
vt 0.780071 0.529192 -0.226560
vt 0.673280 0.529195 -0.379470
vt 0.585070 0.529200 -0.499999
vt 0.671463 0.529354 0.355718
vt 0.750017 0.529355 0.298238
vt 0.844992 0.529355 0.212825
vt 0.585338 0.529774 0.082071
vt 0.684025 0.529775 -0.053942
vt 0.779162 0.529777 -0.207111
vt 0.844629 0.529781 -0.378937
vt 0.942023 0.529784 -0.491471
vt 0.943851 0.544358 0.180897
vt 0.943935 0.582901 0.223182
vt 0.943228 0.596486 0.491426
vt 0.943908 0.565759 0.239276
vt 0.943201 0.539798 0.491426
vt 0.943883 0.529189 0.088942
vt 0.942918 0.544347 0.450436
vt 0.942969 0.591082 0.454020
vt 0.942918 0.565748 0.500000
vt 0.942457 0.596477 0.500906
vt 0.942439 0.539789 0.500902
vt 0.943053 0.529176 0.376736
vt 0.942486 0.544723 0.174354
vt 0.942472 0.581783 0.225358
vt 0.942397 0.566403 0.236900
vt 0.942122 0.597393 0.499309
vt 0.942038 0.539968 0.499309
vt 0.942701 0.529357 0.082071
vt 0.411282 0.963868 0.499997
vt 0.142456 0.963670 -0.499998
vt 0.067253 0.956383 0.500000
vt 0.418570 0.963990 -0.500000
vt 0.383690 0.963868 -0.499999
vt 0.398540 0.963670 -0.499999
vt 0.122173 0.963690 0.500000
vt 0.378058 0.963624 0.499997
vt 0.069850 0.963690 -0.499998
vt 0.097566 0.957744 -0.499997
vt 0.069295 0.533342 0.499999
vt 0.097352 0.531946 -0.499997
vt 0.402810 0.963785 0.500000
vt 0.418570 0.535785 -0.500000
vt 0.122173 0.535785 0.499999
vt 0.378059 0.535785 0.499996
vt 0.069851 0.535785 -0.499998
vt 0.418570 0.731243 -0.500000
vt 0.122173 0.731107 0.499999
vt 0.378059 0.731076 0.499996
vt 0.069851 0.731107 -0.499998
vt 0.411282 0.535670 0.499997
vt 0.383691 0.535670 -0.500000
vt 0.411282 0.731125 0.499997
vt 0.383690 0.731125 -0.500000
vt 0.069506 0.730489 0.499999
vt 0.097542 0.963785 0.499999
vt 0.096886 0.731125 -0.499997
vt 0.399133 0.535677 -0.500000
vt 0.403828 0.963990 0.208293
vt 0.403018 0.731243 0.225182
vt 0.402337 0.535785 0.239366
vt 0.402810 0.535843 0.499999
vt 0.086085 0.963690 0.218093
vt 0.084863 0.731107 0.194741
vt 0.083838 0.535785 0.175129
vt 0.097542 0.535843 0.499998
vt 0.142456 0.535677 -0.499999
vt 0.142456 0.730974 -0.499999
vt 0.398540 0.730974 -0.499999
vt 0.402810 0.731181 0.499999
vt 0.097542 0.731181 0.499999
vt 0.331165 0.782143 0.499375
vt 0.200160 0.782144 0.499375
vt 0.187557 0.769541 0.499375
vt 0.187556 0.638536 0.499375
vt 0.200159 0.625933 0.499375
vt 0.331165 0.625932 0.499938
vt 0.343768 0.638535 0.499938
vt 0.343768 0.769540 0.499375
vt 0.357617 0.813685 -0.500062
vt 0.173708 0.813685 -0.500062
vt 0.156015 0.612084 -0.500062
vt 0.357616 0.594391 -0.499499
vt 0.375310 0.795992 -0.500062
vt 0.156016 0.795993 -0.500062
vt 0.173707 0.594392 -0.500062
vt 0.375309 0.612083 -0.499499
vt 0.161177 0.808254 -0.500062
vt 0.161003 0.599881 -0.500062
vt 0.021843 0.513334 -0.499956
vt 0.484220 0.513334 -0.500010
vt 0.023305 0.961775 0.499999
vt 0.484220 0.961775 -0.499945
vt 0.021843 0.872174 -0.499904
vt 0.484220 0.872174 -0.499958
vt 0.484220 0.545549 -0.500005
vt 0.021843 0.545549 -0.499952
vt 0.021843 0.649111 -0.499937
vt 0.484220 0.649111 -0.499990
vt 0.021843 0.752299 -0.499922
vt 0.484220 0.752299 -0.499975
vt 0.014898 0.503168 -0.454830
vt 0.492186 0.503168 -0.486191
vt 0.014898 0.526362 -0.453102
vt 0.492186 0.526362 -0.484463
vt 0.020524 0.535165 0.483429
vt 0.486560 0.535165 0.451286
vt 0.063615 0.535165 0.479971
vt 0.443470 0.535165 0.454745
vt 0.405852 0.535165 0.458583
vt 0.101194 0.535165 0.476129
vt 0.127780 0.535165 0.477976
vt 0.380113 0.535165 0.456795
vt 0.254025 0.535165 0.467391
vt 0.491568 0.494745 -0.499998
vt 0.005652 0.012339 -0.500003
vt 0.005188 0.494617 -0.499998
vt 0.491518 0.020465 0.500002
vt 0.005450 0.007773 -0.499998
vt 0.142226 0.173719 0.500002
vt 0.403211 0.173717 0.500002
vt 0.142345 0.324711 0.500002
vt 0.403206 0.324707 0.500002
vt 0.491568 0.481866 0.500002
vt 0.485217 0.012337 -0.500003
vt 0.006032 0.496073 0.499992
vt 0.485816 0.491418 -0.500003
vt 0.018986 0.481741 0.500002
vt 0.491518 0.007766 -0.499998
vt 0.019241 0.020468 0.500002
vt 0.019243 0.497198 0.500002
vt 0.491520 0.497325 0.500002
vt 0.142346 0.497330 0.500002
vt 0.403207 0.497326 0.500002
vt 0.005452 0.497198 -0.499998
vt 0.005652 0.007593 0.499997
vt 0.490222 0.007591 0.499997
vt 0.006032 0.491405 -0.500003
vt 0.490824 0.496086 0.499992
vt 0.485820 0.007646 -0.500003
vt 0.490828 0.007646 0.499992
vt 0.293769 0.003969 0.096580
vt 0.293925 0.004128 -1.544637
vt 0.018984 0.193819 0.500002
vt 0.005186 0.193819 -0.499998
vt 0.005652 0.308543 -0.500003
vt 0.485216 0.308541 -0.499997
vt 0.252699 0.003980 -0.192933
vt 0.252575 0.004118 -0.834150
vt 0.491567 0.193865 0.500002
vt 0.491519 0.304428 0.500002
vt 0.490222 0.308541 0.499992
vt 0.485818 0.200102 -0.500003
vt 0.490826 0.200102 0.499992
vt 0.006034 0.200088 -0.500003
vt 0.489676 0.487346 0.500000
vt 0.489681 0.464226 -0.500000
vt 0.376929 0.491415 -0.500003
vt 0.376379 0.012337 -0.500003
vt 0.010238 0.464227 -0.500000
vt 0.010238 0.464227 0.500000
vt 0.019242 0.304354 0.500002
vt 0.005451 0.304354 -0.499998
vt 0.119456 0.481870 0.500002
vt 0.376928 0.496083 0.499992
vt 0.376379 0.007591 0.499997
vt 0.376932 0.007643 -0.500003
vt 0.376378 0.308542 -0.499997
vt 0.119583 0.020470 0.500002
vt 0.119456 0.494749 -0.499998
vt 0.293925 0.493733 -0.220942
vt 0.376931 0.200099 -0.500003
vt 0.070991 0.491406 -0.500003
vt 0.119583 0.007771 -0.499998
vt 0.070991 0.496074 0.499992
vt 0.070993 0.200090 -0.500003
vt 0.070582 0.012338 -0.500003
vt 0.119585 0.497330 0.500002
vt 0.070582 0.007592 0.499997
vt 0.070581 0.308543 -0.500003
vt 0.119454 0.193869 0.500002
vt 0.119584 0.304434 0.500002
vt 0.252575 0.493723 -0.510455
vt 0.293770 0.493510 -0.220942
vt 0.252699 0.493520 -0.510455
vt 0.018982 0.007735 0.500002
vt 0.491566 0.007730 0.500002
vt 0.426396 0.481867 0.500002
vt 0.426396 0.494746 -0.499998
vt 0.426379 0.497326 0.500002
vt 0.426395 0.193865 0.500002
vt 0.489681 0.464226 0.500000
vt 0.489676 0.487346 -0.500000
vt 0.142225 0.007734 0.500002
vt 0.403211 0.007731 0.500002
vt 0.426377 0.020466 0.500002
vt 0.426377 0.007767 -0.499998
vt 0.005185 0.007735 -0.499998
vt 0.119453 0.007734 0.500002
vt 0.426378 0.304429 0.500002
vt 0.426394 0.007731 0.500002
vt 0.293769 0.306410 -0.099586
vt 0.485216 0.494720 -0.500003
vt 0.490221 0.494720 0.499992
vt 0.376378 0.494720 -0.500003
vt 0.252699 0.306420 -0.389100
vt 0.252575 0.300808 -0.637998
vt 0.010233 0.487346 -0.500000
vt 0.293925 0.300819 -1.348485
vt 0.010233 0.487346 0.500000
vt 0.122877 0.464227 -0.500000
vt 0.122877 0.464227 0.500000
vt 0.122872 0.487346 0.500000
vt 0.122872 0.487346 -0.500000
vt 0.425439 0.464226 -0.500000
vt 0.425434 0.487346 0.500000
vt 0.425439 0.464226 0.500000
vt 0.425434 0.487346 -0.500000
vt 0.397102 0.445075 0.500000
vt 0.401952 0.061185 0.500000
vt 0.426573 0.446935 0.500000
vt 0.439738 0.066234 0.500000
vt 0.439739 0.441883 0.500000
vt 0.426572 0.061184 0.500000
vt 0.401953 0.446936 0.500000
vt 0.397101 0.063046 0.500000
vt 0.439738 0.255915 0.500000
vt 0.397102 0.328924 0.500000
vt 0.439738 0.328922 0.500000
vt 0.439738 0.179187 0.500000
vt 0.397102 0.179189 0.500000
vt 0.649838 0.846624 0.806557
vt 0.633948 0.912722 0.806557
vt 0.894818 0.540308 0.510066
vt 0.734452 0.540308 0.500877
vt 0.810136 0.539798 0.491214
vt 0.633566 0.539789 0.492689
vt 0.894703 0.539968 0.499656
vt 0.631829 0.539798 0.498909
# 1069 texture coords

g fireplace
s 8
f 84/191/1 99/210/2 53/110/3 1/1/4 
f 124/238/5 133/248/6 49/105/7 18/15/8 
s 1
f 140/255/9 148/266/10 47/102/11 9/7/12 
s 2
f 126/240/13 134/249/14 54/111/15 10/8/16 
s 1
f 545/21/17 169/291/18 177/302/19 168/289/20 
s 2
f 88/195/21 102/213/22 56/115/23 12/40/24 
s 8
f 17/176/25 48/179/26 188/315/27 189/316/28 
f 18/59/29 49/104/30 194/324/31 195/326/32 
s 4
f 25/183/33 141/256/34 153/271/35 128/243/36 
s 1
f 173/295/37 171/293/38 489/32/39 23/44/40 
f 170/297/41 172/294/42 487/30/43 22/34/44 
s 2
f 128/229/45 129/244/46 488/49/47 25/46/48 
f 94/205/49 93/203/50 24/53/51 26/50/52 
s 8
f 175/446/53 139/254/54 147/265/55 42/95/56 553/62/57 174/445/58 
f 19/16/59 125/239/60 116/230/61 32/79/62 
f 7/5/63 86/193/64 96/207/65 256/401/66 35/83/67 
s 1
f 15/13/68 167/288/69 157/276/70 39/91/71 
s 2
f 13/37/72 89/197/73 97/208/74 36/84/75 
s 1
f 14/39/76 141/257/77 146/264/78 37/87/79 
s 2
f 16/42/80 127/242/81 117/231/82 38/89/83 
s 8
f 6/177/84 184/311/85 185/312/86 40/178/87 
s 1
f 216/356/88 217/358/89 282/432/90 283/433/91 
f 40/92/92 274/421/93 288/439/94 289/440/95 
s 8
f 158/278/96 43/96/97 560/63/98 
s 1
f 64/127/99 120/234/100 218/359/101 230/375/102 219/360/103 
s 8
f 66/130/104 104/215/105 100/211/106 46/100/107 
s 1
f 63/126/108 161/281/109 159/279/110 56/116/111 
s 2
f 67/131/112 105/216/113 101/212/114 47/101/115 
s 1
f 55/113/116 11/9/117 541/17/118 680/106/119 
f 21/29/120 10/38/121 54/112/122 50/107/123 
s 2
f 62/124/124 121/235/125 119/233/126 55/114/127 
s 1
f 68/180/128 187/314/129 220/362/130 221/363/131 
f 210/347/132 211/349/133 194/325/134 49/165/135 
s 8
f 48/103/136 17/55/137 559/71/138 51/108/139 
f 564/70/140 4/156/141 45/163/142 52/109/143 
s 1
f 54/112/144 61/122/145 143/260/146 551/27/147 
f 68/133/148 221/364/149 222/365/150 58/118/151 
f 52/109/152 45/164/153 212/350/154 213/352/155 
s 8
f 77/147/156 122/236/157 120/234/158 64/127/159 
f 257/402/160 108/219/161 104/215/162 66/130/163 79/150/164 
s 1
f 76/146/165 163/283/166 161/281/167 63/126/168 
s 2
f 80/151/169 109/220/170 105/216/171 67/131/172 
f 75/144/173 123/237/174 121/235/175 62/124/176 
s 8
f 81/181/177 186/313/178 187/314/179 68/180/180 
f 82/154/181 192/320/182 193/323/183 69/169/184 
s 1
f 62/123/185 57/117/186 160/280/187 162/282/188 75/143/189 
f 550/26/190 150/268/191 549/25/192 
s 8
f 556/74/193 81/153/194 68/133/195 58/118/196 
f 30/67/197 65/168/198 78/171/199 72/139/200 
s 1
f 122/236/201 275/422/202 271/416/203 116/230/204 
s 8
f 79/150/205 35/83/206 256/401/207 257/402/208 
s 1
f 39/91/209 157/276/210 163/283/211 76/146/212 
s 2
f 36/84/213 97/208/214 109/220/215 80/151/216 
f 38/89/217 117/231/218 123/237/219 75/144/220 
s 1
f 274/420/221 40/178/222 185/312/223 273/419/224 
s 8
f 41/161/225 191/318/226 192/321/227 82/173/228 
f 111/222/229 118/232/230 99/210/231 84/191/232 
f 3/3/233 46/100/234 100/211/235 83/190/236 
s 2
f 9/36/237 47/101/238 101/212/239 87/194/240 
f 113/224/241 119/233/242 102/213/243 88/195/244 
s 4
f 13/189/245 142/258/246 152/270/247 89/196/248 
f 26/185/249 167/287/250 164/284/251 94/201/252 
s 2
f 91/204/253 22/47/254 487/48/255 92/202/256 
f 130/245/257 115/228/258 93/203/259 94/205/260 
s 8
f 5/4/261 33/81/262 95/206/263 85/192/264 
f 131/246/265 254/399/266 96/207/267 86/193/268 112/223/269 
s 2
f 114/226/270 132/247/271 97/208/272 89/197/273 
f 15/43/274 39/90/275 98/209/276 90/199/277 
s 8
f 60/120/278 53/110/279 99/210/280 103/214/281 247/392/282 
f 209/346/283 133/248/284 100/211/285 104/215/286 135/250/287 204/339/288 
s 2
f 136/251/289 134/249/290 101/212/291 105/216/292 
f 63/125/293 56/115/294 102/213/295 106/217/296 
s 8
f 137/252/297 135/250/298 104/215/299 108/219/300 255/400/301 
s 2
f 138/253/302 136/251/303 105/216/304 109/220/305 
f 76/145/306 63/125/307 106/217/308 110/221/309 
s 8
f 33/81/310 73/140/311 246/391/312 107/218/313 95/206/314 
s 2
f 132/247/315 138/253/316 109/220/317 97/208/318 
f 39/90/319 76/145/320 110/221/321 98/209/322 
s 8
f 83/190/323 100/211/324 133/248/325 124/238/326 
s 2
f 87/194/327 101/212/328 134/249/329 126/240/330 
s 4
f 89/196/331 152/270/332 153/271/333 114/225/334 
f 94/201/335 164/284/336 165/285/337 130/227/338 
s 2
f 91/204/339 92/202/340 129/244/341 128/229/342 
s 8
f 85/192/343 95/206/344 116/230/345 125/239/346 
s 2
f 90/199/347 98/209/348 117/231/349 127/242/350 
s 8
f 103/214/351 99/210/352 118/232/353 223/366/354 218/359/355 120/234/356 244/389/357 
s 2
f 106/217/358 102/213/359 119/233/360 121/235/361 
s 1
f 107/218/362 249/394/363 250/395/364 245/390/365 
s 2
f 110/221/366 106/217/367 121/235/368 123/237/369 
s 8
f 95/206/370 107/218/371 245/390/372 122/236/373 116/230/374 
s 2
f 98/209/375 110/221/376 123/237/377 117/231/378 
s 8
f 2/2/379 44/97/380 118/232/381 111/222/382 
s 2
f 11/41/383 55/114/384 119/233/385 113/224/386 
f 130/245/387 23/51/388 489/52/389 115/228/390 
s 1
f 285/436/391 235/380/392 234/379/393 284/435/394 
s 2
f 14/12/395 37/86/396 132/247/397 114/226/398 
s 1
f 49/105/399 133/248/400 209/346/401 237/382/402 210/348/403 
s 2
f 61/121/404 54/111/405 134/249/406 136/251/407 
s 8
f 82/155/408 69/135/409 135/250/410 137/252/411 
s 2
f 74/141/412 61/121/413 136/251/414 138/253/415 
s 8
f 41/94/416 82/155/417 137/252/418 131/246/419 
s 2
f 37/86/420 74/141/421 138/253/422 132/247/423 
s 1
f 178/304/424 181/308/425 148/266/426 140/255/427 
f 74/142/428 37/174/429 146/263/430 150/268/431 
s 4
f 14/188/432 114/225/433 153/271/434 141/256/435 
s 8
f 6/56/436 40/92/437 289/440/438 147/265/439 139/254/440 
s 1
f 13/11/441 36/85/442 145/262/443 142/259/444 
f 179/444/445 177/443/446 146/264/447 141/257/448 
s 8
f 199/332/449 144/261/450 555/76/451 
s 1
f 67/132/452 47/102/453 148/266/454 149/267/455 
f 80/152/456 67/132/457 149/267/458 151/269/459 
f 143/260/460 61/122/461 74/142/462 150/268/463 
f 36/85/464 80/152/465 151/269/466 145/262/467 
s 4
f 142/258/468 176/300/469 170/292/470 22/182/471 
f 91/200/472 128/243/473 153/271/474 152/270/475 
s 1
f 38/175/476 75/143/477 162/282/478 168/289/479 
s 4
f 127/241/480 16/187/481 155/273/482 165/285/483 
s 2
f 20/61/484 166/286/485 214/353/486 215/354/487 
s 1
f 176/447/488 180/449/489 157/276/490 167/288/491 
s 8
f 29/66/492 72/139/493 78/149/494 34/159/495 158/278/496 156/275/497 
s 1
f 182/451/498 181/450/499 159/279/500 161/281/501 
f 183/452/502 182/451/503 161/281/504 163/283/505 
f 542/18/506 681/136/507 162/282/508 
f 180/449/509 183/452/510 163/283/511 157/276/512 
s 4
f 167/287/513 15/186/514 90/198/515 164/284/516 
f 90/198/517 127/241/518 165/285/519 164/284/520 
s 1
f 12/10/521 56/116/522 159/279/523 154/272/524 
f 16/14/525 38/88/526 168/290/527 155/274/528 
f 548/24/529 70/137/530 150/268/531 146/263/532 
s 4
f 23/184/533 155/273/534 179/305/535 173/296/536 
s 1
f 173/295/537 25/45/538 488/31/539 171/293/540 
f 170/297/541 26/35/542 24/33/543 172/294/544 
s 8
f 43/96/545 158/277/546 270/415/547 175/299/548 174/298/549 
s 1
f 154/272/550 159/279/551 181/450/552 178/448/553 
f 155/274/554 168/290/555 177/303/556 179/306/557 
f 142/259/558 145/262/559 180/307/560 176/301/561 
f 149/267/562 148/266/563 181/308/564 182/309/565 
f 151/269/566 149/267/567 182/309/568 183/310/569 
f 145/262/570 151/269/571 183/310/572 180/307/573 
s 8
f 19/57/574 32/80/575 185/312/576 184/311/577 
s 1
f 185/312/578 32/80/579 272/418/580 273/419/581 
s 8
f 77/148/582 64/128/583 187/314/584 186/313/585 
s 1
f 64/128/586 219/361/587 220/362/588 187/314/589 
s 8
f 44/98/590 2/54/591 189/316/592 188/315/593 
s 1
f 215/355/594 281/431/595 282/432/596 217/358/597 
s 8
f 34/160/598 78/172/599 192/321/600 191/318/601 
f 78/170/602 65/167/603 193/323/604 192/320/605 
s 1
f 45/162/606 194/325/607 211/349/608 212/351/609 
s 8
f 45/99/610 4/58/611 195/326/612 194/324/613 
s 2
f 229/374/614 200/333/615 196/327/616 228/373/617 
f 200/334/618 201/335/619 197/329/620 196/328/621 
f 197/329/622 201/335/623 202/336/624 198/330/625 
s 4
f 28/75/626 233/378/627 203/338/628 
s 1
f 200/334/629 276/424/630 277/425/631 201/335/632 
f 277/425/633 278/426/634 202/336/635 201/335/636 
f 286/437/637 203/338/638 233/378/639 
f 135/250/640 69/135/641 205/341/642 236/381/643 204/339/644 
f 69/134/645 193/322/646 206/342/647 205/340/648 
f 193/322/649 65/129/650 207/344/651 206/342/652 
f 65/166/653 59/119/654 208/345/655 207/343/656 
f 62/123/657 55/113/658 680/106/659 679/1063/660 
f 204/339/661 236/381/662 237/382/663 209/346/664 
s 2
f 205/340/665 206/342/666 211/349/667 210/347/668 
s 4
f 206/342/669 207/344/670 212/351/671 211/349/672 
f 212/350/673 207/343/674 208/345/675 563/68/676 
s 1
f 214/353/677 280/429/678 281/430/679 215/354/680 
s 4
f 8/6/681 216/357/682 234/379/683 235/380/684 
f 216/356/685 8/60/686 190/317/687 217/358/688 
s 2
f 217/358/689 190/317/690 20/157/691 215/355/692 
f 231/376/693 224/367/694 219/360/695 230/375/696 
f 224/368/697 225/369/698 220/362/699 219/361/700 
f 220/362/701 225/369/702 226/370/703 221/363/704 
s 4
f 221/364/705 226/371/706 227/372/707 558/72/708 
s 1
f 118/232/709 44/97/710 224/367/711 231/376/712 223/366/713 
f 44/98/714 188/315/715 225/369/716 224/368/717 
f 225/369/718 188/315/719 48/179/720 226/370/721 
f 226/371/722 48/103/723 51/108/724 227/372/725 
s 4
f 218/359/726 223/366/727 231/376/728 230/375/729 
f 232/377/730 198/331/731 202/337/732 233/378/733 
s 2
f 205/341/734 210/348/735 237/382/736 236/381/737 
s 1
f 253/398/738 247/392/739 103/214/740 252/397/741 
s 2
f 239/384/742 242/387/743 241/386/744 240/385/745 
f 242/387/746 239/384/747 238/383/748 243/388/749 
s 8
f 120/234/750 122/236/751 245/390/752 244/389/753 
f 246/391/754 73/140/755 60/120/756 247/392/757 
s 1
f 107/218/758 246/391/759 248/393/760 249/394/761 
s 4
f 244/389/762 245/390/763 250/395/764 251/396/765 
s 1
f 103/214/766 244/389/767 251/396/768 252/397/769 
s 2
f 238/383/770 248/393/771 253/398/772 243/388/773 
s 1
f 238/383/774 239/384/775 249/394/776 248/393/777 
f 249/394/778 239/384/779 240/385/780 250/395/781 
s 2
f 240/385/782 241/386/783 251/396/784 250/395/785 
s 1
f 241/386/786 242/387/787 252/397/788 251/396/789 
f 252/397/790 242/387/791 243/388/792 253/398/793 
s 4
f 248/393/794 246/391/795 247/392/796 253/398/797 
s 8
f 131/246/798 137/252/799 255/400/800 254/399/801 
s 1
f 96/207/802 259/404/803 260/405/804 256/401/805 
s 2
f 263/408/806 255/400/807 108/219/808 262/407/809 
s 8
f 265/410/810 268/413/811 267/412/812 266/411/813 
f 268/413/814 265/410/815 264/409/816 269/414/817 
s 1
f 258/403/818 259/404/819 96/207/820 254/399/821 
s 4
f 263/408/822 258/403/823 254/399/824 255/400/825 
s 2
f 261/406/826 262/407/827 108/219/828 257/402/829 
s 4
f 256/401/830 260/405/831 261/406/832 257/402/833 
s 1
f 258/403/834 264/409/835 265/410/836 259/404/837 
f 259/404/838 265/410/839 266/411/840 260/405/841 
s 4
f 260/405/842 266/411/843 267/412/844 261/406/845 
s 2
f 261/406/846 267/412/847 268/413/848 262/407/849 
f 262/407/850 268/413/851 269/414/852 263/408/853 
s 4
f 263/408/854 269/414/855 264/409/856 258/403/857 
s 1
f 214/353/858 166/286/859 279/428/860 280/429/861 
f 234/379/862 216/357/863 283/434/864 284/435/865 
f 32/79/866 116/230/867 271/416/868 272/417/869 
f 276/423/870 200/333/871 229/374/872 275/422/873 
f 228/373/874 196/327/875 272/417/876 271/416/877 
f 196/328/878 197/329/879 273/419/880 272/418/881 
f 273/419/882 197/329/883 198/330/884 274/420/885 
f 274/421/886 198/331/887 232/377/888 288/439/889 
f 275/422/890 122/236/891 77/147/892 276/423/893 
f 276/424/894 77/148/895 186/313/896 277/425/897 
f 186/313/898 81/181/899 278/426/900 277/425/901 
f 71/138/902 203/338/903 286/437/904 287/438/905 
s 2
f 270/415/906 158/277/907 280/429/908 279/428/909 
s 1
f 280/429/910 158/277/911 34/82/912 281/430/913 
f 281/431/914 34/158/915 191/319/916 282/432/917 
f 191/319/918 41/93/919 283/433/920 282/432/921 
f 41/94/922 131/246/923 284/435/924 283/434/925 
f 284/435/926 131/246/927 112/223/928 285/436/929 
f 278/427/930 286/437/931 233/378/932 202/337/933 
f 286/437/934 278/427/935 81/153/936 287/438/937 
f 232/377/938 199/332/939 288/439/940 
f 199/332/941 147/265/942 289/440/943 288/439/944 
f 229/374/945 228/373/946 271/416/947 275/422/948 
f 339/520/949 344/527/950 304/478/951 298/455/952 
f 338/519/953 340/522/954 294/466/955 290/453/956 
f 302/475/957 305/479/958 295/461/959 291/459/960 
f 326/505/961 331/512/962 297/472/963 293/470/964 
f 294/466/965 340/522/966 339/521/967 298/468/968 
f 299/463/969 295/461/970 305/479/971 303/477/972 
f 301/474/973 297/472/974 331/512/975 329/510/976 
f 315/491/977 335/516/978 332/513/979 303/476/980 
f 314/490/981 316/493/982 305/479/983 302/475/984 
f 316/493/985 315/492/986 303/477/987 305/479/988 
f 301/458/989 329/509/990 333/514/991 308/482/992 
f 293/460/993 297/462/994 309/484/995 307/481/996 
f 309/484/997 297/462/998 301/464/999 308/483/1000 
f 308/482/1001 333/514/1002 334/515/1003 311/486/1004 
f 307/481/1005 309/484/1006 312/488/1007 310/485/1008 
f 309/484/1009 308/483/1010 311/487/1011 312/488/1012 
f 320/497/1013 336/517/1014 335/516/1015 315/491/1016 
f 319/496/1017 321/499/1018 316/493/1019 314/490/1020 
f 321/499/1021 320/498/1022 315/492/1023 316/493/1024 
f 363/548/1025 366/552/1026 336/517/1027 320/497/1028 
f 362/570/1029 364/572/1030 321/499/1031 319/496/1032 
f 364/572/1033 363/571/1034 320/498/1035 321/499/1036 
f 311/486/1037 334/515/1038 337/518/1039 324/502/1040 
f 323/501/1041 310/485/1042 312/488/1043 325/504/1044 
f 325/504/1045 312/488/1046 311/487/1047 324/503/1048 
f 299/456/1049 303/476/1050 332/513/1051 328/507/1052 
f 291/465/1053 295/467/1054 330/511/1055 327/506/1056 
f 350/533/1057 352/536/1058 331/512/1059 326/505/1060 
f 330/511/1061 295/467/1062 299/469/1063 328/508/1064 
f 352/536/1065 351/535/1066 329/510/1067 331/512/1068 
s 4
f 356/540/1069 353/537/1070 332/513/1071 335/516/1072 
s 1
f 351/534/1073 354/538/1074 333/514/1075 329/509/1076 
s 4
f 354/538/1077 355/539/1078 334/515/1079 333/514/1080 
f 357/541/1081 356/582/1082 335/574/1083 336/575/1084 
f 358/542/1085 368/587/1086 366/589/1087 337/576/1088 
f 355/581/1089 358/542/1090 337/576/1091 334/573/1092 
s 1
f 370/556/1093 375/563/1094 344/527/1095 339/520/1096 
f 369/555/1097 371/558/1098 340/522/1099 338/519/1100 
f 371/558/1101 370/557/1102 339/521/1103 340/522/1104 
f 292/454/1105 296/471/1106 343/526/1107 341/523/1108 
f 296/471/1109 300/473/1110 342/525/1111 343/526/1112 
s 4
f 317/494/1113 304/478/1114 344/527/1115 347/530/1116 
s 1
f 300/457/1117 306/480/1118 345/528/1119 342/524/1120 
s 4
f 306/480/1121 313/489/1122 346/529/1123 345/528/1124 
f 318/495/1125 317/494/1126 347/530/1127 348/531/1128 
f 322/500/1129 365/592/1130 367/594/1131 349/532/1132 
f 313/489/1133 322/500/1134 349/532/1135 346/529/1136 
s 1
f 372/559/1137 374/562/1138 352/536/1139 350/533/1140 
f 374/562/1141 373/561/1142 351/535/1143 352/536/1144 
s 4
f 378/566/1145 375/563/1146 353/537/1147 356/540/1148 
s 1
f 373/560/1149 376/564/1150 354/538/1151 351/534/1152 
s 4
f 376/564/1153 377/565/1154 355/539/1155 354/538/1156 
f 379/567/1157 378/586/1158 356/582/1159 357/541/1160 
f 380/568/1161 381/588/1162 368/587/1163 358/542/1164 
f 377/585/1165 380/568/1166 358/542/1167 355/581/1168 
s 1
f 328/507/1169 332/513/1170 353/537/1171 360/544/1172 
f 327/506/1173 330/511/1174 361/546/1175 359/543/1176 
f 330/511/1177 328/508/1178 360/545/1179 361/546/1180 
f 324/502/1181 337/518/1182 366/593/1183 363/591/1184 
f 362/547/1185 323/501/1186 325/504/1187 364/550/1188 
f 364/550/1189 325/504/1190 324/503/1191 363/549/1192 
s 4
f 357/541/1193 336/575/1194 366/583/1195 368/554/1196 
f 318/495/1197 348/531/1198 367/553/1199 365/551/1200 
f 348/579/1201 379/567/1202 381/569/1203 367/584/1204 
s 1
f 360/544/1205 353/537/1206 375/563/1207 370/556/1208 
f 359/543/1209 361/546/1210 371/558/1211 369/555/1212 
f 361/546/1213 360/545/1214 370/557/1215 371/558/1216 
f 341/523/1217 343/526/1218 374/562/1219 372/559/1220 
f 343/526/1221 342/525/1222 373/561/1223 374/562/1224 
s 4
f 347/530/1225 344/527/1226 375/563/1227 378/566/1228 
s 1
f 342/524/1229 345/528/1230 376/564/1231 373/560/1232 
s 4
f 345/528/1233 346/529/1234 377/565/1235 376/564/1236 
f 348/579/1237 347/578/1238 378/586/1239 379/567/1240 
f 349/580/1241 367/590/1242 381/588/1243 380/568/1244 
f 346/577/1245 349/580/1246 380/568/1247 377/585/1248 
f 357/541/1249 368/554/1250 381/569/1251 379/567/1252 
s 1
f 458/671/1253 408/621/1254 388/601/1255 457/670/1256 
f 409/622/1257 389/602/1258 433/646/1259 434/647/1260 
f 410/623/1261 390/603/1262 442/655/1263 443/656/1264 
f 411/624/1265 391/604/1266 450/663/1267 451/664/1268 
f 456/669/1269 423/636/1270 393/606/1271 455/668/1272 
f 432/645/1273 424/637/1274 394/607/1275 431/644/1276 
f 441/654/1277 425/638/1278 395/608/1279 440/653/1280 
f 449/662/1281 426/639/1282 396/609/1283 448/661/1284 
f 418/631/1285 398/611/1286 453/666/1287 454/667/1288 
f 430/643/1289 419/632/1290 399/612/1291 429/642/1292 
f 420/633/1293 400/613/1294 438/651/1295 439/652/1296 
f 421/634/1297 401/614/1298 446/659/1299 447/660/1300 
f 402/615/1301 452/665/1302 413/626/1303 403/616/1304 
f 414/627/1305 404/617/1306 427/640/1307 428/641/1308 
f 437/650/1309 415/628/1310 405/618/1311 436/649/1312 
f 445/658/1313 416/629/1314 406/619/1315 
f 382/595/1316 383/596/1317 408/621/1318 458/671/1319 
f 384/597/1320 409/622/1321 434/647/1322 435/648/1323 
f 385/598/1324 410/623/1325 443/656/1326 444/657/1327 
f 386/599/1328 411/624/1329 451/664/1330 
f 453/666/1331 398/611/1332 413/626/1333 452/665/1334 
f 399/612/1335 414/627/1336 428/641/1337 429/642/1338 
f 438/651/1339 400/613/1340 415/628/1341 437/650/1342 
f 446/659/1343 401/614/1344 416/629/1345 445/658/1346 
f 393/606/1347 418/631/1348 454/667/1349 455/668/1350 
f 394/607/1351 419/632/1352 430/643/1353 431/644/1354 
f 440/653/1355 395/608/1356 420/633/1357 439/652/1358 
f 448/661/1359 396/609/1360 421/634/1361 447/660/1362 
f 457/670/1363 388/601/1364 423/636/1365 456/669/1366 
f 389/602/1367 424/637/1368 432/645/1369 433/646/1370 
f 442/655/1371 390/603/1372 425/638/1373 441/654/1374 
f 450/663/1375 391/604/1376 426/639/1377 449/662/1378 
f 403/616/1379 413/626/1380 428/641/1381 427/640/1382 
f 413/626/1383 398/611/1384 429/642/1385 428/641/1386 
f 398/611/1387 418/631/1388 430/643/1389 429/642/1390 
f 418/631/1391 393/606/1392 431/644/1393 430/643/1394 
f 431/644/1395 393/606/1396 423/636/1397 432/645/1398 
f 423/636/1399 388/601/1400 433/646/1401 432/645/1402 
f 433/646/1403 388/601/1404 408/621/1405 434/647/1406 
f 408/621/1407 383/596/1408 435/648/1409 434/647/1410 
f 436/649/1411 404/617/1412 414/627/1413 437/650/1414 
f 437/650/1415 414/627/1416 399/612/1417 438/651/1418 
f 438/651/1419 399/612/1420 419/632/1421 439/652/1422 
f 439/652/1423 419/632/1424 394/607/1425 440/653/1426 
f 440/653/1427 394/607/1428 424/637/1429 441/654/1430 
f 424/637/1431 389/602/1432 442/655/1433 441/654/1434 
f 389/602/1435 409/622/1436 443/656/1437 442/655/1438 
f 409/622/1439 384/597/1440 444/657/1441 443/656/1442 
f 415/628/1443 445/658/1444 406/619/1445 405/618/1446 
f 415/628/1447 400/613/1448 446/659/1449 445/658/1450 
f 400/613/1451 420/633/1452 447/660/1453 446/659/1454 
f 447/660/1455 420/633/1456 395/608/1457 448/661/1458 
f 448/661/1459 395/608/1460 425/638/1461 449/662/1462 
f 449/662/1463 425/638/1464 390/603/1465 450/663/1466 
f 390/603/1467 410/623/1468 451/664/1469 450/663/1470 
f 410/623/1471 385/598/1472 386/599/1473 451/664/1474 
f 402/615/1475 412/625/1476 452/665/1477 
f 412/625/1478 397/610/1479 453/666/1480 452/665/1481 
f 397/610/1482 417/630/1483 454/667/1484 453/666/1485 
f 417/630/1486 392/605/1487 455/668/1488 454/667/1489 
f 455/668/1490 392/605/1491 422/635/1492 456/669/1493 
f 456/669/1494 422/635/1495 387/600/1496 457/670/1497 
f 457/670/1498 387/600/1499 407/620/1500 458/671/1501 
f 458/671/1502 407/620/1503 382/595/1504 
s 16
f 488/734/1505 459/672/1506 461/674/1507 489/736/1508 
s 8
f 487/732/1509 460/673/1510 459/676/1511 488/735/1512 
s 32
f 489/737/1513 461/677/1514 462/675/1515 24/738/1516 
s 64
f 487/733/1517 24/739/1518 462/678/1519 460/679/1520 
s 8
f 464/681/1521 463/680/1522 466/683/1523 465/682/1524 
f 468/685/1525 467/684/1526 470/687/1527 469/686/1528 
f 472/689/1529 471/688/1530 474/691/1531 473/690/1532 
f 476/693/1533 475/692/1534 478/695/1535 477/694/1536 
f 477/694/1537 478/695/1538 463/697/1539 464/696/1540 
f 468/699/1541 479/698/1542 480/700/1543 465/682/1544 
f 472/702/1545 481/701/1546 482/703/1547 469/686/1548 
f 476/693/1549 483/704/1550 484/706/1551 473/705/1552 
f 485/707/1553 464/681/1554 465/682/1555 480/700/1556 
f 479/708/1557 468/685/1558 469/686/1559 482/703/1560 
f 481/709/1561 472/689/1562 473/690/1563 484/710/1564 
f 483/704/1565 476/693/1566 477/694/1567 486/711/1568 
f 486/711/1569 477/694/1570 464/713/1571 485/712/1572 
f 467/715/1573 468/714/1574 465/682/1575 466/683/1576 
f 471/717/1577 472/716/1578 469/686/1579 470/687/1580 
f 475/692/1581 476/693/1582 473/719/1583 474/718/1584 
s 1
f 459/720/1585 460/721/1586 485/722/1587 480/723/1588 
f 460/721/1589 486/724/1590 485/722/1591 
s 2
f 460/721/1592 462/725/1593 483/726/1594 486/724/1595 
f 462/725/1596 484/727/1597 483/726/1598 
s 1
f 462/725/1599 461/728/1600 481/729/1601 484/727/1602 
f 461/728/1603 482/730/1604 481/729/1605 
s 2
f 461/728/1606 459/720/1607 479/731/1608 482/730/1609 
s 4
f 459/720/1610 480/723/1611 479/731/1612 
s 1
f 565/767/1613 679/809/1614 680/1064/1615 541/808/1616 566/768/1617 
f 525/777/1618 490/740/1619 491/741/1620 524/776/1621 
f 564/841/1622 31/840/1623 493/743/1624 492/742/1625 
f 31/840/1626 563/839/1627 494/744/1628 493/743/1629 
f 563/839/1630 30/838/1631 495/745/1632 494/744/1633 
f 30/838/1634 29/837/1635 496/746/1636 495/745/1637 
f 29/859/1638 562/836/1639 497/747/1640 496/854/1641 
f 562/836/1642 561/835/1643 498/748/1644 497/747/1645 
f 561/835/1646 560/834/1647 499/749/1648 498/748/1649 
f 560/834/1650 553/825/1651 500/750/1652 499/749/1653 
f 553/853/1654 27/826/1655 501/751/1656 500/848/1657 
f 27/826/1658 554/827/1659 502/752/1660 501/751/1661 
f 554/827/1662 555/828/1663 503/753/1664 502/752/1665 
f 555/828/1666 28/829/1667 504/754/1668 503/753/1669 
f 28/847/1670 556/830/1671 505/755/1672 504/842/1673 
f 556/830/1674 557/831/1675 506/756/1676 505/755/1677 
f 557/831/1678 558/832/1679 507/757/1680 506/756/1681 
f 558/832/1682 559/833/1683 540/807/1684 507/757/1685 
f 552/823/1686 551/822/1687 511/790/1688 510/789/1689 
f 143/1066/1690 550/821/1691 512/791/1692 511/790/1693 551/822/1694 
f 550/821/1695 549/846/1696 513/844/1697 512/791/1698 
f 70/1067/1699 548/819/1700 514/793/1701 513/792/1702 549/820/1703 
f 548/819/1704 547/818/1705 515/794/1706 514/793/1707 
f 547/818/1708 546/817/1709 516/795/1710 515/794/1711 
f 546/817/1712 169/852/1713 517/851/1714 516/795/1715 
f 169/816/1716 545/815/1717 518/797/1718 517/796/1719 
f 545/815/1720 544/814/1721 519/798/1722 518/797/1723 
f 544/814/1724 543/813/1725 520/799/1726 519/798/1727 
f 681/1068/1728 542/858/1729 521/857/1730 520/799/1731 543/813/1732 
f 542/812/1733 160/811/1734 522/801/1735 521/800/1736 
f 57/1065/1737 678/810/1738 581/802/1739 522/801/1740 160/811/1741 
f 678/810/1742 679/809/1743 565/767/1744 581/802/1745 
f 532/850/1746 533/785/1747 574/766/1748 575/849/1749 
f 533/785/1750 534/786/1751 573/765/1752 574/766/1753 
f 531/783/1754 532/784/1755 575/769/1756 576/770/1757 
f 534/786/1758 535/787/1759 572/764/1760 573/765/1761 
f 535/787/1762 536/803/1763 571/763/1764 572/764/1765 
f 536/845/1766 537/804/1767 570/762/1768 571/843/1769 
f 537/804/1770 538/805/1771 569/761/1772 570/762/1773 
f 538/805/1774 539/806/1775 568/760/1776 569/761/1777 
f 539/806/1778 508/758/1779 567/759/1780 568/760/1781 
f 531/783/1782 576/770/1783 577/771/1784 530/782/1785 
f 529/781/1786 530/782/1787 577/771/1788 578/772/1789 
f 529/781/1790 578/772/1791 579/855/1792 528/856/1793 
f 527/779/1794 528/780/1795 579/773/1796 580/774/1797 
f 527/779/1798 580/774/1799 523/775/1800 526/778/1801 
f 525/777/1802 526/778/1803 523/775/1804 490/740/1805 
f 50/1069/1806 552/823/1807 510/789/1808 509/788/1809 21/824/1810 
f 524/776/1811 492/742/1812 493/743/1813 525/777/1814 
f 525/777/1815 493/743/1816 494/744/1817 526/778/1818 
f 526/778/1819 494/744/1820 495/745/1821 527/779/1822 
f 527/779/1823 495/745/1824 496/746/1825 528/780/1826 
f 528/856/1827 496/854/1828 497/747/1829 529/781/1830 
f 529/781/1831 497/747/1832 498/748/1833 530/782/1834 
f 530/782/1835 498/748/1836 499/749/1837 531/783/1838 
f 531/783/1839 499/749/1840 500/750/1841 532/784/1842 
f 532/850/1843 500/848/1844 501/751/1845 533/785/1846 
f 533/785/1847 501/751/1848 502/752/1849 534/786/1850 
f 534/786/1851 502/752/1852 503/753/1853 535/787/1854 
f 535/787/1855 503/753/1856 504/754/1857 536/803/1858 
f 536/845/1859 504/842/1860 505/755/1861 537/804/1862 
f 537/804/1863 505/755/1864 506/756/1865 538/805/1866 
f 538/805/1867 506/756/1868 507/757/1869 539/806/1870 
f 539/806/1871 507/757/1872 540/807/1873 508/758/1874 
f 490/740/1875 565/767/1876 566/768/1877 491/741/1878 
f 567/759/1879 509/788/1880 510/789/1881 568/760/1882 
f 568/760/1883 510/789/1884 511/790/1885 569/761/1886 
f 569/761/1887 511/790/1888 512/791/1889 570/762/1890 
f 570/762/1891 512/791/1892 513/844/1893 571/843/1894 
f 571/763/1895 513/792/1896 514/793/1897 572/764/1898 
f 572/764/1899 514/793/1900 515/794/1901 573/765/1902 
f 573/765/1903 515/794/1904 516/795/1905 574/766/1906 
f 574/766/1907 516/795/1908 517/851/1909 575/849/1910 
f 575/769/1911 517/796/1912 518/797/1913 576/770/1914 
f 576/770/1915 518/797/1916 519/798/1917 577/771/1918 
f 577/771/1919 519/798/1920 520/799/1921 578/772/1922 
f 578/772/1923 520/799/1924 521/857/1925 579/855/1926 
f 579/773/1927 521/800/1928 522/801/1929 580/774/1930 
f 580/774/1931 522/801/1932 581/802/1933 523/775/1934 
f 523/775/1935 581/802/1936 565/767/1937 490/740/1938 
f 598/898/1939 600/899/1940 583/865/1941 582/861/1942 
f 603/879/1943 601/878/1944 584/866/1945 587/867/1946 
f 604/901/1947 602/900/1948 585/872/1949 588/886/1950 
s off
f 605/887/1951 599/884/1952 586/864/1953 589/869/1954 
s 1
f 599/884/1955 598/883/1956 582/860/1957 586/864/1958 
f 603/879/1959 607/890/1960 608/891/1961 593/875/1962 
f 604/880/1963 610/894/1964 611/895/1965 594/876/1966 
f 605/887/1967 602/885/1968 592/870/1969 595/871/1970 
f 596/897/1971 590/888/1972 600/899/1973 598/898/1974 
f 593/875/1975 591/874/1976 601/878/1977 603/879/1978 
f 594/896/1979 592/892/1980 602/900/1981 604/901/1982 
s off
f 595/871/1983 597/882/1984 599/884/1985 605/887/1986 
s 1
f 597/882/1987 596/881/1988 598/883/1989 599/884/1990 
f 587/867/1991 606/889/1992 607/890/1993 603/879/1994 
f 588/868/1995 609/893/1996 610/894/1997 604/880/1998 
f 589/869/1999 585/862/2000 602/885/2001 605/887/2002 
f 583/863/2003 600/877/2004 607/890/2005 606/889/2006 
f 600/877/2007 590/873/2008 608/891/2009 607/890/2010 
f 584/866/2011 601/878/2012 610/894/2013 609/893/2014 
f 601/878/2015 591/874/2016 611/895/2017 610/894/2018 
f 35/925/2019 33/924/2020 5/922/2021 7/923/2022 
s 2
f 79/931/2023 73/930/2024 33/924/2025 35/925/2026 
s 1
f 73/930/2027 79/931/2028 66/929/2029 60/928/2030 
s 2
f 60/928/2031 66/929/2032 46/926/2033 53/927/2034 
s 1
f 53/927/2035 46/926/2036 3/921/2037 1/920/2038 
s 2
f 292/933/2039 290/932/2040 294/934/2041 296/935/2042 
s off
f 296/935/2043 294/934/2044 298/936/2045 304/938/2046 317/941/2047 318/942/2048 365/944/2049 322/943/2050 313/940/2051 306/939/2052 300/937/2053 
s 2
f 585/913/2054 474/907/2055 471/906/2056 588/916/2057 
f 583/911/2058 466/903/2059 463/902/2060 582/910/2061 
f 584/912/2062 470/905/2063 467/904/2064 587/915/2065 
f 586/914/2066 478/909/2067 475/908/2068 589/917/2069 
f 585/913/2070 589/917/2071 475/908/2072 474/907/2073 
f 586/914/2074 582/910/2075 463/902/2076 478/909/2077 
f 584/912/2078 609/919/2079 588/916/2080 471/906/2081 470/905/2082 
f 583/911/2083 606/918/2084 587/915/2085 467/904/2086 466/903/2087 
s 1
f 675/1048/2088 667/1045/2089 616/987/2090 628/1023/2091 
s 2
f 644/1036/2092 641/1032/2093 617/972/2094 629/978/2095 
s 1
f 657/1043/2096 656/1042/2097 619/991/2098 631/1040/2099 
s 4
f 661/1011/2100 659/1029/2101 635/1024/2102 620/950/2103 
s 1
f 616/945/2104 667/1019/2105 666/1018/2106 624/954/2107 
s 2
f 625/958/2108 617/947/2109 641/975/2110 640/974/2111 
s 1
f 627/960/2112 619/949/2113 656/1004/2114 654/999/2115 
f 668/1005/2116 665/1003/2117 630/968/2118 614/956/2119 
s 2
f 615/957/2120 631/969/2121 647/984/2122 645/983/2123 
s 1
f 613/955/2124 629/967/2125 658/996/2126 652/989/2127 
s 2
f 647/1037/2128 650/1039/2129 637/1001/2130 638/1013/2131 
s 4
f 649/992/2132 663/1012/2133 659/1008/2134 633/961/2135 
s 2
f 650/993/2136 649/992/2137 633/961/2138 637/965/2139 
f 644/982/2140 642/977/2141 632/1033/2142 638/1034/2143 
f 638/1015/2144 637/1014/2145 641/1032/2146 644/1036/2147 
s 4
f 624/954/2148 666/1018/2149 670/1021/2150 643/980/2151 
s 2
f 613/955/2152 652/989/2153 662/998/2154 642/977/2155 
f 637/1028/2156 633/1016/2157 640/974/2158 641/975/2159 
f 644/982/2160 629/967/2161 613/955/2162 642/977/2163 
f 638/971/2164 632/970/2165 645/983/2166 647/984/2167 
f 631/979/2168 619/973/2169 650/1039/2170 647/1037/2171 
s 4
f 627/960/2172 654/999/2173 663/1012/2174 649/992/2175 
s 2
f 650/993/2176 619/949/2177 627/960/2178 649/992/2179 
s 1
f 629/1038/2180 617/990/2181 655/1041/2182 658/1044/2183 
f 668/1046/2184 674/1047/2185 656/1042/2186 657/1043/2187 
s 4
f 640/974/2188 633/1016/2189 659/1029/2190 661/1011/2191 
s 2
f 632/1033/2192 642/977/2193 662/998/2194 660/1035/2195 
s 1
f 655/1000/2196 617/947/2197 625/958/2198 653/994/2199 
f 674/1027/2200 673/1026/2201 654/999/2202 656/1004/2203 
f 657/995/2204 631/969/2205 615/957/2206 651/988/2207 
f 675/1009/2208 672/1007/2209 652/989/2210 658/996/2211 
s 4
f 677/1030/2212 669/1020/2213 636/964/2214 623/953/2215 
s 2
f 645/983/2216 632/970/2217 660/997/2218 664/1002/2219 
s 4
f 625/958/2220 640/974/2221 661/1011/2222 653/994/2223 
s 2
f 672/1007/2224 676/1010/2225 662/998/2226 652/989/2227 
s 4
f 673/1026/2228 677/1030/2229 663/1012/2230 654/999/2231 
s 2
f 615/957/2232 645/983/2233 664/1002/2234 651/988/2235 
s 1
f 658/1044/2236 655/1041/2237 667/1045/2238 675/1048/2239 
s 4
f 634/1017/2240 643/980/2241 670/1021/2242 669/1031/2243 
s 1
f 655/1000/2244 653/994/2245 666/1018/2246 667/1019/2247 
f 657/995/2248 651/988/2249 665/1003/2250 668/1005/2251 
s 4
f 653/994/2252 661/1011/2253 670/1021/2254 666/1018/2255 
s 2
f 651/988/2256 664/1002/2257 671/1006/2258 665/1003/2259 
s 1
f 614/986/2260 626/1022/2261 674/1047/2262 668/1046/2263 
f 628/966/2264 612/946/2265 672/1007/2266 675/1009/2267 
s 4
f 646/981/2268 634/962/2269 669/1020/2270 677/1030/2271 
s 2
f 612/946/2272 639/976/2273 676/1010/2274 672/1007/2275 
s 4
f 618/948/2276 646/981/2277 677/1030/2278 673/1026/2279 
s 1
f 618/948/2280 673/1026/2281 674/1027/2282 626/959/2283 
s 2
f 671/1006/2284 648/985/2285 630/968/2286 665/1003/2287 
s off
f 626/1054/2288 614/1050/2289 630/1056/2290 648/1061/2291 639/1058/2292 612/1049/2293 628/1055/2294 616/1051/2295 624/1053/2296 643/1059/2297 634/1057/2298 646/1060/2299 618/1052/2300 
s 1
f 168/289/2301 543/19/2302 544/20/2303 
f 168/289/2304 162/282/2305 681/136/2306 543/19/2307 
f 146/263/2308 177/442/2309 169/441/2310 546/22/2311 
f 547/23/2312 146/263/2313 546/22/2314 
f 150/268/2315 70/137/2316 549/25/2317 
f 162/282/2318 160/280/2319 542/18/2320 
s 4
f 25/183/2321 173/296/2322 179/305/2323 141/256/2324 
s 8
f 562/65/2325 156/275/2326 158/278/2327 
f 560/63/2328 561/64/2329 158/278/2330 
f 561/64/2331 562/65/2332 158/278/2333 
s 1
f 552/28/2334 50/107/2335 54/112/2336 
f 551/27/2337 552/28/2338 54/112/2339 
f 550/26/2340 143/260/2341 150/268/2342 
s 8
f 556/74/2343 71/138/2344 287/438/2345 81/153/2346 
f 30/67/2347 59/119/2348 65/168/2349 
s 4
f 26/185/2350 170/292/2351 176/300/2352 167/287/2353 
s 8
f 27/78/2354 42/95/2355 147/265/2356 
f 555/76/2357 554/77/2358 147/265/2359 199/332/2360 
f 554/77/2361 27/78/2362 147/265/2363 
s 4
f 22/182/2364 91/200/2365 152/270/2366 142/258/2367 
f 23/184/2368 130/227/2369 165/285/2370 155/273/2371 
f 28/75/2372 144/261/2373 199/332/2374 232/377/2375 233/378/2376 
s 1
f 678/1062/2377 57/117/2378 62/123/2379 
f 679/1063/2380 678/1062/2381 62/123/2382 
s 4
f 563/68/2383 31/69/2384 212/350/2385 
f 31/69/2386 213/352/2387 212/350/2388 
f 558/72/2389 557/73/2390 221/364/2391 
f 557/73/2392 222/365/2393 221/364/2394 
f 621/951/2395 636/1025/2396 669/1031/2397 670/1021/2398 
f 620/950/2399 621/951/2400 670/1021/2401 661/1011/2402 
f 623/953/2403 622/952/2404 663/1012/2405 677/1030/2406 
f 622/952/2407 635/963/2408 659/1008/2409 663/1012/2410 
s 1
f 544/20/2411 545/21/2412 168/289/2413 
f 547/23/2414 548/24/2415 146/263/2416 
# 565 polygons - 36 triangles

