#
# logs
#

v  -0.165103 0.229613 0.101059
v  -0.196397 0.199504 0.083223
v  -0.131314 0.206160 0.100990
v  -0.109754 0.224707 0.141599
v  -0.103234 0.228445 0.189083
v  -0.115002 0.214788 0.233139
v  -0.194373 0.145027 0.093570
v  -0.159692 0.178869 0.087467
v  0.221051 -0.103167 0.156796
v  0.219956 -0.103687 0.193299
v  0.202734 -0.118060 0.228156
v  0.130288 -0.187014 0.097304
v  0.111273 -0.023166 0.112357
v  0.126554 -0.008790 0.155970
v  0.119888 -0.011089 0.190478
v  0.107064 -0.022180 0.231967
v  0.050362 -0.078838 0.097280
v  0.083203 -0.048964 0.091180
v  0.194223 -0.128329 0.110459
v  0.184469 -0.136323 0.220743
v  0.133087 -0.183736 0.124650
v  0.166363 -0.154007 0.095524
v  -0.144446 0.249669 0.138269
v  -0.139954 0.254296 0.184881
v  -0.152822 0.242248 0.228408
v  -0.229938 0.167404 0.089545
v  -0.059957 0.137855 0.106724
v  -0.040525 0.154154 0.147835
v  -0.034173 0.157915 0.192447
v  -0.045495 0.144881 0.233678
v  -0.117090 0.082677 0.100471
v  -0.086107 0.112849 0.095412
v  -0.011445 0.102814 0.109329
v  0.009434 0.114427 0.154812
v  0.008823 0.115413 0.192974
v  -0.000008 0.104284 0.229902
v  -0.076939 0.051372 0.104673
v  -0.046860 0.076505 0.092957
v  0.049250 0.044446 0.109112
v  0.063921 0.058116 0.155862
v  0.057416 0.057730 0.190549
v  0.047991 0.048958 0.226377
v  -0.016396 -0.016718 0.098952
v  0.017416 0.014782 0.091721
v  0.143166 -0.173627 0.211013
v  -0.216596 0.181085 0.196981
v  -0.178003 0.218027 0.210459
v  -0.224046 0.173303 0.121408
v  0.220491 -0.103529 0.173465
v  0.123172 -0.009956 0.173476
v  0.217857 -0.105800 0.182520
v  0.122514 -0.010214 0.176992
v  0.210951 -0.112359 0.172707
v  0.042543 -0.093216 0.123828
v  0.060613 -0.087710 0.203622
v  0.085698 -0.054410 0.214118
v  -0.014790 -0.018349 0.125737
v  -0.007563 -0.017652 0.198343
v  0.019939 0.013528 0.213206
v  -0.083737 0.042662 0.128020
v  -0.072174 0.042992 0.198646
v  -0.035576 0.070881 0.212436
v  -0.117600 0.082099 0.130807
v  -0.112333 0.083880 0.195888
v  -0.076566 0.113229 0.211867
v  -0.192871 0.142137 0.121691
v  -0.181492 0.148247 0.196715
v  -0.144358 0.183268 0.210926
v  -0.105419 0.227193 0.173174
v  -0.141903 0.252347 0.169928
v  -0.106578 0.226528 0.164730
v  -0.142603 0.251501 0.155439
v  -0.111077 0.222082 0.168269
v  -0.150556 0.244157 0.166482
v  -0.037170 0.156141 0.171401
v  -0.213616 0.183322 0.143490
v  -0.183872 0.149051 0.145955
v  -0.115997 0.082641 0.150620
v  -0.188458 0.144506 0.150786
v  -0.221039 0.176444 0.151910
v  -0.189359 0.144211 0.144159
v  -0.222342 0.175083 0.138690
v  0.174105 -0.145638 0.202509
v  0.176683 -0.143368 0.219114
v  0.169749 -0.149618 0.217275
v  0.059999 0.057883 0.176778
v  0.122018 -0.010409 0.179640
v  0.384791 0.143447 0.141776
v  0.396083 0.114408 0.115851
v  0.028983 -0.135584 0.380217
v  0.002391 -0.120160 0.364129
v  -0.023124 -0.115108 0.331923
v  0.064254 -0.213078 0.312914
v  0.144127 -0.080337 0.321119
v  0.112845 -0.051367 0.319330
v  0.089111 -0.037722 0.298897
v  0.058528 -0.027574 0.268434
v  0.142176 -0.125312 0.248493
v  0.158634 -0.107647 0.300254
v  0.061756 -0.173346 0.370920
v  -0.006328 -0.140444 0.319789
v  0.071655 -0.197886 0.347691
v  0.358759 0.173732 0.148448
v  0.324961 0.197145 0.134086
v  0.292442 0.207406 0.102543
v  0.382534 0.105025 0.083394
v  0.256105 0.030938 0.243577
v  0.219872 0.057979 0.245244
v  0.192588 0.075287 0.229205
v  0.168409 0.076021 0.200218
v  0.254363 -0.005984 0.168975
v  0.269801 0.005963 0.214312
v  0.027077 -0.177691 0.310124
v  0.352141 0.134548 0.081829
v  0.314209 0.178519 0.091697
v  0.016804 -0.128635 0.372793
v  0.010135 -0.126315 0.366318
v  0.016980 -0.135189 0.363036
v  0.112060 -0.098831 0.256839
v  0.074851 -0.063210 0.259130
v  0.226618 0.010952 0.176021
v  0.184929 0.047959 0.182129
v  0.098567 -0.043188 0.307066
v  0.088008 0.087507 0.305798
v  0.081147 0.080201 0.329012
v  0.058144 0.067600 0.287080
v  0.071270 0.063993 0.262962
v  0.087766 0.047262 0.250504
v  0.102248 0.026185 0.248107
v  0.110252 0.006589 0.257948
v  0.103776 0.000027 0.279523
v  0.104617 -0.010510 0.294900
v  0.094185 -0.011197 0.319022
v  -0.048110 -0.085859 0.262997
v  -0.006634 -0.031904 0.293975
v  0.054363 0.043098 0.327574
v  0.052885 0.060099 0.307544
v  -0.272089 -0.200839 0.093779
v  -0.256430 -0.213083 0.081869
v  -0.242889 -0.230634 0.084695
v  -0.231559 -0.249232 0.090181
v  -0.226079 -0.260174 0.114619
v  -0.233459 -0.257840 0.141049
v  -0.242294 -0.248684 0.140461
v  -0.245954 -0.253151 0.158709
v  -0.277503 -0.236243 0.162228
v  -0.287527 -0.217798 0.152600
v  -0.186522 -0.114133 0.151764
v  -0.169206 -0.124806 0.133302
v  -0.154609 -0.136599 0.129634
v  -0.139129 -0.155077 0.128322
v  -0.128677 -0.174357 0.138415
v  -0.130560 -0.182185 0.155539
v  -0.138231 -0.182924 0.178621
v  -0.144824 -0.168800 0.186867
v  -0.145603 -0.172592 0.193120
v  -0.179192 -0.154789 0.203161
v  -0.189659 -0.135521 0.193071
v  -0.192351 -0.120645 0.174256
v  -0.284390 -0.197352 0.113085
v  -0.290043 -0.203560 0.134614
v  0.101819 0.083973 0.284850
v  0.118874 0.070543 0.271777
v  0.134594 0.050808 0.270076
v  0.144762 0.030051 0.280198
v  0.136629 0.023976 0.304214
v  0.140707 0.014642 0.308460
v  0.121776 0.016234 0.342531
v  0.108175 0.026977 0.352988
v  0.093250 0.043250 0.358398
v  0.083069 0.064004 0.348267
v  0.088222 -0.007471 0.326500
v  -0.244547 -0.250755 0.147332
v  -0.146650 -0.173162 0.178691
v  0.127987 0.012813 0.335669
v  -0.065007 -0.024884 0.213485
v  -0.049652 -0.034536 0.192903
v  -0.034868 -0.047733 0.179148
v  -0.021273 -0.067343 0.177317
v  -0.014791 -0.084393 0.187047
v  -0.018320 -0.095052 0.208962
v  -0.024510 -0.101481 0.233345
v  -0.033375 -0.096259 0.245315
v  0.004848 -0.048465 0.291907
v  -0.062206 -0.071526 0.259428
v  -0.066815 -0.047947 0.250943
v  -0.071224 -0.032249 0.237740
v  -0.038597 -0.092578 0.251791
v  -0.066123 -0.099817 0.251314
v  -0.080706 -0.111147 0.241281
v  -0.104708 -0.101036 0.242630
v  -0.097920 -0.074182 0.241366
v  -0.083292 -0.063209 0.249883
v  -0.071917 -0.095451 0.264065
v  -0.083494 -0.104248 0.256620
v  -0.102284 -0.096086 0.257700
v  -0.097140 -0.073891 0.256253
v  -0.085290 -0.065439 0.263330
v  -0.070837 -0.072827 0.276551
v  -0.072856 -0.108116 0.246390
v  -0.076895 -0.102291 0.260601
v  -0.094546 -0.102691 0.256638
v  -0.095073 -0.108327 0.241472
v  -0.101926 -0.085798 0.256114
v  -0.103192 -0.087661 0.241064
v  -0.078223 -0.066879 0.269615
v  -0.071752 -0.063139 0.250540
v  -0.082289 -0.096553 0.282132
v  -0.077554 -0.091174 0.282743
v  -0.074329 -0.072589 0.290190
v  -0.080770 -0.068322 0.285144
v  -0.087100 -0.067486 0.281298
v  -0.097881 -0.074139 0.279677
v  -0.102363 -0.083122 0.282810
v  -0.102984 -0.090893 0.285956
v  -0.097099 -0.096439 0.283766
v  -0.088165 -0.098141 0.280763
v  0.113248 0.049989 0.311238
v  -0.012968 0.012116 0.246948
v  0.000203 0.007319 0.224038
v  0.015759 -0.008415 0.212310
v  0.029333 -0.028243 0.210256
v  0.035929 -0.045575 0.219617
v  0.030968 -0.052852 0.238910
v  0.028616 -0.062868 0.259994
v  0.019691 -0.062179 0.278939
v  0.063926 0.021361 0.337931
v  -0.015412 -0.011207 0.283784
v  -0.017321 0.004909 0.265547
v  0.014138 -0.058638 0.286041
v  0.077243 0.004139 0.333820
v  -0.055610 -0.018203 0.219528
v  -0.043496 -0.029693 0.196936
v  -0.028875 -0.041694 0.188826
v  -0.015644 -0.061602 0.186740
v  -0.007648 -0.077521 0.197410
v  -0.009790 -0.087748 0.214145
v  -0.012090 -0.092454 0.239575
v  -0.018798 -0.086897 0.254552
v  -0.030969 -0.073756 0.272354
v  -0.041738 -0.056933 0.272152
v  -0.051911 -0.037295 0.260464
v  -0.057796 -0.022992 0.244668
v  -0.023091 -0.082598 0.261862
v  -0.118082 -0.063865 0.186527
v  -0.101246 -0.073493 0.167182
v  -0.085632 -0.084202 0.163309
v  -0.070738 -0.102963 0.161903
v  -0.062238 -0.120726 0.171922
v  -0.066182 -0.132208 0.186181
v  -0.075815 -0.136374 0.212050
v  -0.087364 -0.127570 0.221985
v  -0.091443 -0.126104 0.228022
v  -0.111860 -0.106198 0.238840
v  -0.120242 -0.089108 0.229615
v  -0.124268 -0.070959 0.209939
v  -0.082240 -0.131076 0.216980
v  -0.259073 -0.229459 0.114852
v  -0.293799 0.075111 0.076954
v  -0.320064 0.064247 0.086068
v  -0.083050 -0.183595 0.251190
v  -0.076109 -0.167940 0.270152
v  -0.080932 -0.153911 0.296784
v  -0.154371 -0.213242 0.271731
v  -0.150605 -0.128905 0.194763
v  -0.130483 -0.108905 0.208276
v  -0.127570 -0.093039 0.227580
v  -0.127941 -0.076164 0.255532
v  -0.200195 -0.135005 0.233010
v  -0.175116 -0.140298 0.199663
v  -0.112016 -0.205816 0.242835
v  -0.101261 -0.166858 0.296547
v  -0.135074 -0.214570 0.250837
v  -0.271098 0.093184 0.083809
v  -0.258039 0.113620 0.104794
v  -0.258116 0.130938 0.134293
v  -0.333947 0.068715 0.108559
v  -0.212232 -0.031172 0.136239
v  -0.188601 -0.013526 0.151735
v  -0.180847 0.003363 0.170715
v  -0.185641 0.013482 0.196163
v  -0.260897 -0.031311 0.173528
v  -0.240285 -0.038286 0.144413
v  -0.130566 -0.188624 0.287858
v  -0.313951 0.088999 0.121348
v  -0.280834 0.115182 0.131311
v  -0.079931 -0.176483 0.259919
v  -0.079895 -0.172787 0.265928
v  -0.086916 -0.177645 0.264899
v  -0.175797 -0.119953 0.242396
v  -0.149200 -0.096831 0.256525
v  -0.240686 -0.022165 0.183906
v  -0.209737 0.000672 0.198940
v  -0.128723 -0.099389 0.219884
v  -0.013527 -0.033421 0.399287
v  -0.029848 -0.022827 0.406770
v  -0.002978 -0.008643 0.379572
v  0.007315 -0.021806 0.364010
v  0.003331 -0.032832 0.345481
v  -0.008515 -0.039750 0.329347
v  -0.025790 -0.040051 0.320867
v  -0.040829 -0.030180 0.327979
v  -0.055636 -0.026076 0.328772
v  -0.068589 -0.014046 0.341316
v  -0.030201 0.104660 0.277103
v  -0.036012 0.065128 0.324054
v  -0.038936 0.006101 0.384288
v  -0.018055 0.000320 0.385413
v  0.082916 0.278309 0.137076
v  0.080848 0.267013 0.121806
v  0.067534 0.260852 0.110659
v  0.052623 0.257060 0.100356
v  0.030668 0.259058 0.105026
v  0.016835 0.268395 0.120422
v  0.023676 0.273126 0.126835
v  0.010979 0.279819 0.133396
v  0.024627 0.301123 0.148864
v  0.041764 0.303288 0.156879
v  0.063465 0.201344 0.214999
v  0.065851 0.187386 0.197322
v  0.059023 0.178101 0.186566
v  0.047415 0.169993 0.172576
v  0.029490 0.167756 0.164216
v  0.015514 0.173644 0.167877
v  0.002484 0.183375 0.179628
v  0.005393 0.186625 0.193497
v  -0.000113 0.189056 0.194237
v  0.010324 0.212763 0.213731
v  0.028245 0.215016 0.222087
v  0.047698 0.210844 0.222547
v  0.075414 0.290107 0.150078
v  0.060353 0.299251 0.157325
v  -0.005393 -0.046639 0.385301
v  -0.007625 -0.058936 0.368558
v  -0.019621 -0.067009 0.353536
v  -0.038165 -0.068690 0.344255
v  -0.054106 -0.057258 0.353051
v  -0.062122 -0.057677 0.348767
v  -0.078162 -0.037995 0.368512
v  -0.076387 -0.028190 0.381901
v  -0.068536 -0.019383 0.396465
v  -0.049985 -0.017691 0.405740
v  -0.070101 -0.009076 0.347997
v  0.018944 0.276414 0.129129
v  0.009074 0.187749 0.186728
v  -0.076967 -0.043130 0.362315
v  0.033492 0.096424 0.293332
v  0.038201 0.083433 0.275425
v  0.037098 0.072744 0.258688
v  0.025791 0.066276 0.243866
v  0.010143 0.066571 0.237114
v  -0.007746 0.075121 0.241483
v  -0.024584 0.085178 0.250063
v  -0.027518 0.092771 0.260218
v  -0.045229 0.059584 0.311275
v  -0.017740 0.111859 0.285838
v  -0.000388 0.108838 0.297289
v  0.016315 0.106692 0.301244
v  -0.028604 0.097017 0.266304
v  -0.024479 0.119981 0.263750
v  -0.019495 0.132302 0.252631
v  -0.009524 0.148920 0.261947
v  0.001780 0.137424 0.278155
v  -0.002415 0.124912 0.288278
v  -0.029095 0.125498 0.273474
v  -0.025379 0.135315 0.265036
v  -0.017477 0.148274 0.272501
v  -0.007756 0.139072 0.285736
v  -0.011467 0.129062 0.293742
v  -0.026989 0.121534 0.294321
v  -0.023393 0.126312 0.256479
v  -0.028726 0.130363 0.267730
v  -0.021819 0.143568 0.267012
v  -0.014610 0.142878 0.255800
v  -0.011864 0.145442 0.278353
v  -0.002816 0.144499 0.269712
v  -0.017951 0.124866 0.295345
v  -0.005788 0.116020 0.287654
v  -0.038403 0.136630 0.282709
v  -0.037562 0.131836 0.286097
v  -0.034650 0.126323 0.301612
v  -0.027826 0.129592 0.302410
v  -0.023359 0.133730 0.301573
v  -0.022575 0.143355 0.297376
v  -0.027507 0.149344 0.293504
v  -0.032894 0.152059 0.290090
v  -0.035556 0.148382 0.284884
v  -0.036737 0.141344 0.281502
v  -0.040646 -0.043802 0.375477
v  0.015628 0.052861 0.329609
v  0.024599 0.040118 0.313875
v  0.020848 0.029714 0.296440
v  0.009590 0.023277 0.281367
v  -0.005982 0.023488 0.274237
v  -0.020289 0.031985 0.279611
v  -0.037661 0.039346 0.283879
v  -0.047083 0.049088 0.294591
v  -0.057920 0.005147 0.374541
v  -0.017811 0.065731 0.333140
v  0.001637 0.060763 0.334627
v  -0.048546 0.053722 0.300929
v  -0.066614 -0.001995 0.360151
v  0.030267 0.088558 0.299882
v  0.036253 0.078187 0.280056
v  0.032148 0.068236 0.266938
v  0.020962 0.062079 0.251826
v  0.004840 0.061089 0.246149
v  -0.009916 0.067656 0.248082
v  -0.027641 0.074464 0.257968
v  -0.032893 0.080771 0.269661
v  -0.035065 0.090070 0.288163
v  -0.024470 0.094647 0.299913
v  -0.005440 0.096339 0.307683
v  0.012658 0.095250 0.309560
v  -0.034468 0.084287 0.276485
v  0.046584 0.142250 0.259118
v  0.050134 0.128295 0.241719
v  0.043666 0.117943 0.231476
v  0.032141 0.110340 0.217306
v  0.015461 0.109269 0.210061
v  0.002173 0.117134 0.210096
v  -0.013687 0.129594 0.221188
v  -0.012997 0.138155 0.232880
v  -0.015111 0.141941 0.237210
v  -0.007618 0.155050 0.257317
v  0.008219 0.156304 0.264512
v  0.030058 0.152302 0.266781
v  -0.012741 0.134174 0.227653
v  0.053081 0.277880 0.127933
# 429 vertices

vn 0.616820 0.696852 -0.365965
vn 0.527913 0.630990 -0.568472
vn 0.485130 0.651258 -0.583533
vn 0.558061 0.720729 -0.411238
vn 0.643373 0.750352 -0.151799
vn 0.569214 0.802515 -0.178789
vn 0.563629 0.820836 0.092467
vn 0.638049 0.760182 0.122544
vn 0.586220 0.716921 0.377319
vn 0.638049 0.760182 0.122544
vn 0.563629 0.820836 0.092467
vn 0.516097 0.774007 0.366820
vn 0.130299 0.035276 -0.990847
vn -0.013757 -0.163784 -0.986400
vn 0.001290 -0.185922 -0.982564
vn 0.097378 -0.006339 -0.995227
vn 0.247348 0.226591 -0.942059
vn 0.130299 0.035276 -0.990847
vn 0.097378 -0.006339 -0.995227
vn 0.219195 0.318497 -0.922233
vn 0.592506 0.556979 -0.581989
vn 0.689561 0.580554 -0.432970
vn 0.723856 0.673995 -0.147526
vn 0.673648 0.671802 -0.308025
vn 0.673566 0.698037 0.243010
vn -0.022530 -0.061369 0.997861
vn -0.010579 -0.048854 0.998750
vn 0.681822 0.709098 0.179719
vn 0.690304 0.712069 0.128212
vn 0.686497 0.673145 0.274951
vn 0.657705 0.645166 0.388826
vn 0.606346 0.583549 0.540199
vn -0.028523 -0.054006 -0.998133
vn -0.107219 -0.088461 -0.990292
vn 0.155234 0.114590 -0.981209
vn 0.146188 0.096330 -0.984555
vn 0.146188 0.096330 -0.984555
vn 0.155234 0.114590 -0.981209
vn 0.378159 0.289427 -0.879333
vn 0.279799 0.237482 -0.930223
vn 0.673414 -0.739193 0.010364
vn 0.674788 -0.737944 0.010023
vn 0.677752 -0.735265 0.006160
vn 0.678934 -0.734168 0.006845
vn 0.678508 -0.734558 0.007132
vn 0.599723 0.657818 -0.455639
vn 0.575365 0.623105 -0.529807
vn 0.642061 0.686659 -0.340965
vn 0.677370 0.695112 -0.240809
vn 0.677370 0.695112 -0.240809
vn 0.642061 0.686659 -0.340965
vn 0.669920 0.725794 -0.156300
vn 0.689684 0.711604 0.133994
vn 0.710953 0.676569 0.191836
vn 0.710953 0.676569 0.191836
vn 0.689684 0.711604 0.133994
vn 0.648154 0.659642 0.380485
vn 0.681379 0.640856 0.353590
vn -0.189897 -0.156722 -0.969215
vn -0.019687 -0.147513 -0.988864
vn 0.077557 0.031928 -0.996477
vn 0.004268 0.057471 -0.998338
vn 0.004268 0.057471 -0.998338
vn 0.077557 0.031928 -0.996477
vn 0.221796 0.218627 -0.950268
vn 0.240545 0.263796 -0.934104
vn -0.691563 0.722297 -0.005164
vn -0.684299 0.729162 -0.007628
vn -0.715492 0.698325 0.020329
vn 0.575365 0.623105 -0.529807
vn 0.527913 0.630990 -0.568472
vn 0.616820 0.696852 -0.365965
vn 0.642061 0.686659 -0.340965
vn 0.669920 0.725794 -0.156300
vn 0.642061 0.686659 -0.340965
vn 0.616820 0.696852 -0.365965
vn 0.659763 0.736641 -0.148573
vn 0.689684 0.711604 0.133994
vn 0.638049 0.760182 0.122544
vn 0.586220 0.716921 0.377319
vn 0.648154 0.659642 0.380485
vn -0.019687 -0.147513 -0.988864
vn -0.013757 -0.163784 -0.986400
vn 0.130299 0.035276 -0.990847
vn 0.077557 0.031928 -0.996477
vn 0.077557 0.031928 -0.996477
vn 0.130299 0.035276 -0.990847
vn 0.247348 0.226591 -0.942059
vn 0.221796 0.218627 -0.950268
vn 0.599723 0.657818 -0.455639
vn 0.677370 0.695112 -0.240809
vn 0.723434 0.675454 -0.142846
vn 0.654423 0.641565 -0.400155
vn 0.710953 0.676569 0.191836
vn 0.734063 0.632442 0.247323
vn 0.744807 0.650630 0.148129
vn 0.723434 0.675454 -0.142846
vn 0.677370 0.695112 -0.240809
vn 0.734063 0.632442 0.247323
vn 0.710953 0.676569 0.191836
vn 0.681379 0.640856 0.353590
vn 0.716109 0.610727 0.337934
vn -0.136466 -0.106993 -0.984850
vn -0.189897 -0.156722 -0.969215
vn 0.004268 0.057471 -0.998338
vn 0.071517 0.087989 -0.993551
vn 0.071517 0.087989 -0.993551
vn 0.004268 0.057471 -0.998338
vn 0.240545 0.263796 -0.934104
vn 0.273497 0.275513 -0.921571
vn 0.654423 0.641565 -0.400155
vn 0.723434 0.675454 -0.142846
vn 0.723856 0.673995 -0.147526
vn 0.689561 0.580554 -0.432970
vn 0.712752 0.677203 0.182705
vn 0.723747 0.664991 0.184332
vn 0.744807 0.650630 0.148129
vn 0.734063 0.632442 0.247323
vn 0.716109 0.610727 0.337934
vn 0.657705 0.645166 0.388826
vn 0.686497 0.673145 0.274951
vn -0.107219 -0.088461 -0.990292
vn -0.136466 -0.106993 -0.984850
vn 0.071517 0.087989 -0.993551
vn 0.155234 0.114590 -0.981209
vn 0.155234 0.114590 -0.981209
vn 0.071517 0.087989 -0.993551
vn 0.273497 0.275513 -0.921571
vn 0.378159 0.289427 -0.879333
vn -0.260456 -0.238634 0.935530
vn -0.263833 -0.255121 0.930218
vn -0.332900 -0.311610 0.889987
vn -0.336120 -0.309663 0.889456
vn -0.263833 -0.255121 0.930218
vn -0.260456 -0.238634 0.935530
vn -0.181026 -0.182785 0.966343
vn -0.178620 -0.201410 0.963083
vn -0.410961 -0.441499 -0.797615
vn -0.461127 -0.443346 -0.768640
vn -0.456811 -0.441258 -0.772409
vn -0.407398 -0.439681 -0.800442
vn -0.638961 -0.768872 0.023740
vn -0.665654 -0.743768 0.060942
vn -0.655569 -0.741508 0.142813
vn -0.535835 -0.806933 0.248475
vn 0.723856 0.673995 -0.147526
vn 0.708893 0.681862 0.180374
vn 0.704480 0.707902 0.050815
vn 0.673648 0.671802 -0.308025
vn 0.522506 0.502632 -0.688729
vn 0.746583 0.638568 0.186667
vn 0.751360 0.646400 0.132758
vn 0.516643 0.498042 -0.696444
vn -0.755863 -0.638670 -0.144123
vn -0.707023 -0.547393 -0.447748
vn -0.720042 -0.691144 0.062129
vn -0.704118 -0.690142 0.167099
vn -0.705548 -0.680689 0.197142
vn -0.755863 -0.638670 -0.144123
vn -0.704118 -0.690142 0.167099
vn -0.718405 -0.676257 0.163008
vn 0.689999 0.621445 0.371090
vn 0.689999 0.621445 0.371090
vn 0.689999 0.621445 0.371090
vn -0.226250 -0.206057 0.952025
vn -0.292483 -0.279713 0.914448
vn -0.253406 -0.224710 0.940899
vn -0.176276 -0.133687 0.975220
vn -0.710061 -0.703963 0.015780
vn -0.680082 -0.731935 -0.041938
vn -0.707023 -0.547393 -0.447748
vn -0.755863 -0.638670 -0.144123
vn -0.722789 -0.682333 0.109535
vn -0.710061 -0.703963 0.015780
vn -0.755863 -0.638670 -0.144123
vn -0.705548 -0.680689 0.197142
vn -0.253406 -0.224710 0.940899
vn -0.240749 -0.215611 0.946336
vn -0.234930 -0.225940 0.945388
vn -0.207920 -0.138227 0.968330
vn -0.292483 -0.279713 0.914448
vn -0.216645 -0.184824 0.958595
vn -0.240749 -0.215611 0.946336
vn -0.253406 -0.224710 0.940899
vn -0.723550 -0.674728 -0.145659
vn -0.694364 -0.624654 -0.357303
vn -0.680082 -0.731935 -0.041938
vn -0.710061 -0.703963 0.015780
vn -0.688440 -0.717388 0.106792
vn -0.723550 -0.674728 -0.145659
vn -0.710061 -0.703963 0.015780
vn -0.722789 -0.682333 0.109535
vn -0.240749 -0.215611 0.946336
vn -0.230925 -0.210762 0.949870
vn -0.227470 -0.201971 0.952610
vn -0.234930 -0.225940 0.945388
vn -0.238318 -0.257441 0.936445
vn -0.230925 -0.210762 0.949870
vn -0.240749 -0.215611 0.946336
vn -0.216645 -0.184824 0.958595
vn -0.673322 -0.739347 0.001920
vn -0.617774 -0.785881 -0.027316
vn -0.694364 -0.624654 -0.357303
vn -0.723550 -0.674728 -0.145659
vn -0.723550 -0.674728 -0.145659
vn -0.688440 -0.717388 0.106792
vn -0.705569 -0.702929 0.089795
vn -0.707691 -0.701638 0.082936
vn -0.673322 -0.739347 0.001920
vn -0.264420 -0.257680 0.929346
vn -0.240714 -0.205595 0.948571
vn -0.227470 -0.201971 0.952610
vn -0.230925 -0.210762 0.949870
vn -0.238318 -0.257441 0.936445
vn -0.285277 -0.337985 0.896874
vn -0.264420 -0.257680 0.929346
vn -0.230925 -0.210762 0.949870
vn -0.665654 -0.743768 0.060942
vn -0.638961 -0.768872 0.023740
vn -0.617774 -0.785881 -0.027316
vn -0.673322 -0.739347 0.001920
vn -0.390851 -0.455655 -0.799759
vn -0.410961 -0.441499 -0.797615
vn -0.407398 -0.439681 -0.800442
vn -0.263833 -0.255121 0.930218
vn -0.178620 -0.201410 0.963083
vn -0.240714 -0.205595 0.948571
vn -0.264420 -0.257680 0.929346
vn -0.264420 -0.257680 0.929346
vn -0.285277 -0.337985 0.896874
vn -0.332900 -0.311610 0.889987
vn -0.263833 -0.255121 0.930218
vn 0.191497 0.247133 -0.949871
vn 0.369691 0.396997 -0.840073
vn 0.352808 0.385378 -0.852649
vn 0.169230 0.224985 -0.959553
vn 0.587414 0.795896 -0.146610
vn 0.659763 0.736641 -0.148573
vn 0.616820 0.696852 -0.365965
vn 0.558061 0.720729 -0.411238
vn 0.292171 0.660080 0.692048
vn 0.259568 0.426794 0.866297
vn 0.273212 0.449644 0.850397
vn 0.299532 0.680789 0.668436
vn 0.352808 0.385378 -0.852649
vn 0.369691 0.396997 -0.840073
vn 0.380039 0.386018 -0.840571
vn 0.273212 0.449644 0.850397
vn 0.259568 0.426794 0.866297
vn 0.305708 0.384036 0.871240
vn 0.689684 0.711604 0.133994
vn 0.669920 0.725794 -0.156300
vn 0.643373 0.750352 -0.151799
vn 0.638049 0.760182 0.122544
vn -0.665654 -0.743768 0.060942
vn -0.656643 -0.736150 0.164021
vn -0.697043 -0.701090 0.150345
vn -0.655569 -0.741508 0.142813
vn -0.673322 -0.739347 0.001920
vn -0.707691 -0.701638 0.082936
vn -0.656643 -0.736150 0.164021
vn -0.665654 -0.743768 0.060942
vn -0.662687 -0.734198 0.147645
vn -0.662188 -0.733166 0.154839
vn -0.707691 -0.701638 0.082936
vn -0.705569 -0.702929 0.089795
vn -0.682028 -0.715533 0.151164
vn -0.690534 -0.709399 0.141125
vn -0.662188 -0.733166 0.154839
vn -0.662687 -0.734198 0.147645
vn -0.198669 -0.134864 0.970743
vn -0.206415 -0.125928 0.970327
vn -0.218107 -0.131562 0.967016
vn -0.318317 -0.181489 0.930449
vn -0.330248 -0.188986 0.924781
vn -0.218107 -0.131562 0.967016
vn -0.206415 -0.125928 0.970327
vn -0.133370 -0.080937 0.987756
vn -0.176276 -0.133687 0.975220
vn -0.253406 -0.224710 0.940899
vn -0.690322 -0.694700 0.202107
vn -0.690322 -0.694700 0.202107
vn -0.690322 -0.694700 0.202107
vn -0.173920 -0.090330 0.980608
vn -0.253406 -0.224710 0.940899
vn -0.207920 -0.138227 0.968330
vn -0.164959 -0.073888 0.983529
vn 0.723434 0.675454 -0.142846
vn 0.744807 0.650630 0.148129
vn 0.708893 0.681862 0.180374
vn 0.723856 0.673995 -0.147526
vn 0.744807 0.650630 0.148129
vn 0.734063 0.632442 0.247323
vn 0.686497 0.673145 0.274951
vn 0.712752 0.677203 0.182705
vn 0.663544 0.706944 -0.244825
vn 0.712752 0.677203 0.182705
vn 0.686497 0.673145 0.274951
vn 0.690304 0.712069 0.128212
vn 0.723747 0.664991 0.184332
vn 0.708893 0.681862 0.180374
vn 0.744807 0.650630 0.148129
vn 0.121338 0.500382 0.857260
vn 0.311895 0.366829 0.876446
vn 0.433263 0.221566 0.873609
vn 0.278190 0.397439 0.874444
vn 0.121338 0.500382 0.857260
vn 0.278190 0.397439 0.874444
vn -0.146742 0.695031 0.703846
vn -0.273965 0.729027 0.627266
vn -0.455395 0.785129 0.419747
vn -0.273965 0.729027 0.627266
vn -0.146742 0.695031 0.703846
vn -0.329608 0.743621 0.581710
vn 0.771856 -0.552997 0.313741
vn 0.677469 -0.734615 -0.037111
vn 0.634936 -0.771670 -0.037164
vn 0.747627 -0.592802 0.299400
vn 0.739631 -0.285546 0.609433
vn 0.771856 -0.552997 0.313741
vn 0.747627 -0.592802 0.299400
vn 0.732139 -0.272587 0.624235
vn 0.410284 0.204079 0.888830
vn 0.248271 0.324443 0.912742
vn 0.043532 0.528820 0.847617
vn 0.191317 0.442795 0.875974
vn -0.796468 0.495190 -0.347024
vn -0.796468 0.495190 -0.347024
vn -0.796468 0.495190 -0.347024
vn -0.134965 0.678039 0.722528
vn -0.263322 0.713316 0.649494
vn -0.358721 0.744151 0.563523
vn -0.446564 0.759558 0.472918
vn 0.747380 -0.657926 0.092499
vn 0.730433 -0.682963 -0.005274
vn 0.769061 -0.484314 0.417116
vn 0.766840 -0.504387 0.396926
vn 0.766840 -0.504387 0.396926
vn 0.769061 -0.484314 0.417116
vn 0.664577 -0.211585 0.716637
vn 0.719291 -0.302042 0.625613
vn -0.629278 -0.651418 0.423867
vn -0.629993 -0.649876 0.425169
vn -0.631435 -0.650458 0.422132
vn -0.635770 -0.651210 0.414393
vn -0.632064 -0.651759 0.419172
vn 0.632936 0.635720 -0.441874
vn 0.634959 0.629975 -0.447166
vn 0.631740 0.637470 -0.441064
vn 0.628723 0.640533 -0.440937
vn 0.629486 0.639855 -0.440832
vn 0.629453 0.640327 -0.440194
vn 0.630819 0.639648 -0.439223
vn 0.630218 0.638906 -0.441162
vn 0.311895 0.366829 0.876446
vn 0.121338 0.500382 0.857260
vn 0.043532 0.528820 0.847617
vn 0.248271 0.324443 0.912742
vn 0.121338 0.500382 0.857260
vn -0.273965 0.729027 0.627266
vn -0.263322 0.713316 0.649494
vn -0.200479 0.691086 0.694412
vn 0.043532 0.528820 0.847617
vn -0.273965 0.729027 0.627266
vn -0.455395 0.785129 0.419747
vn -0.358721 0.744151 0.563523
vn -0.263322 0.713316 0.649494
vn 0.730433 -0.682963 -0.005274
vn 0.677469 -0.734615 -0.037111
vn 0.771856 -0.552997 0.313741
vn 0.769061 -0.484314 0.417116
vn 0.769061 -0.484314 0.417116
vn 0.771856 -0.552997 0.313741
vn 0.739631 -0.285546 0.609433
vn 0.664577 -0.211585 0.716637
vn -0.629751 0.089930 -0.771574
vn -0.547533 -0.100673 -0.830706
vn -0.499904 -0.128278 -0.856528
vn -0.524429 -0.078071 -0.847868
vn -0.524429 -0.078071 -0.847868
vn -0.499904 -0.128278 -0.856528
vn -0.427411 -0.196742 -0.882390
vn -0.370604 -0.276608 -0.886646
vn 0.043532 0.528820 0.847617
vn -0.200479 0.691086 0.694412
vn -0.103969 0.650054 0.752742
vn 0.191317 0.442795 0.875974
vn 0.506718 0.073224 0.858996
vn 0.506718 0.073224 0.858996
vn 0.506718 0.073224 0.858996
vn -0.414708 -0.235849 -0.878858
vn -0.432491 -0.222122 -0.873850
vn -0.293860 -0.319249 -0.900959
vn -0.254099 -0.338386 -0.906051
vn -0.590687 -0.016418 -0.806734
vn -0.544301 -0.030425 -0.838338
vn -0.463011 -0.167970 -0.870291
vn -0.508540 -0.097139 -0.855541
vn -0.375853 -0.250508 -0.892177
vn -0.377449 -0.247035 -0.892472
vn -0.432491 -0.222122 -0.873850
vn -0.414708 -0.235849 -0.878858
vn -0.463011 -0.167970 -0.870291
vn -0.524429 -0.078071 -0.847868
vn -0.370604 -0.276608 -0.886646
vn -0.357228 -0.287924 -0.888531
vn -0.629751 0.089930 -0.771574
vn -0.524429 -0.078071 -0.847868
vn -0.463011 -0.167970 -0.870291
vn -0.544301 -0.030425 -0.838338
vn -0.313119 -0.350239 -0.882773
vn -0.377449 -0.247035 -0.892472
vn -0.375853 -0.250508 -0.892177
vn -0.305477 -0.361193 -0.881035
vn -0.508540 -0.097139 -0.855541
vn -0.463011 -0.167970 -0.870291
vn -0.357228 -0.287924 -0.888531
vn -0.423348 -0.147746 -0.893839
vn 0.139002 0.518264 0.843849
vn -0.200479 0.691086 0.694412
vn -0.263322 0.713316 0.649494
vn -0.134965 0.678039 0.722528
vn -0.183036 0.775982 -0.603614
vn -0.535650 0.834814 -0.127142
vn -0.482785 0.866130 -0.129374
vn -0.159482 0.813006 -0.559988
vn 0.168141 0.480707 -0.860610
vn -0.183036 0.775982 -0.603614
vn -0.159482 0.813006 -0.559988
vn 0.163298 0.535202 -0.828790
vn 0.465022 0.082118 -0.881482
vn 0.168141 0.480707 -0.860610
vn 0.163298 0.535202 -0.828790
vn 0.485154 0.118131 -0.866413
vn 0.674925 -0.539573 -0.503327
vn 0.465022 0.082118 -0.881482
vn 0.485154 0.118131 -0.866413
vn 0.692261 -0.555825 -0.460253
vn 0.660381 -0.709782 -0.245169
vn 0.674925 -0.539573 -0.503327
vn 0.692261 -0.555825 -0.460253
vn 0.639537 -0.602493 -0.477487
vn 0.636977 -0.758840 -0.135730
vn 0.660381 -0.709782 -0.245169
vn 0.639537 -0.602493 -0.477487
vn 0.614648 -0.636139 -0.466407
vn 0.380947 -0.833530 0.400134
vn 0.636977 -0.758840 -0.135730
vn 0.614648 -0.636139 -0.466407
vn 0.393316 -0.827660 0.400352
vn -0.134821 -0.490959 0.860687
vn 0.104683 -0.682065 0.723760
vn 0.140543 -0.709701 0.690342
vn -0.100976 -0.574796 0.812043
vn -0.446900 -0.155588 0.880950
vn -0.134821 -0.490959 0.860687
vn -0.100976 -0.574796 0.812043
vn -0.449269 -0.216145 0.866856
vn -0.682003 0.323535 0.655894
vn -0.446900 -0.155588 0.880950
vn -0.449269 -0.216145 0.866856
vn -0.690374 0.285582 0.664701
vn -0.693874 0.654110 0.301129
vn -0.682003 0.323535 0.655894
vn -0.690374 0.285582 0.664701
vn -0.689723 0.650286 0.318448
vn -0.535650 0.834814 -0.127142
vn -0.693874 0.654110 0.301129
vn -0.689723 0.650286 0.318448
vn -0.482785 0.866130 -0.129374
vn -0.563756 0.800606 -0.203002
vn -0.487416 0.806657 -0.334261
vn -0.089997 0.580188 -0.809495
vn -0.277306 0.733560 -0.620477
vn -0.277306 0.733560 -0.620477
vn -0.089997 0.580188 -0.809495
vn 0.166959 0.347794 -0.922585
vn 0.106154 0.400515 -0.910120
vn 0.106154 0.400515 -0.910120
vn 0.166959 0.347794 -0.922585
vn 0.394458 0.047807 -0.917669
vn 0.380030 0.037975 -0.924194
vn 0.380030 0.037975 -0.924194
vn 0.394458 0.047807 -0.917669
vn 0.640564 -0.474523 -0.603743
vn 0.591850 -0.311920 -0.743249
vn 0.591850 -0.311920 -0.743249
vn 0.640564 -0.474523 -0.603743
vn 0.629689 -0.774942 -0.054374
vn 0.658588 -0.738132 -0.146365
vn 0.658588 -0.738132 -0.146365
vn 0.629689 -0.774942 -0.054374
vn 0.205827 -0.679111 0.704588
vn 0.197912 -0.631079 0.750047
vn 0.197912 -0.631079 0.750047
vn 0.205827 -0.679111 0.704588
vn 0.141286 -0.634506 0.759895
vn 0.320623 -0.718495 0.617224
vn 0.634206 -0.771257 -0.054266
vn 0.564024 -0.824391 0.047505
vn 0.469299 -0.809801 0.352110
vn 0.331193 -0.718268 0.611884
vn 0.331193 -0.718268 0.611884
vn 0.469299 -0.809801 0.352110
vn -0.292677 -0.166155 0.941665
vn -0.334369 -0.068596 0.939942
vn -0.334369 -0.068596 0.939942
vn -0.292677 -0.166155 0.941665
vn -0.613277 0.367058 0.699400
vn -0.599165 0.361033 0.714602
vn -0.599165 0.361033 0.714602
vn -0.613277 0.367058 0.699400
vn -0.672696 0.680447 0.290640
vn -0.685311 0.662500 0.302395
vn -0.685311 0.662500 0.302395
vn -0.672696 0.680447 0.290640
vn -0.487416 0.806657 -0.334261
vn -0.563756 0.800606 -0.203002
vn -0.474627 0.832447 -0.285939
vn -0.461963 0.846879 -0.263412
vn -0.136399 0.729608 -0.670125
vn -0.112496 0.621158 -0.775569
vn -0.112496 0.621158 -0.775569
vn -0.136399 0.729608 -0.670125
vn 0.236654 0.534192 -0.811562
vn 0.128278 0.323771 -0.937399
vn 0.128278 0.323771 -0.937399
vn 0.236654 0.534192 -0.811562
vn 0.558954 0.108390 -0.822084
vn 0.371783 0.001589 -0.928318
vn 0.371783 0.001589 -0.928318
vn 0.558954 0.108390 -0.822084
vn 0.743766 -0.402477 -0.533690
vn 0.632647 -0.475818 -0.611027
vn 0.632647 -0.475818 -0.611027
vn 0.743766 -0.402477 -0.533690
vn 0.666490 -0.731039 -0.146195
vn 0.645277 -0.754005 -0.122860
vn 0.666490 -0.731039 -0.146195
vn 0.469429 -0.844896 0.256491
vn 0.336822 -0.809779 0.480426
vn 0.645277 -0.754005 -0.122860
vn 0.469429 -0.844896 0.256491
vn 0.221044 -0.801669 0.555398
vn 0.102430 -0.705631 0.701137
vn 0.336822 -0.809779 0.480426
vn 0.264958 -0.787824 0.555996
vn 0.163153 -0.787968 0.593707
vn -0.141210 -0.526335 0.838470
vn 0.057636 -0.437984 0.897133
vn 0.327331 -0.831939 0.448032
vn -0.212404 -0.705129 0.676519
vn 0.143501 -0.732429 0.665549
vn 0.026320 0.201319 0.979172
vn 0.057636 -0.437984 0.897133
vn -0.141210 -0.526335 0.838470
vn -0.613281 0.333378 0.716062
vn -0.371287 -0.199643 0.906802
vn -0.655624 -0.259501 0.709096
vn -0.827682 0.222434 0.515233
vn -0.650991 -0.033308 0.758355
vn -0.483394 0.738571 0.469939
vn -0.554294 0.310417 0.772269
vn -0.645444 0.652769 0.396603
vn -0.660857 0.668017 0.342084
vn -0.613281 0.333378 0.716062
vn -0.650991 -0.033308 0.758355
vn -0.660857 0.668017 0.342084
vn -0.645444 0.652769 0.396603
vn -0.461963 0.846879 -0.263412
vn -0.474627 0.832447 -0.285939
vn 0.737481 0.549438 0.392733
vn 0.739116 0.546235 0.394125
vn 0.735676 0.552007 0.392516
vn 0.737157 0.550433 0.391948
vn 0.737543 0.542927 0.401573
vn 0.736105 0.552008 0.391710
vn 0.736275 0.552129 0.391219
vn 0.735676 0.552007 0.392516
vn 0.104683 -0.682065 0.723760
vn 0.380947 -0.833530 0.400134
vn 0.393316 -0.827660 0.400352
vn 0.140543 -0.709701 0.690342
vn 0.141286 -0.634506 0.759895
vn 0.564024 -0.824391 0.047505
vn 0.634206 -0.771257 -0.054266
vn 0.320623 -0.718495 0.617224
vn 0.102430 -0.705631 0.701137
vn 0.264958 -0.787824 0.555996
vn 0.564024 -0.824391 0.047505
vn 0.141286 -0.634506 0.759895
vn -0.477925 0.847216 -0.231976
vn -0.540093 0.831567 -0.129599
vn -0.208775 0.739263 -0.640237
vn -0.125185 0.703740 -0.699342
vn -0.125185 0.703740 -0.699342
vn -0.208775 0.739263 -0.640237
vn 0.133719 0.443924 -0.886031
vn 0.247607 0.549501 -0.797959
vn 0.247607 0.549501 -0.797959
vn 0.133719 0.443924 -0.886031
vn 0.437837 0.034061 -0.898409
vn 0.627228 0.154339 -0.763390
vn 0.437837 0.034061 -0.898409
vn 0.672328 -0.530588 -0.516190
vn 0.759735 -0.424549 -0.492506
vn 0.627228 0.154339 -0.763390
vn 0.672328 -0.530588 -0.516190
vn 0.653412 -0.734271 -0.184117
vn 0.681360 -0.710785 -0.174738
vn 0.759735 -0.424549 -0.492506
vn 0.653412 -0.734271 -0.184117
vn 0.560713 -0.827994 -0.005155
vn 0.510664 -0.836736 0.197723
vn 0.681360 -0.710785 -0.174738
vn 0.560713 -0.827994 -0.005155
vn 0.323779 -0.852717 0.409928
vn 0.245090 -0.830541 0.500132
vn 0.510664 -0.836736 0.197723
vn 0.071679 -0.703505 0.707067
vn -0.196078 -0.440524 0.876066
vn -0.148353 -0.493330 0.857098
vn 0.125515 -0.779449 0.613764
vn -0.196078 -0.440524 0.876066
vn -0.471477 -0.102103 0.875948
vn -0.495293 -0.036199 0.867971
vn -0.148353 -0.493330 0.857098
vn -0.495293 -0.036199 0.867971
vn -0.471477 -0.102103 0.875948
vn -0.664706 0.327194 0.671648
vn -0.643687 0.296165 0.705658
vn -0.643687 0.296165 0.705658
vn -0.664706 0.327194 0.671648
vn -0.680926 0.645165 0.346557
vn -0.661971 0.637089 0.394856
vn -0.661971 0.637089 0.394856
vn -0.680926 0.645165 0.346557
vn -0.540093 0.831567 -0.129599
vn -0.477925 0.847216 -0.231976
vn 0.323779 -0.852717 0.409928
vn 0.071679 -0.703505 0.707067
vn 0.125515 -0.779449 0.613764
vn 0.245090 -0.830541 0.500132
vn -0.371287 -0.199643 0.906802
vn 0.143501 -0.732429 0.665549
vn -0.212404 -0.705129 0.676519
vn -0.258449 -0.868107 0.423786
vn -0.655624 -0.259501 0.709096
vn -0.554294 0.310417 0.772269
vn -0.483394 0.738571 0.469939
vn -0.152499 0.534231 0.831470
vn -0.258449 -0.868107 0.423786
vn -0.212404 -0.705129 0.676519
vn -0.041496 -0.941148 0.335438
vn -0.381055 -0.886273 0.263280
vn -0.910856 -0.390244 0.134355
vn -0.977282 0.211663 0.010899
vn -0.827682 0.222434 0.515233
vn -0.655624 -0.259501 0.709096
vn -0.410723 0.442928 0.796945
vn -0.410727 0.476093 0.777585
vn -0.316757 0.392670 0.863409
vn -0.096648 -0.006231 0.995299
vn 0.101206 -0.325913 0.939967
vn 0.063350 -0.775518 0.628139
vn 0.112721 -0.318960 0.941041
vn 0.114857 -0.328512 0.937490
vn -0.196474 0.081563 0.977111
vn -0.397194 0.420272 0.815848
vn 0.760667 -0.488778 0.427178
vn 0.377749 -0.839421 0.390740
vn 0.327331 -0.831939 0.448032
vn 0.057636 -0.437984 0.897133
vn -0.258449 -0.868107 0.423786
vn -0.381055 -0.886273 0.263280
vn -0.910856 -0.390244 0.134355
vn -0.655624 -0.259501 0.709096
vn -0.483394 0.738571 0.469939
vn -0.650991 -0.033308 0.758355
vn -0.784209 0.620468 0.005919
vn -0.291986 0.951224 0.099584
vn -0.152499 0.534231 0.831470
vn -0.483394 0.738571 0.469939
vn -0.291986 0.951224 0.099584
vn 0.253216 0.945359 0.205375
vn -0.152499 0.534231 0.831470
vn 0.253216 0.945359 0.205375
vn 0.862770 0.374519 0.339652
vn 0.026320 0.201319 0.979172
vn 0.862770 0.374519 0.339652
vn 0.760667 -0.488778 0.427178
vn 0.057636 -0.437984 0.897133
vn 0.026320 0.201319 0.979172
vn -0.212404 -0.705129 0.676519
vn 0.327331 -0.831939 0.448032
vn 0.377749 -0.839421 0.390740
vn -0.041496 -0.941148 0.335438
vn -0.650991 -0.033308 0.758355
vn -0.827682 0.222434 0.515233
vn -0.977282 0.211663 0.010899
vn -0.784209 0.620468 0.005919
vn 0.845484 -0.421200 0.328248
vn 0.464587 -0.823255 0.326205
vn 0.377749 -0.839421 0.390740
vn 0.760667 -0.488778 0.427178
vn 0.845484 -0.421200 0.328248
vn 0.760667 -0.488778 0.427178
vn 0.862770 0.374519 0.339652
vn 0.898823 0.377037 0.223517
vn 0.351824 0.927846 0.123778
vn 0.898823 0.377037 0.223517
vn 0.862770 0.374519 0.339652
vn 0.253216 0.945359 0.205375
vn -0.200596 0.976075 0.083901
vn 0.351824 0.927846 0.123778
vn 0.253216 0.945359 0.205375
vn -0.291986 0.951224 0.099584
vn -0.762250 0.647275 -0.003204
vn -0.200596 0.976075 0.083901
vn -0.291986 0.951224 0.099584
vn -0.784209 0.620468 0.005919
vn -0.975130 0.219839 -0.028142
vn -0.762250 0.647275 -0.003204
vn -0.784209 0.620468 0.005919
vn -0.977282 0.211663 0.010899
vn -0.937086 -0.345960 0.046714
vn -0.975130 0.219839 -0.028142
vn -0.977282 0.211663 0.010899
vn -0.910856 -0.390244 0.134355
vn -0.481411 -0.861904 0.159264
vn -0.937086 -0.345960 0.046714
vn -0.910856 -0.390244 0.134355
vn -0.381055 -0.886273 0.263280
vn 0.018439 -0.969574 0.244104
vn -0.481411 -0.861904 0.159264
vn -0.381055 -0.886273 0.263280
vn -0.041496 -0.941148 0.335438
vn 0.464587 -0.823255 0.326205
vn 0.018439 -0.969574 0.244104
vn -0.041496 -0.941148 0.335438
vn 0.377749 -0.839421 0.390740
vn 0.741721 0.543171 0.393467
vn 0.735676 0.552007 0.392516
vn 0.739116 0.546235 0.394125
vn 0.764369 0.512113 0.391765
vn 0.735719 0.552610 0.391586
vn 0.735676 0.552007 0.392516
vn 0.741721 0.543171 0.393467
vn 0.737906 0.551296 0.389315
vn 0.735676 0.552007 0.392516
vn 0.735719 0.552610 0.391586
vn 0.735606 0.552138 0.392464
vn 0.735676 0.552007 0.392516
vn 0.735606 0.552138 0.392464
vn 0.735778 0.552049 0.392268
vn 0.735676 0.552007 0.392516
vn 0.735778 0.552049 0.392268
vn 0.736105 0.552008 0.391710
vn 0.737157 0.550433 0.391948
vn 0.735676 0.552007 0.392516
vn 0.736275 0.552129 0.391219
vn 0.736483 0.552094 0.390878
vn -0.540093 0.831567 -0.129599
vn -0.535650 0.834814 -0.127142
vn -0.183036 0.775982 -0.603614
vn -0.208775 0.739263 -0.640237
vn -0.208775 0.739263 -0.640237
vn -0.183036 0.775982 -0.603614
vn 0.168141 0.480707 -0.860610
vn 0.133719 0.443924 -0.886031
vn 0.133719 0.443924 -0.886031
vn 0.168141 0.480707 -0.860610
vn 0.465022 0.082118 -0.881482
vn 0.437837 0.034061 -0.898409
vn 0.437837 0.034061 -0.898409
vn 0.465022 0.082118 -0.881482
vn 0.674925 -0.539573 -0.503327
vn 0.672328 -0.530588 -0.516190
vn 0.672328 -0.530588 -0.516190
vn 0.674925 -0.539573 -0.503327
vn 0.660381 -0.709782 -0.245169
vn 0.653412 -0.734271 -0.184117
vn 0.653412 -0.734271 -0.184117
vn 0.660381 -0.709782 -0.245169
vn 0.636977 -0.758840 -0.135730
vn 0.560713 -0.827994 -0.005155
vn 0.560713 -0.827994 -0.005155
vn 0.636977 -0.758840 -0.135730
vn 0.380947 -0.833530 0.400134
vn 0.323779 -0.852717 0.409928
vn 0.071679 -0.703505 0.707067
vn 0.104683 -0.682065 0.723760
vn -0.134821 -0.490959 0.860687
vn -0.196078 -0.440524 0.876066
vn -0.196078 -0.440524 0.876066
vn -0.134821 -0.490959 0.860687
vn -0.446900 -0.155588 0.880950
vn -0.471477 -0.102103 0.875948
vn -0.471477 -0.102103 0.875948
vn -0.446900 -0.155588 0.880950
vn -0.682003 0.323535 0.655894
vn -0.664706 0.327194 0.671648
vn -0.664706 0.327194 0.671648
vn -0.682003 0.323535 0.655894
vn -0.693874 0.654110 0.301129
vn -0.680926 0.645165 0.346557
vn -0.680926 0.645165 0.346557
vn -0.693874 0.654110 0.301129
vn -0.535650 0.834814 -0.127142
vn -0.540093 0.831567 -0.129599
vn 0.323779 -0.852717 0.409928
vn 0.380947 -0.833530 0.400134
vn 0.104683 -0.682065 0.723760
vn 0.071679 -0.703505 0.707067
vn -0.461963 0.846879 -0.263412
vn -0.477925 0.847216 -0.231976
vn -0.125185 0.703740 -0.699342
vn -0.136399 0.729608 -0.670125
vn -0.136399 0.729608 -0.670125
vn -0.125185 0.703740 -0.699342
vn 0.247607 0.549501 -0.797959
vn 0.236654 0.534192 -0.811562
vn 0.236654 0.534192 -0.811562
vn 0.247607 0.549501 -0.797959
vn 0.627228 0.154339 -0.763390
vn 0.558954 0.108390 -0.822084
vn 0.627228 0.154339 -0.763390
vn 0.759735 -0.424549 -0.492506
vn 0.743766 -0.402477 -0.533690
vn 0.558954 0.108390 -0.822084
vn 0.759735 -0.424549 -0.492506
vn 0.681360 -0.710785 -0.174738
vn 0.666490 -0.731039 -0.146195
vn 0.743766 -0.402477 -0.533690
vn 0.681360 -0.710785 -0.174738
vn 0.510664 -0.836736 0.197723
vn 0.469429 -0.844896 0.256491
vn 0.666490 -0.731039 -0.146195
vn 0.510664 -0.836736 0.197723
vn 0.245090 -0.830541 0.500132
vn 0.221044 -0.801669 0.555398
vn 0.469429 -0.844896 0.256491
vn 0.125515 -0.779449 0.613764
vn -0.148353 -0.493330 0.857098
vn -0.141210 -0.526335 0.838470
vn 0.163153 -0.787968 0.593707
vn -0.141210 -0.526335 0.838470
vn -0.148353 -0.493330 0.857098
vn -0.495293 -0.036199 0.867971
vn 0.026320 0.201319 0.979172
vn -0.495293 -0.036199 0.867971
vn -0.643687 0.296165 0.705658
vn -0.554294 0.310417 0.772269
vn 0.026320 0.201319 0.979172
vn -0.554294 0.310417 0.772269
vn -0.643687 0.296165 0.705658
vn -0.661971 0.637089 0.394856
vn -0.645444 0.652769 0.396603
vn -0.645444 0.652769 0.396603
vn -0.661971 0.637089 0.394856
vn -0.477925 0.847216 -0.231976
vn -0.461963 0.846879 -0.263412
vn 0.245090 -0.830541 0.500132
vn 0.125515 -0.779449 0.613764
vn 0.163153 -0.787968 0.593707
vn 0.221044 -0.801669 0.555398
vn -0.474627 0.832447 -0.285939
vn -0.112496 0.621158 -0.775569
vn -0.089997 0.580188 -0.809495
vn -0.487416 0.806657 -0.334261
vn -0.112496 0.621158 -0.775569
vn 0.128278 0.323771 -0.937399
vn 0.166959 0.347794 -0.922585
vn -0.089997 0.580188 -0.809495
vn 0.128278 0.323771 -0.937399
vn 0.371783 0.001589 -0.928318
vn 0.394458 0.047807 -0.917669
vn 0.166959 0.347794 -0.922585
vn 0.394458 0.047807 -0.917669
vn 0.371783 0.001589 -0.928318
vn 0.632647 -0.475818 -0.611027
vn 0.640564 -0.474523 -0.603743
vn 0.640564 -0.474523 -0.603743
vn 0.632647 -0.475818 -0.611027
vn 0.645277 -0.754005 -0.122860
vn 0.629689 -0.774942 -0.054374
vn 0.645277 -0.754005 -0.122860
vn 0.336822 -0.809779 0.480426
vn 0.205827 -0.679111 0.704588
vn 0.629689 -0.774942 -0.054374
vn 0.336822 -0.809779 0.480426
vn 0.102430 -0.705631 0.701137
vn 0.141286 -0.634506 0.759895
vn 0.205827 -0.679111 0.704588
vn 0.264958 -0.787824 0.555996
vn 0.143501 -0.732429 0.665549
vn 0.469299 -0.809801 0.352110
vn 0.564024 -0.824391 0.047505
vn -0.292677 -0.166155 0.941665
vn -0.371287 -0.199643 0.906802
vn -0.613281 0.333378 0.716062
vn -0.613277 0.367058 0.699400
vn -0.613277 0.367058 0.699400
vn -0.613281 0.333378 0.716062
vn -0.660857 0.668017 0.342084
vn -0.672696 0.680447 0.290640
vn -0.672696 0.680447 0.290640
vn -0.660857 0.668017 0.342084
vn -0.474627 0.832447 -0.285939
vn -0.487416 0.806657 -0.334261
vn 0.264958 -0.787824 0.555996
vn 0.102430 -0.705631 0.701137
vn 0.221044 -0.801669 0.555398
vn 0.163153 -0.787968 0.593707
vn 0.469299 -0.809801 0.352110
vn 0.143501 -0.732429 0.665549
vn -0.371287 -0.199643 0.906802
vn -0.292677 -0.166155 0.941665
vn -0.726014 -0.590135 -0.353049
vn -0.719755 -0.597118 -0.354124
vn -0.684941 -0.661673 -0.305031
vn -0.719755 -0.597118 -0.354124
vn -0.726095 -0.581458 -0.367006
vn -0.684941 -0.661673 -0.305031
vn -0.726095 -0.581458 -0.367006
vn -0.705472 -0.660276 -0.257575
vn -0.684941 -0.661673 -0.305031
vn -0.705472 -0.660276 -0.257575
vn -0.674546 -0.723488 -0.146810
vn -0.684941 -0.661673 -0.305031
vn -0.674546 -0.723488 -0.146810
vn -0.689738 -0.716812 -0.102189
vn -0.684941 -0.661673 -0.305031
vn -0.689738 -0.716812 -0.102189
vn -0.572164 -0.790483 -0.218553
vn -0.684941 -0.661673 -0.305031
vn -0.572164 -0.790483 -0.218553
vn -0.554000 -0.787910 -0.268853
vn -0.684941 -0.661673 -0.305031
vn -0.554000 -0.787910 -0.268853
vn -0.511569 -0.810639 -0.284888
vn -0.684941 -0.661673 -0.305031
vn -0.511569 -0.810639 -0.284888
vn -0.610254 -0.715593 -0.339877
vn -0.684941 -0.661673 -0.305031
vn -0.610254 -0.715593 -0.339877
vn -0.723846 -0.585699 -0.364696
vn -0.684941 -0.661673 -0.305031
vn -0.723846 -0.585699 -0.364696
vn -0.723023 -0.588352 -0.362049
vn -0.684941 -0.661673 -0.305031
vn -0.723023 -0.588352 -0.362049
vn -0.723611 -0.590268 -0.357729
vn -0.684941 -0.661673 -0.305031
vn -0.723611 -0.590268 -0.357729
vn -0.726014 -0.590135 -0.353049
vn -0.684941 -0.661673 -0.305031
vn 0.726089 0.069241 -0.684106
vn 0.580663 -0.061350 -0.811829
vn 0.456057 -0.191900 -0.869015
vn 0.609838 -0.032596 -0.791856
vn 0.726089 0.069241 -0.684106
vn 0.609838 -0.032596 -0.791856
vn 0.841169 0.314817 -0.439687
vn 0.872639 0.380642 -0.305962
vn 0.848737 0.524735 -0.065556
vn 0.872639 0.380642 -0.305962
vn 0.841169 0.314817 -0.439687
vn 0.877541 0.414508 -0.241051
vn -0.421738 -0.643918 -0.638363
vn -0.684354 -0.650925 -0.328566
vn -0.672188 -0.683641 -0.284252
vn -0.431740 -0.673015 -0.600542
vn -0.094331 -0.534033 -0.840185
vn -0.421738 -0.643918 -0.638363
vn -0.431740 -0.673015 -0.600542
vn -0.074613 -0.528845 -0.845433
vn 0.474597 -0.214031 -0.853785
vn 0.629854 -0.114635 -0.768207
vn 0.775034 0.099949 -0.623965
vn 0.678178 0.008471 -0.734849
vn 0.391904 0.607032 0.691320
vn 0.391904 0.607032 0.691320
vn 0.391904 0.607032 0.691320
vn 0.841844 0.291187 -0.454432
vn 0.877007 0.356608 -0.322007
vn 0.881727 0.423360 -0.208145
vn 0.873219 0.478221 -0.093774
vn -0.604711 -0.640147 -0.473852
vn -0.674491 -0.619264 -0.401962
vn -0.320958 -0.627873 -0.709057
vn -0.341331 -0.636948 -0.691223
vn -0.341331 -0.636948 -0.691223
vn -0.320958 -0.627873 -0.709057
vn 0.053811 -0.514072 -0.856057
vn -0.076305 -0.555728 -0.827855
vn 0.452537 -0.763995 0.459916
vn 0.454443 -0.763178 0.459392
vn 0.452886 -0.762341 0.462309
vn 0.458041 -0.759812 0.461394
vn 0.459704 -0.754619 0.468212
vn 0.468250 -0.743971 0.476707
vn 0.452432 -0.756577 0.472120
vn 0.432627 -0.762216 0.481520
vn 0.458980 -0.752854 0.471750
vn 0.449565 -0.759549 0.470082
vn 0.450654 -0.762195 0.464725
vn -0.473272 0.757810 -0.449152
vn -0.480321 0.754968 -0.446447
vn -0.471365 0.759038 -0.449084
vn -0.468418 0.761766 -0.447546
vn -0.469031 0.761102 -0.448034
vn -0.468382 0.761245 -0.448469
vn -0.468721 0.760191 -0.449899
vn -0.470033 0.760386 -0.448198
vn 0.580663 -0.061350 -0.811829
vn 0.726089 0.069241 -0.684106
vn 0.775034 0.099949 -0.623965
vn 0.629854 -0.114635 -0.768207
vn 0.726089 0.069241 -0.684106
vn 0.872639 0.380642 -0.305962
vn 0.877007 0.356608 -0.322007
vn 0.864716 0.316085 -0.390330
vn 0.775034 0.099949 -0.623965
vn 0.872639 0.380642 -0.305962
vn 0.848737 0.524735 -0.065556
vn 0.881727 0.423360 -0.208145
vn 0.877007 0.356608 -0.322007
vn -0.674491 -0.619264 -0.401962
vn -0.684354 -0.650925 -0.328566
vn -0.421738 -0.643918 -0.638363
vn -0.320958 -0.627873 -0.709057
vn -0.320958 -0.627873 -0.709057
vn -0.421738 -0.643918 -0.638363
vn -0.094331 -0.534033 -0.840185
vn 0.053811 -0.514072 -0.856057
vn -0.156845 0.428737 0.889710
vn -0.315052 0.282815 0.905957
vn -0.371632 0.268869 0.888594
vn -0.333288 0.310392 0.890267
vn -0.333288 0.310392 0.890267
vn -0.371632 0.268869 0.888594
vn -0.457225 0.217978 0.862225
vn -0.521824 0.147511 0.840203
vn 0.775034 0.099949 -0.623965
vn 0.864716 0.316085 -0.390330
vn 0.835688 0.252370 -0.487786
vn 0.678178 0.008471 -0.734849
vn 0.350151 -0.319443 -0.880540
vn 0.350151 -0.319443 -0.880540
vn 0.350151 -0.319443 -0.880540
vn -0.475837 0.181177 0.860670
vn -0.456883 0.191498 0.868669
vn -0.592514 0.114644 0.797361
vn -0.626417 0.099243 0.773145
vn -0.242665 0.348356 0.905407
vn -0.297960 0.349178 0.888423
vn -0.417324 0.238883 0.876799
vn -0.354925 0.296477 0.886639
vn -0.513619 0.173434 0.840307
vn -0.511675 0.176699 0.840813
vn -0.456883 0.191498 0.868669
vn -0.475837 0.181177 0.860670
vn -0.417324 0.238883 0.876799
vn -0.333288 0.310392 0.890267
vn -0.521824 0.147511 0.840203
vn -0.535060 0.138028 0.833462
vn -0.156845 0.428737 0.889710
vn -0.333288 0.310392 0.890267
vn -0.417324 0.238883 0.876799
vn -0.297960 0.349178 0.888423
vn -0.578739 0.079043 0.811673
vn -0.511675 0.176699 0.840813
vn -0.513619 0.173434 0.840307
vn -0.585823 0.068355 0.807551
vn -0.354925 0.296477 0.886639
vn -0.417324 0.238883 0.876799
vn -0.535060 0.138028 0.833462
vn -0.450825 0.266945 0.851761
vn 0.712149 0.090998 -0.696105
vn 0.864716 0.316085 -0.390330
vn 0.877007 0.356608 -0.322007
vn 0.841844 0.291187 -0.454432
vn 0.952638 -0.152306 0.263219
vn 0.728412 0.254505 0.636116
vn 0.730871 0.195688 0.653861
vn 0.932089 -0.176347 0.316403
vn 0.877132 -0.452005 -0.162266
vn 0.952638 -0.152306 0.263219
vn 0.932089 -0.176347 0.316403
vn 0.884279 -0.456230 -0.099524
vn 0.579355 -0.627752 -0.519880
vn 0.877132 -0.452005 -0.162266
vn 0.884279 -0.456230 -0.099524
vn 0.581346 -0.653688 -0.484487
vn -0.122402 -0.585356 -0.801484
vn 0.579355 -0.627752 -0.519880
vn 0.581346 -0.653688 -0.484487
vn -0.170066 -0.589155 -0.789920
vn -0.411188 -0.476567 -0.777052
vn -0.122402 -0.585356 -0.801484
vn -0.170066 -0.589155 -0.789920
vn -0.166056 -0.529977 -0.831595
vn -0.515411 -0.420460 -0.746703
vn -0.411188 -0.476567 -0.777052
vn -0.166056 -0.529977 -0.831595
vn -0.185413 -0.495252 -0.848733
vn -0.889690 -0.057270 -0.452959
vn -0.515411 -0.420460 -0.746703
vn -0.185413 -0.495252 -0.848733
vn -0.890492 -0.070495 -0.449504
vn -0.893329 0.423366 0.150746
vn -0.968714 0.223426 -0.108048
vn -0.969497 0.190782 -0.153876
vn -0.912849 0.405020 0.051635
vn -0.625307 0.630521 0.459821
vn -0.893329 0.423366 0.150746
vn -0.912849 0.405020 0.051635
vn -0.647217 0.646551 0.403835
vn -0.112652 0.679595 0.724886
vn -0.625307 0.630521 0.459821
vn -0.647217 0.646551 0.403835
vn -0.137828 0.699475 0.701241
vn 0.347721 0.533882 0.770753
vn -0.112652 0.679595 0.724886
vn -0.137828 0.699475 0.701241
vn 0.330942 0.534278 0.777833
vn 0.728412 0.254505 0.636116
vn 0.347721 0.533882 0.770753
vn 0.330942 0.534278 0.777833
vn 0.730871 0.195688 0.653861
vn 0.776810 0.275984 0.566038
vn 0.857434 0.177491 0.483015
vn 0.973832 -0.225800 -0.025792
vn 0.971759 -0.055009 0.229476
vn 0.971759 -0.055009 0.229476
vn 0.973832 -0.225800 -0.025792
vn 0.851725 -0.426480 -0.304433
vn 0.890389 -0.381077 -0.248973
vn 0.890389 -0.381077 -0.248973
vn 0.851725 -0.426480 -0.304433
vn 0.610427 -0.558684 -0.561473
vn 0.614547 -0.543630 -0.571663
vn 0.614547 -0.543630 -0.571663
vn 0.610427 -0.558684 -0.561473
vn 0.001852 -0.589596 -0.807696
vn 0.214768 -0.614197 -0.759366
vn 0.214768 -0.614197 -0.759366
vn 0.001852 -0.589596 -0.807696
vn -0.584788 -0.393827 -0.709171
vn -0.502528 -0.448492 -0.739135
vn -0.502528 -0.448492 -0.739135
vn -0.584788 -0.393827 -0.709171
vn -0.984048 0.123558 -0.127994
vn -0.990036 0.126565 -0.061726
vn -0.990036 0.126565 -0.061726
vn -0.984048 0.123558 -0.127994
vn -0.981749 0.182792 -0.052492
vn -0.974512 0.009428 -0.224138
vn -0.584250 -0.399071 -0.706679
vn -0.670128 -0.299164 -0.679286
vn -0.867254 -0.156165 -0.472740
vn -0.973585 -0.001620 -0.228318
vn -0.973585 -0.001620 -0.228318
vn -0.867254 -0.156165 -0.472740
vn -0.726411 0.499345 0.472209
vn -0.657983 0.511844 0.552335
vn -0.657983 0.511844 0.552335
vn -0.726411 0.499345 0.472209
vn -0.143693 0.611140 0.778371
vn -0.163184 0.602335 0.781386
vn -0.163184 0.602335 0.781386
vn -0.143693 0.611140 0.778371
vn 0.363742 0.504757 0.782887
vn 0.348701 0.523760 0.777228
vn 0.348701 0.523760 0.777228
vn 0.363742 0.504757 0.782887
vn 0.857434 0.177491 0.483015
vn 0.776810 0.275984 0.566038
vn 0.830424 0.167548 0.531341
vn 0.817062 0.155934 0.555062
vn 0.963623 -0.196280 0.181399
vn 0.977410 -0.209292 0.029439
vn 0.977410 -0.209292 0.029439
vn 0.963623 -0.196280 0.181399
vn 0.847398 -0.521919 -0.097550
vn 0.861998 -0.386251 -0.328285
vn 0.861998 -0.386251 -0.328285
vn 0.847398 -0.521919 -0.097550
vn 0.518589 -0.712299 -0.472965
vn 0.600174 -0.526738 -0.601946
vn 0.600174 -0.526738 -0.601946
vn 0.518589 -0.712299 -0.472965
vn -0.044702 -0.693317 -0.719245
vn 0.009237 -0.583151 -0.812311
vn 0.009237 -0.583151 -0.812311
vn -0.044702 -0.693317 -0.719245
vn -0.501213 -0.457844 -0.734278
vn -0.525266 -0.427174 -0.735947
vn -0.501213 -0.457844 -0.734278
vn -0.812970 -0.164826 -0.558491
vn -0.924617 -0.006910 -0.380835
vn -0.525266 -0.427174 -0.735947
vn -0.812970 -0.164826 -0.558491
vn -0.941602 0.114308 -0.316731
vn -0.963603 0.227681 -0.140110
vn -0.924617 -0.006910 -0.380835
vn -0.948187 0.069221 -0.310080
vn -0.945389 0.172452 -0.276588
vn -0.893772 0.434807 0.110066
vn -0.952543 0.234255 0.194389
vn -0.908919 0.001946 -0.416968
vn -0.845484 0.519966 -0.121625
vn -0.963885 0.189481 -0.187146
vn -0.652066 0.105550 0.750779
vn -0.952543 0.234255 0.194389
vn -0.893772 0.434807 0.110066
vn -0.175190 0.623448 0.761985
vn -0.693378 0.576033 0.432912
vn -0.484742 0.823229 0.295497
vn -0.014388 0.817947 0.575114
vn -0.398962 0.766691 0.503005
vn 0.198183 0.344227 0.917732
vn -0.249777 0.584653 0.771876
vn 0.258129 0.506595 0.822636
vn 0.313464 0.506689 0.803123
vn -0.175190 0.623448 0.761985
vn -0.398962 0.766691 0.503005
vn 0.313464 0.506689 0.803123
vn 0.258129 0.506595 0.822636
vn 0.817062 0.155934 0.555062
vn 0.830424 0.167548 0.531341
vn -0.230310 -0.770985 0.593750
vn -0.233670 -0.771395 0.591903
vn -0.228155 -0.770020 0.595831
vn -0.229052 -0.771098 0.594091
vn -0.240751 -0.767602 0.593992
vn -0.227668 -0.770578 0.595296
vn -0.227275 -0.770865 0.595075
vn -0.228155 -0.770020 0.595831
vn -0.968714 0.223426 -0.108048
vn -0.889690 -0.057270 -0.452959
vn -0.890492 -0.070495 -0.449504
vn -0.969497 0.190782 -0.153876
vn -0.981749 0.182792 -0.052492
vn -0.670128 -0.299164 -0.679286
vn -0.584250 -0.399071 -0.706679
vn -0.974512 0.009428 -0.224138
vn -0.963603 0.227681 -0.140110
vn -0.948187 0.069221 -0.310080
vn -0.670128 -0.299164 -0.679286
vn -0.981749 0.182792 -0.052492
vn 0.798014 0.176846 0.576108
vn 0.729904 0.259116 0.632534
vn 0.968640 -0.124961 0.214760
vn 0.968316 -0.205355 0.142102
vn 0.968316 -0.205355 0.142102
vn 0.968640 -0.124961 0.214760
vn 0.887185 -0.414332 -0.203057
vn 0.841942 -0.533844 -0.078382
vn 0.841942 -0.533844 -0.078382
vn 0.887185 -0.414332 -0.203057
vn 0.574341 -0.592238 -0.565143
vn 0.477318 -0.778116 -0.408293
vn 0.574341 -0.592238 -0.565143
vn -0.106691 -0.587779 -0.801956
vn -0.093700 -0.694601 -0.713267
vn 0.477318 -0.778116 -0.408293
vn -0.106691 -0.587779 -0.801956
vn -0.469646 -0.451794 -0.758495
vn -0.472653 -0.482776 -0.737242
vn -0.093700 -0.694601 -0.713267
vn -0.469646 -0.451794 -0.758495
vn -0.630463 -0.305018 -0.713779
vn -0.776072 -0.217063 -0.592111
vn -0.472653 -0.482776 -0.737242
vn -0.630463 -0.305018 -0.713779
vn -0.889917 0.003742 -0.456108
vn -0.922509 0.089018 -0.375570
vn -0.776072 -0.217063 -0.592111
vn -0.957344 0.257240 -0.131605
vn -0.858037 0.470366 0.206224
vn -0.887625 0.436099 0.148117
vn -0.944325 0.209443 -0.253741
vn -0.858037 0.470366 0.206224
vn -0.584122 0.638229 0.501463
vn -0.534007 0.641282 0.550994
vn -0.887625 0.436099 0.148117
vn -0.534007 0.641282 0.550994
vn -0.584122 0.638229 0.501463
vn -0.128209 0.665257 0.735524
vn -0.178218 0.660287 0.729561
vn -0.178218 0.660287 0.729561
vn -0.128209 0.665257 0.735524
vn 0.303663 0.532683 0.789960
vn 0.255987 0.526122 0.810966
vn 0.255987 0.526122 0.810966
vn 0.303663 0.532683 0.789960
vn 0.729904 0.259116 0.632534
vn 0.798014 0.176846 0.576108
vn -0.889917 0.003742 -0.456108
vn -0.957344 0.257240 -0.131605
vn -0.944325 0.209443 -0.253741
vn -0.922509 0.089018 -0.375570
vn -0.693378 0.576033 0.432912
vn -0.963885 0.189481 -0.187146
vn -0.845484 0.519966 -0.121625
vn -0.726316 0.559938 -0.398665
vn -0.484742 0.823229 0.295497
vn -0.249777 0.584653 0.771876
vn 0.198183 0.344227 0.917732
vn -0.297692 0.155877 0.941850
vn -0.652066 0.105550 0.750779
vn -0.726316 0.559938 -0.398665
vn -0.845484 0.519966 -0.121625
vn -0.766724 0.358372 -0.532639
vn -0.574071 0.650225 -0.497645
vn -0.033673 0.990954 -0.129908
vn 0.415626 0.866698 0.275844
vn -0.014388 0.817947 0.575114
vn -0.484742 0.823229 0.295497
vn -0.240529 0.417830 0.876107
vn -0.207231 0.405160 0.890450
vn -0.349121 0.355388 0.867072
vn -0.740796 0.281044 0.610111
vn -0.937218 0.170774 0.304071
vn -0.933722 0.269748 -0.235372
vn -0.937813 0.158224 0.308986
vn -0.941034 0.158135 0.299080
vn -0.646820 0.347940 0.678647
vn -0.271901 0.414794 0.868341
vn -0.838921 -0.504165 -0.205010
vn -0.884702 -0.054427 -0.462969
vn -0.908919 0.001946 -0.416968
vn -0.952543 0.234255 0.194389
vn -0.726316 0.559938 -0.398665
vn -0.574071 0.650225 -0.497645
vn -0.033673 0.990954 -0.129908
vn -0.484742 0.823229 0.295497
vn 0.198183 0.344227 0.917732
vn -0.398962 0.766691 0.503005
vn 0.585161 0.572459 0.574349
vn 0.541472 0.035803 0.839956
vn -0.297692 0.155877 0.941850
vn 0.198183 0.344227 0.917732
vn 0.541472 0.035803 0.839956
vn 0.285439 -0.457060 0.842390
vn -0.297692 0.155877 0.941850
vn 0.285439 -0.457060 0.842390
vn -0.325545 -0.851699 0.410645
vn -0.652066 0.105550 0.750779
vn -0.325545 -0.851699 0.410645
vn -0.838921 -0.504165 -0.205010
vn -0.952543 0.234255 0.194389
vn -0.652066 0.105550 0.750779
vn -0.845484 0.519966 -0.121625
vn -0.908919 0.001946 -0.416968
vn -0.884702 -0.054427 -0.462969
vn -0.766724 0.358372 -0.532639
vn -0.398962 0.766691 0.503005
vn -0.014388 0.817947 0.575114
vn 0.415626 0.866698 0.275844
vn 0.585161 0.572459 0.574349
vn -0.751835 -0.621268 -0.220842
vn -0.853242 -0.152960 -0.498580
vn -0.884702 -0.054427 -0.462969
vn -0.838921 -0.504165 -0.205010
vn -0.751835 -0.621268 -0.220842
vn -0.838921 -0.504165 -0.205010
vn -0.325545 -0.851699 0.410645
vn -0.245894 -0.908358 0.338264
vn 0.307720 -0.560772 0.768664
vn -0.245894 -0.908358 0.338264
vn -0.325545 -0.851699 0.410645
vn 0.285439 -0.457060 0.842390
vn 0.538632 -0.060150 0.840391
vn 0.307720 -0.560772 0.768664
vn 0.285439 -0.457060 0.842390
vn 0.541472 0.035803 0.839956
vn 0.600144 0.542728 0.587600
vn 0.538632 -0.060150 0.840391
vn 0.541472 0.035803 0.839956
vn 0.585161 0.572459 0.574349
vn 0.449590 0.855065 0.258326
vn 0.600144 0.542728 0.587600
vn 0.585161 0.572459 0.574349
vn 0.415626 0.866698 0.275844
vn 0.066678 0.987101 -0.145556
vn 0.449590 0.855065 0.258326
vn 0.415626 0.866698 0.275844
vn -0.033673 0.990954 -0.129908
vn -0.448839 0.718635 -0.531137
vn 0.066678 0.987101 -0.145556
vn -0.033673 0.990954 -0.129908
vn -0.574071 0.650225 -0.497645
vn -0.730834 0.292272 -0.616813
vn -0.448839 0.718635 -0.531137
vn -0.574071 0.650225 -0.497645
vn -0.766724 0.358372 -0.532639
vn -0.853242 -0.152960 -0.498580
vn -0.730834 0.292272 -0.616813
vn -0.766724 0.358372 -0.532639
vn -0.884702 -0.054427 -0.462969
vn -0.235677 -0.773142 0.588819
vn -0.228155 -0.770020 0.595831
vn -0.233670 -0.771395 0.591903
vn -0.258669 -0.786393 0.560960
vn -0.227117 -0.770400 0.595736
vn -0.228155 -0.770020 0.595831
vn -0.235677 -0.773142 0.588819
vn -0.226779 -0.772537 0.593091
vn -0.228155 -0.770020 0.595831
vn -0.227117 -0.770400 0.595736
vn -0.228021 -0.769999 0.595909
vn -0.228155 -0.770020 0.595831
vn -0.228021 -0.769999 0.595909
vn -0.227972 -0.770174 0.595702
vn -0.228155 -0.770020 0.595831
vn -0.227972 -0.770174 0.595702
vn -0.227668 -0.770578 0.595296
vn -0.229052 -0.771098 0.594091
vn -0.228155 -0.770020 0.595831
vn -0.227275 -0.770865 0.595075
vn -0.227095 -0.771118 0.594814
vn 0.729904 0.259116 0.632534
vn 0.728412 0.254505 0.636116
vn 0.952638 -0.152306 0.263219
vn 0.968640 -0.124961 0.214760
vn 0.968640 -0.124961 0.214760
vn 0.952638 -0.152306 0.263219
vn 0.877132 -0.452005 -0.162266
vn 0.887185 -0.414332 -0.203057
vn 0.887185 -0.414332 -0.203057
vn 0.877132 -0.452005 -0.162266
vn 0.579355 -0.627752 -0.519880
vn 0.574341 -0.592238 -0.565143
vn 0.574341 -0.592238 -0.565143
vn 0.579355 -0.627752 -0.519880
vn -0.122402 -0.585356 -0.801484
vn -0.106691 -0.587779 -0.801956
vn -0.106691 -0.587779 -0.801956
vn -0.122402 -0.585356 -0.801484
vn -0.411188 -0.476567 -0.777052
vn -0.469646 -0.451794 -0.758495
vn -0.469646 -0.451794 -0.758495
vn -0.411188 -0.476567 -0.777052
vn -0.515411 -0.420460 -0.746703
vn -0.630463 -0.305018 -0.713779
vn -0.630463 -0.305018 -0.713779
vn -0.515411 -0.420460 -0.746703
vn -0.889690 -0.057270 -0.452959
vn -0.889917 0.003742 -0.456108
vn -0.957344 0.257240 -0.131605
vn -0.968714 0.223426 -0.108048
vn -0.893329 0.423366 0.150746
vn -0.858037 0.470366 0.206224
vn -0.858037 0.470366 0.206224
vn -0.893329 0.423366 0.150746
vn -0.625307 0.630521 0.459821
vn -0.584122 0.638229 0.501463
vn -0.584122 0.638229 0.501463
vn -0.625307 0.630521 0.459821
vn -0.112652 0.679595 0.724886
vn -0.128209 0.665257 0.735524
vn -0.128209 0.665257 0.735524
vn -0.112652 0.679595 0.724886
vn 0.347721 0.533882 0.770753
vn 0.303663 0.532683 0.789960
vn 0.303663 0.532683 0.789960
vn 0.347721 0.533882 0.770753
vn 0.728412 0.254505 0.636116
vn 0.729904 0.259116 0.632534
vn -0.889917 0.003742 -0.456108
vn -0.889690 -0.057270 -0.452959
vn -0.968714 0.223426 -0.108048
vn -0.957344 0.257240 -0.131605
vn 0.817062 0.155934 0.555062
vn 0.798014 0.176846 0.576108
vn 0.968316 -0.205355 0.142102
vn 0.963623 -0.196280 0.181399
vn 0.963623 -0.196280 0.181399
vn 0.968316 -0.205355 0.142102
vn 0.841942 -0.533844 -0.078382
vn 0.847398 -0.521919 -0.097550
vn 0.847398 -0.521919 -0.097550
vn 0.841942 -0.533844 -0.078382
vn 0.477318 -0.778116 -0.408293
vn 0.518589 -0.712299 -0.472965
vn 0.477318 -0.778116 -0.408293
vn -0.093700 -0.694601 -0.713267
vn -0.044702 -0.693317 -0.719245
vn 0.518589 -0.712299 -0.472965
vn -0.093700 -0.694601 -0.713267
vn -0.472653 -0.482776 -0.737242
vn -0.501213 -0.457844 -0.734278
vn -0.044702 -0.693317 -0.719245
vn -0.472653 -0.482776 -0.737242
vn -0.776072 -0.217063 -0.592111
vn -0.812970 -0.164826 -0.558491
vn -0.501213 -0.457844 -0.734278
vn -0.776072 -0.217063 -0.592111
vn -0.922509 0.089018 -0.375570
vn -0.941602 0.114308 -0.316731
vn -0.812970 -0.164826 -0.558491
vn -0.944325 0.209443 -0.253741
vn -0.887625 0.436099 0.148117
vn -0.893772 0.434807 0.110066
vn -0.945389 0.172452 -0.276588
vn -0.893772 0.434807 0.110066
vn -0.887625 0.436099 0.148117
vn -0.534007 0.641282 0.550994
vn -0.652066 0.105550 0.750779
vn -0.534007 0.641282 0.550994
vn -0.178218 0.660287 0.729561
vn -0.249777 0.584653 0.771876
vn -0.652066 0.105550 0.750779
vn -0.249777 0.584653 0.771876
vn -0.178218 0.660287 0.729561
vn 0.255987 0.526122 0.810966
vn 0.258129 0.506595 0.822636
vn 0.258129 0.506595 0.822636
vn 0.255987 0.526122 0.810966
vn 0.798014 0.176846 0.576108
vn 0.817062 0.155934 0.555062
vn -0.922509 0.089018 -0.375570
vn -0.944325 0.209443 -0.253741
vn -0.945389 0.172452 -0.276588
vn -0.941602 0.114308 -0.316731
vn 0.830424 0.167548 0.531341
vn 0.977410 -0.209292 0.029439
vn 0.973832 -0.225800 -0.025792
vn 0.857434 0.177491 0.483015
vn 0.977410 -0.209292 0.029439
vn 0.861998 -0.386251 -0.328285
vn 0.851725 -0.426480 -0.304433
vn 0.973832 -0.225800 -0.025792
vn 0.861998 -0.386251 -0.328285
vn 0.600174 -0.526738 -0.601946
vn 0.610427 -0.558684 -0.561473
vn 0.851725 -0.426480 -0.304433
vn 0.610427 -0.558684 -0.561473
vn 0.600174 -0.526738 -0.601946
vn 0.009237 -0.583151 -0.812311
vn 0.001852 -0.589596 -0.807696
vn 0.001852 -0.589596 -0.807696
vn 0.009237 -0.583151 -0.812311
vn -0.525266 -0.427174 -0.735947
vn -0.584788 -0.393827 -0.709171
vn -0.525266 -0.427174 -0.735947
vn -0.924617 -0.006910 -0.380835
vn -0.984048 0.123558 -0.127994
vn -0.584788 -0.393827 -0.709171
vn -0.924617 -0.006910 -0.380835
vn -0.963603 0.227681 -0.140110
vn -0.981749 0.182792 -0.052492
vn -0.984048 0.123558 -0.127994
vn -0.948187 0.069221 -0.310080
vn -0.963885 0.189481 -0.187146
vn -0.867254 -0.156165 -0.472740
vn -0.670128 -0.299164 -0.679286
vn -0.726411 0.499345 0.472209
vn -0.693378 0.576033 0.432912
vn -0.175190 0.623448 0.761985
vn -0.143693 0.611140 0.778371
vn -0.143693 0.611140 0.778371
vn -0.175190 0.623448 0.761985
vn 0.313464 0.506689 0.803123
vn 0.363742 0.504757 0.782887
vn 0.363742 0.504757 0.782887
vn 0.313464 0.506689 0.803123
vn 0.830424 0.167548 0.531341
vn 0.857434 0.177491 0.483015
vn -0.948187 0.069221 -0.310080
vn -0.963603 0.227681 -0.140110
vn -0.941602 0.114308 -0.316731
vn -0.945389 0.172452 -0.276588
vn -0.867254 -0.156165 -0.472740
vn -0.963885 0.189481 -0.187146
vn -0.693378 0.576033 0.432912
vn -0.726411 0.499345 0.472209
vn 0.173572 0.778728 -0.602873
vn 0.168569 0.774515 -0.609680
vn 0.084034 0.768492 -0.634317
vn 0.168569 0.774515 -0.609680
vn 0.189166 0.773806 -0.604517
vn 0.084034 0.768492 -0.634317
vn 0.189166 0.773806 -0.604517
vn 0.054651 0.796456 -0.602222
vn 0.084034 0.768492 -0.634317
vn 0.054651 0.796456 -0.602222
vn -0.075490 0.805395 -0.587912
vn 0.084034 0.768492 -0.634317
vn -0.075490 0.805395 -0.587912
vn -0.101441 0.826349 -0.553946
vn 0.084034 0.768492 -0.634317
vn -0.101441 0.826349 -0.553946
vn -0.089388 0.713436 -0.694996
vn 0.084034 0.768492 -0.634317
vn -0.089388 0.713436 -0.694996
vn -0.054871 0.686087 -0.725447
vn 0.084034 0.768492 -0.634317
vn -0.054871 0.686087 -0.725447
vn -0.068409 0.649193 -0.757541
vn 0.084034 0.768492 -0.634317
vn -0.068409 0.649193 -0.757541
vn 0.057610 0.706085 -0.705780
vn 0.084034 0.768492 -0.634317
vn 0.057610 0.706085 -0.705780
vn 0.184331 0.773274 -0.606687
vn 0.084034 0.768492 -0.634317
vn 0.184331 0.773274 -0.606687
vn 0.180561 0.773719 -0.607253
vn 0.084034 0.768492 -0.634317
vn 0.180561 0.773719 -0.607253
vn 0.176353 0.775612 -0.606074
vn 0.084034 0.768492 -0.634317
vn 0.176353 0.775612 -0.606074
vn 0.173572 0.778728 -0.602873
vn 0.084034 0.768492 -0.634317
vn 0.665076 -0.746740 0.007290
vn 0.670538 -0.741872 -0.002161
vn 0.671506 -0.740967 0.006877
vn 0.672258 -0.740211 0.012502
vn 0.675434 -0.737169 0.019236
vn 0.673414 -0.739193 0.010364
vn 0.678508 -0.734558 0.007132
vn 0.678377 -0.734547 0.015664
vn 0.671252 -0.741224 -0.002898
vn 0.665076 -0.746740 0.007290
vn 0.673414 -0.739193 0.010364
vn 0.678508 -0.734558 0.007132
vn 0.680176 -0.732963 0.011207
vn 0.684356 -0.728913 0.018504
vn 0.696269 -0.716125 0.048717
vn 0.678377 -0.734547 0.015664
vn -0.691778 0.722097 -0.004411
vn -0.691558 0.722307 -0.004493
vn -0.689912 0.723888 -0.002811
vn -0.686301 0.727298 -0.005376
vn -0.689963 0.723830 -0.004687
vn -0.715492 0.698325 0.020329
vn -0.684297 0.729163 -0.007627
vn -0.689364 0.724369 -0.008109
vn -0.691778 0.722097 -0.004411
vn -0.715492 0.698325 0.020329
vn -0.691778 0.722097 -0.004411
vn -0.689963 0.723830 -0.004687
vn -0.682060 0.731280 -0.004852
vn -0.689921 0.723850 -0.007002
vn -0.691783 0.722087 -0.005155
vn -0.691772 0.722096 -0.005387
vn -0.691965 0.721909 -0.005681
vn -0.691563 0.722297 -0.005164
vn -0.631435 -0.650458 0.422132
vn -0.639145 -0.648090 0.414092
vn -0.634943 -0.662607 0.397239
vn -0.642764 -0.642362 0.417403
vn -0.635770 -0.651210 0.414393
vn -0.631435 -0.650458 0.422132
vn -0.633779 -0.646140 0.425238
vn -0.640320 -0.642738 0.420570
vn -0.652349 -0.632488 0.417611
vn -0.639145 -0.648090 0.414092
vn -0.152499 0.534231 0.831470
vn 0.026320 0.201319 0.979172
vn -0.554294 0.310417 0.772269
# 1666 vertex normals

vt 0.862206 0.406767 0.422599
vt 0.938263 0.376299 -0.498335
vt 0.862083 0.385683 0.450406
vt 0.834351 0.409442 0.458532
vt 0.833248 0.431609 0.417390
vt 0.831869 0.457137 0.437501
vt 0.981283 0.257717 0.559244
vt 0.833783 0.365675 0.454507
vt 0.834236 0.390979 0.434424
vt 0.511231 0.435957 0.425412
vt 0.511380 0.456712 0.411533
vt 0.880671 0.258102 0.475113
vt 0.512640 0.365878 0.478864
vt 0.962140 0.386140 -0.497138
vt 0.603777 0.414553 0.473978
vt 0.603566 0.436580 0.417472
vt 0.605485 0.458179 0.377978
vt 0.910275 0.259988 0.508947
vt 0.604946 0.373649 0.415695
vt 0.604288 0.396761 0.466440
vt 0.959673 0.388761 0.499909
vt 0.936108 0.391795 0.499184
vt 0.911416 0.408443 0.496684
vt 0.985185 0.464823 0.498381
vt 0.511547 0.408589 0.427522
vt 0.880536 0.270435 0.409128
vt 0.879529 0.343845 0.359541
vt 0.511998 0.389793 0.425339
vt 0.862301 0.429481 0.381179
vt 0.985655 0.409607 0.500000
vt 0.913524 0.424649 0.498375
vt 0.862337 0.457603 0.388041
vt 0.991338 0.259975 0.523237
vt 0.968060 0.463772 0.497432
vt 0.991354 0.433137 0.499447
vt 0.914108 0.384947 -0.499387
vt 0.896147 0.409764 -0.500000
vt 0.861958 0.363373 0.503729
vt 0.766095 0.411364 0.444720
vt 0.764878 0.434024 0.401308
vt 0.763599 0.458215 0.438841
vt 0.959733 0.257362 0.554146
vt 0.765684 0.368459 0.393484
vt 0.766058 0.393738 0.398856
vt 0.725407 0.414836 0.482734
vt 0.721138 0.437335 0.436312
vt 0.721807 0.457822 0.441536
vt 0.946450 0.254462 0.535796
vt 0.730848 0.370422 0.357840
vt 0.729147 0.394921 0.425915
vt 0.667230 0.414999 0.501979
vt 0.666947 0.437263 0.431054
vt 0.669747 0.457735 0.402135
vt 0.930454 0.255122 0.499509
vt 0.667888 0.370726 0.407642
vt 0.667585 0.395954 0.448659
vt 0.880857 0.298567 0.500035
vt 0.991284 0.302323 0.494088
vt 0.991311 0.275198 0.398410
vt 0.996551 0.340398 0.364356
vt 0.511265 0.445246 0.398614
vt 0.604540 0.446988 0.377074
vt 0.511355 0.451291 0.379460
vt 0.604714 0.449286 0.373822
vt 0.511388 0.446820 0.317849
vt 0.909198 0.342963 0.360342
vt 0.906917 0.299482 0.458485
vt 0.908404 0.277531 0.389398
vt 0.889190 0.444101 -0.499984
vt 0.930930 0.345639 0.292520
vt 0.928295 0.300343 0.432278
vt 0.979340 0.411837 -0.496099
vt 0.929079 0.276940 0.391501
vt 0.952188 0.340695 0.314684
vt 0.914054 0.459973 0.496454
vt 0.947640 0.300978 0.458127
vt 0.946532 0.276445 0.393351
vt 0.964219 0.339527 0.288240
vt 0.960173 0.301503 0.446250
vt 0.959419 0.276083 0.394762
vt 0.986336 0.340695 0.363761
vt 0.980792 0.302058 0.478927
vt 0.980733 0.275490 0.397176
vt 0.832331 0.449048 0.403909
vt 0.862335 0.449113 0.352976
vt 0.832577 0.444343 0.396678
vt 0.862289 0.439737 0.354226
vt 0.832481 0.447468 0.356291
vt 0.862363 0.449485 0.279570
vt 0.764203 0.447396 0.394378
vt 0.996545 0.328676 0.262935
vt 0.986035 0.326922 0.283325
vt 0.936179 0.467035 -0.497824
vt 0.964033 0.324610 0.277647
vt 0.985999 0.323268 0.332140
vt 0.909581 0.449869 -0.499029
vt 0.996567 0.322147 0.340335
vt 0.986100 0.327458 0.328107
vt 0.965430 0.426946 -0.496655
vt 0.996560 0.330338 0.335978
vt 0.880639 0.277949 0.297820
vt 0.880594 0.276408 0.407319
vt 0.880650 0.281659 0.411731
vt 0.668635 0.449320 0.395119
vt 0.604844 0.451038 0.372545
vt 0.987090 0.354138 0.454507
vt 0.879454 0.354326 0.478864
vt 0.910392 0.361543 0.415695
vt 0.996533 0.352000 0.503729
vt 0.964266 0.356723 0.393484
vt 0.952590 0.358546 0.357840
vt 0.931488 0.358829 0.407642
vt 0.879529 0.298866 0.500035
vt 0.996590 0.302004 0.494088
vt 0.948898 0.390229 0.499677
vt 0.942725 0.393041 0.499398
vt 0.948049 0.398576 0.499539
vt 0.902194 0.402128 -0.499818
vt 0.907399 0.393983 -0.499543
vt 0.908271 0.405694 -0.499680
vt 0.952185 0.433316 -0.497032
vt 0.953624 0.443126 -0.497127
vt 0.958741 0.436113 -0.496922
vt 0.923804 0.432502 0.497827
vt 0.913491 0.431327 0.498031
vt 0.913713 0.437238 0.497690
vt 0.907155 0.299631 0.458485
vt 0.929818 0.300350 0.432278
vt 0.950324 0.300881 0.458127
vt 0.963610 0.301320 0.446250
vt 0.985468 0.301783 0.478927
vt 0.862297 0.482373 0.523237
vt 0.830497 0.480342 0.559244
vt 0.605910 0.482384 0.508947
vt 0.512276 0.480687 0.475113
vt 0.762335 0.480022 0.554146
vt 0.720324 0.477414 0.535796
vt 0.830497 0.480342 0.559244
vt 0.762335 0.480022 0.554146
vt 0.720324 0.477414 0.535796
vt 0.669732 0.478007 0.499509
vt 0.669732 0.478007 0.499509
vt 0.605910 0.482384 0.508947
vt 0.985032 0.436026 0.500000
vt 0.871174 0.483702 0.500188
vt 0.506892 0.312382 0.428166
vt 0.506936 0.339152 0.441358
vt 0.507779 0.364751 0.575149
vt 0.508552 0.465624 0.535128
vt 0.603057 0.285848 0.503816
vt 0.980628 0.468677 0.499914
vt 0.970333 0.399002 -0.499958
vt 0.942523 0.387461 -0.499839
vt 0.602684 0.314624 0.419521
vt 0.604575 0.342172 0.417067
vt 0.604904 0.366371 0.636225
vt 0.604382 0.460021 0.476426
vt 0.603689 0.495362 0.541329
vt 0.996615 0.358450 -0.386091
vt 0.907246 0.389484 -0.497523
vt 0.962709 0.486996 -0.495403
vt 0.989984 0.437115 -0.498572
vt 0.913824 0.415841 -0.497981
vt 0.985665 0.465369 -0.497060
vt 0.968940 0.405865 0.499879
vt 0.936668 0.386275 0.499572
vt 0.507948 0.487781 0.522999
vt 0.871161 0.309442 0.369855
vt 0.871049 0.344004 0.459534
vt 0.870890 0.366583 0.698485
vt 0.870919 0.460360 0.480640
vt 0.729244 0.287371 0.499022
vt 0.724654 0.317278 0.442815
vt 0.725230 0.342298 0.504506
vt 0.723691 0.363482 0.613131
vt 0.734974 0.458176 0.411935
vt 0.733217 0.493479 0.475023
vt 0.996737 0.273843 -0.500000
vt 0.906879 0.389077 0.499135
vt 0.956957 0.484200 0.499213
vt 0.964639 0.359250 -0.090141
vt 0.965182 0.276094 -0.075340
vt 0.506877 0.324786 0.404685
vt 0.506945 0.332658 0.392705
vt 0.507019 0.327174 0.315282
vt 0.996765 0.337816 0.066310
vt 0.877090 0.356236 0.145685
vt 0.933532 0.453985 -0.494843
vt 0.877471 0.268406 0.020304
vt 0.925546 0.355965 -0.379260
vt 0.931033 0.456060 0.499799
vt 0.603799 0.331268 0.389930
vt 0.912710 0.416848 0.499298
vt 0.957581 0.393812 -0.500000
vt 0.949378 0.392905 -0.499813
vt 0.952830 0.402043 -0.499609
vt 0.922183 0.277857 -0.031100
vt 0.996535 0.305222 0.136279
vt 0.877288 0.294449 0.500000
vt 0.877180 0.332108 0.457036
vt 0.966439 0.301997 -0.049267
vt 0.966726 0.334238 0.340423
vt 0.924416 0.298023 0.098973
vt 0.925544 0.333259 0.394052
vt 0.871205 0.278394 0.425218
vt 0.871173 0.253917 0.500188
vt 0.871205 0.278394 0.425218
vt 0.733216 0.263694 0.475023
vt 0.507397 0.277778 0.477627
vt 0.507397 0.277778 0.477627
vt 0.507948 0.257996 0.522999
vt 0.603688 0.265577 0.541329
vt 0.603688 0.265577 0.541329
vt 0.733216 0.263694 0.475023
vt 0.849317 0.422265 0.430280
vt 0.940592 0.383925 -0.498335
vt 0.849063 0.402783 0.453933
vt 0.822928 0.425007 0.456374
vt 0.822006 0.445706 0.454209
vt 0.820805 0.467944 0.417613
vt 0.819530 0.260331 0.441130
vt 0.818682 0.279493 0.480330
vt 0.818482 0.296460 0.401591
vt 0.818842 0.309429 0.492509
vt 0.819501 0.326643 0.527272
vt 0.709353 0.346453 0.399445
vt 0.756852 0.364138 0.394149
vt 0.822158 0.385949 0.434772
vt 0.822700 0.407898 0.440475
vt 0.516852 0.444064 0.373558
vt 0.517021 0.467154 0.356035
vt 0.517871 0.261605 0.338644
vt 0.517923 0.282130 0.437322
vt 0.522627 0.302166 0.489469
vt 0.526441 0.320994 0.475999
vt 0.525359 0.326459 0.360283
vt 0.526467 0.336585 0.492554
vt 0.518222 0.363710 0.449334
vt 0.517722 0.383993 0.422202
vt 0.604384 0.431664 0.502867
vt 0.604310 0.451650 0.440458
vt 0.606168 0.468203 0.389399
vt 0.606596 0.260745 0.413880
vt 0.607112 0.281186 0.472340
vt 0.607574 0.295326 0.451204
vt 0.609296 0.313980 0.414273
vt 0.613303 0.325774 0.291330
vt 0.613086 0.329765 0.351945
vt 0.605793 0.370528 0.362657
vt 0.605265 0.394909 0.397282
vt 0.604743 0.414856 0.458019
vt 0.516940 0.423676 0.398092
vt 0.517257 0.404169 0.411344
vt 0.849538 0.443033 0.395539
vt 0.849663 0.467023 0.372349
vt 0.849650 0.261772 0.398334
vt 0.966711 0.392170 -0.497138
vt 0.849496 0.283335 0.471575
vt 0.849275 0.302849 0.400824
vt 0.848890 0.306646 0.505131
vt 0.909454 0.392762 0.499909
vt 0.848724 0.332479 0.526612
vt 0.891500 0.411787 0.499184
vt 0.889165 0.438098 0.496684
vt 0.890469 0.464671 0.496636
vt 0.912479 0.484467 0.482914
vt 0.941454 0.483681 0.471904
vt 0.944327 0.469054 0.475151
vt 0.964018 0.475366 0.472151
vt 0.980608 0.439909 0.497061
vt 0.974685 0.413344 0.498381
vt 0.933603 0.386126 0.500000
vt 0.848644 0.346535 0.507384
vt 0.848695 0.363399 0.508485
vt 0.848839 0.383010 0.474134
vt 0.819822 0.333396 0.521156
vt 0.525210 0.331379 0.406709
vt 0.608800 0.318251 0.287067
vt 0.848787 0.326077 0.536427
vt 0.711200 0.431918 0.483217
vt 0.710023 0.452212 0.450776
vt 0.708963 0.470710 0.480358
vt 0.707934 0.258749 0.502844
vt 0.707251 0.274326 0.505714
vt 0.707066 0.291766 0.441854
vt 0.707747 0.311799 0.444470
vt 0.708320 0.324018 0.394258
vt 0.755853 0.345557 0.428481
vt 0.706874 0.366673 0.338230
vt 0.711160 0.394581 0.347038
vt 0.711495 0.412824 0.436959
vt 0.708736 0.332063 0.380532
vt 0.692626 0.345417 0.382244
vt 0.678930 0.344270 0.364360
vt 0.671323 0.368195 0.376367
vt 0.740024 0.366766 0.500524
vt 0.704542 0.401812 0.464385
vt 0.675606 0.422247 0.492436
vt 0.696225 0.287484 0.502810
vt 0.700228 0.320333 0.513065
vt 0.724231 0.338376 0.548532
vt 0.684118 0.388433 0.371379
vt 0.749321 0.401962 0.360913
vt 0.728066 0.422603 0.384326
vt 0.744389 0.288016 0.396004
vt 0.746668 0.321262 0.434710
vt 0.697330 0.387805 0.377826
vt 0.766485 0.338389 0.458230
vt 0.797550 0.366156 0.370040
vt 0.688967 0.412988 0.504037
vt 0.738062 0.412980 0.404903
vt 0.734353 0.438914 0.380481
vt 0.684643 0.439375 0.470755
vt 0.743594 0.304110 0.379711
vt 0.696222 0.304034 0.454817
vt 0.782032 0.348986 0.405347
vt 0.720506 0.349822 0.549177
vt 0.810770 0.413902 0.326442
vt 0.685109 0.342963 0.390255
vt 0.673043 0.356153 0.358598
vt 0.676560 0.379417 0.362052
vt 0.957479 0.393659 0.499447
vt 0.703113 0.383305 0.316068
vt 0.758237 0.427477 0.446767
vt 0.757200 0.448013 0.445849
vt 0.756088 0.469086 0.423686
vt 0.754914 0.259770 0.445775
vt 0.754092 0.277111 0.464060
vt 0.753800 0.292998 0.393671
vt 0.754216 0.311567 0.456065
vt 0.754828 0.326664 0.474474
vt 0.821411 0.363761 0.461380
vt 0.757640 0.388843 0.376187
vt 0.758093 0.411394 0.410710
vt 0.755187 0.333740 0.469437
vt 0.820555 0.345919 0.478294
vt 0.719693 0.431168 0.476145
vt 0.715776 0.451746 0.446267
vt 0.716471 0.468947 0.431124
vt 0.715093 0.259238 0.449906
vt 0.715791 0.276590 0.459810
vt 0.715154 0.291960 0.433483
vt 0.718610 0.311743 0.447179
vt 0.721096 0.324846 0.416061
vt 0.724403 0.346149 0.408815
vt 0.725282 0.365648 0.358619
vt 0.724636 0.392823 0.354565
vt 0.723103 0.412484 0.430360
vt 0.722395 0.332632 0.406578
vt 0.664545 0.431805 0.491797
vt 0.664402 0.451972 0.446310
vt 0.667099 0.468204 0.403729
vt 0.667115 0.259956 0.423822
vt 0.667222 0.279016 0.456299
vt 0.664640 0.293302 0.445326
vt 0.664847 0.315104 0.422625
vt 0.664924 0.329588 0.338391
vt 0.664977 0.336693 0.353744
vt 0.943421 0.461773 -0.464236
vt 0.932051 0.460311 -0.499999
vt 0.906671 0.439639 0.328562
vt 0.910613 0.423605 -0.107276
vt 0.914169 0.391170 -0.499386
vt 0.894521 0.411961 -0.500000
vt 0.886911 0.440727 -0.499984
vt 0.893376 0.469763 -0.499325
vt 0.920780 0.476191 -0.498212
vt 0.923608 0.488868 -0.496971
vt 0.965233 0.483363 -0.495841
vt 0.980931 0.466758 -0.495410
vt 0.991994 0.442739 -0.495471
vt 0.985526 0.413697 -0.496099
vt 0.952152 0.471266 0.475729
vt 0.955947 0.489008 -0.496155
vt 0.936666 0.437718 -0.497824
vt 0.925766 0.433814 0.497106
vt 0.917852 0.413040 -0.408031
vt 0.937770 0.408180 -0.346494
vt 0.951890 0.416268 0.122074
vt 0.960264 0.427638 0.500000
vt 0.959959 0.442749 0.089937
vt 0.952193 0.456025 -0.485510
vt 0.812582 0.402282 0.289826
vt 0.842207 0.367164 0.332024
vt 0.831429 0.351148 0.333008
vt 0.822906 0.339734 0.355039
vt 0.820434 0.320654 0.329803
vt 0.828712 0.302786 0.297525
vt 0.835603 0.287071 0.318995
vt 0.823412 0.438927 0.318287
vt 0.808766 0.423921 0.318911
vt 0.665031 0.368411 0.374987
vt 0.664931 0.390087 0.376562
vt 0.664746 0.413738 0.446012
vt 0.664889 0.321986 0.362623
vt 0.734353 0.272313 0.380481
vt 0.684642 0.272773 0.470755
vt 0.734353 0.272313 0.380481
vt 0.823411 0.272325 0.318287
vt 0.849649 0.492304 0.398334
vt 0.819529 0.490863 0.441130
vt 0.606594 0.491277 0.413880
vt 0.517870 0.492137 0.338644
vt 0.707933 0.489281 0.502844
vt 0.667114 0.490488 0.423822
vt 0.754913 0.490303 0.445775
vt 0.715092 0.489771 0.449906
vt 0.819529 0.490863 0.441130
vt 0.754913 0.490303 0.445775
vt 0.715092 0.489771 0.449906
vt 0.707933 0.489281 0.502844
vt 0.667114 0.490488 0.423822
vt 0.606594 0.491277 0.413880
vt 0.985032 0.436026 0.500000
vt 0.871174 0.483702 0.500188
vt 0.506892 0.312382 0.428166
vt 0.506936 0.339152 0.441358
vt 0.507779 0.364751 0.575149
vt 0.508552 0.465624 0.535128
vt 0.603057 0.285848 0.503816
vt 0.980628 0.468677 0.499914
vt 0.970333 0.399002 -0.499958
vt 0.942523 0.387461 -0.499839
vt 0.602684 0.314624 0.419521
vt 0.604575 0.342172 0.417067
vt 0.604904 0.366371 0.636225
vt 0.604382 0.460021 0.476426
vt 0.603689 0.495362 0.541329
vt 0.996615 0.358450 -0.386091
vt 0.907246 0.389484 -0.497523
vt 0.962709 0.486996 -0.495403
vt 0.989984 0.437115 -0.498572
vt 0.913824 0.415841 -0.497981
vt 0.985665 0.465369 -0.497060
vt 0.968940 0.405865 0.499879
vt 0.936668 0.386275 0.499572
vt 0.507948 0.487781 0.522999
vt 0.871161 0.309442 0.369855
vt 0.871049 0.344004 0.459534
vt 0.870890 0.366583 0.698485
vt 0.870919 0.460360 0.480640
vt 0.729244 0.287371 0.499022
vt 0.724654 0.317278 0.442815
vt 0.725230 0.342298 0.504506
vt 0.723691 0.363482 0.613131
vt 0.734974 0.458176 0.411935
vt 0.733217 0.493479 0.475023
vt 0.996737 0.273843 -0.500000
vt 0.906879 0.389077 0.499135
vt 0.956957 0.484200 0.499213
vt 0.964639 0.359250 -0.090141
vt 0.965182 0.276094 -0.075340
vt 0.506877 0.324786 0.404685
vt 0.506945 0.332658 0.392705
vt 0.507019 0.327174 0.315282
vt 0.996765 0.337816 0.066310
vt 0.877090 0.356236 0.145685
vt 0.933532 0.453985 -0.494843
vt 0.877471 0.268406 0.020304
vt 0.925546 0.355965 -0.379260
vt 0.931033 0.456060 0.499799
vt 0.603799 0.331268 0.389930
vt 0.912710 0.416848 0.499298
vt 0.957581 0.393812 -0.500000
vt 0.949378 0.392905 -0.499813
vt 0.952830 0.402043 -0.499609
vt 0.922183 0.277857 -0.031100
vt 0.996535 0.305222 0.136279
vt 0.877288 0.294449 0.500000
vt 0.877180 0.332108 0.457036
vt 0.966439 0.301997 -0.049267
vt 0.966726 0.334238 0.340423
vt 0.924416 0.298023 0.098973
vt 0.925544 0.333259 0.394052
vt 0.871205 0.278394 0.425218
vt 0.871173 0.253917 0.500188
vt 0.871205 0.278394 0.425218
vt 0.733216 0.263694 0.475023
vt 0.507397 0.277778 0.477627
vt 0.507397 0.277778 0.477627
vt 0.507948 0.257996 0.522999
vt 0.603688 0.265577 0.541329
vt 0.603688 0.265577 0.541329
vt 0.733216 0.263694 0.475023
vt 0.849317 0.422265 0.430280
vt 0.940592 0.383925 -0.498335
vt 0.849063 0.402783 0.453933
vt 0.822928 0.425007 0.456374
vt 0.822006 0.445706 0.454209
vt 0.820805 0.467944 0.417613
vt 0.819530 0.260331 0.441130
vt 0.818682 0.279493 0.480330
vt 0.818482 0.296460 0.401591
vt 0.818842 0.309429 0.492509
vt 0.819501 0.326643 0.527272
vt 0.709353 0.346453 0.399445
vt 0.756852 0.364138 0.394149
vt 0.822158 0.385949 0.434772
vt 0.822700 0.407898 0.440475
vt 0.516852 0.444064 0.373558
vt 0.517021 0.467154 0.356035
vt 0.517871 0.261605 0.338644
vt 0.517923 0.282130 0.437322
vt 0.522627 0.302166 0.489469
vt 0.526441 0.320994 0.475999
vt 0.525359 0.326459 0.360283
vt 0.526467 0.336585 0.492554
vt 0.518222 0.363710 0.449334
vt 0.517722 0.383993 0.422202
vt 0.604384 0.431664 0.502867
vt 0.604310 0.451650 0.440458
vt 0.606168 0.468203 0.389399
vt 0.606596 0.260745 0.413880
vt 0.607112 0.281186 0.472340
vt 0.607574 0.295326 0.451204
vt 0.609296 0.313980 0.414273
vt 0.613303 0.325774 0.291330
vt 0.613086 0.329765 0.351945
vt 0.605793 0.370528 0.362657
vt 0.605265 0.394909 0.397282
vt 0.604743 0.414856 0.458019
vt 0.516940 0.423676 0.398092
vt 0.517257 0.404169 0.411344
vt 0.849538 0.443033 0.395539
vt 0.849663 0.467023 0.372349
vt 0.849650 0.261772 0.398334
vt 0.966711 0.392170 -0.497138
vt 0.849496 0.283335 0.471575
vt 0.849275 0.302849 0.400824
vt 0.848890 0.306646 0.505131
vt 0.909454 0.392762 0.499909
vt 0.848724 0.332479 0.526612
vt 0.891500 0.411787 0.499184
vt 0.889165 0.438098 0.496684
vt 0.890469 0.464671 0.496636
vt 0.912479 0.484467 0.482914
vt 0.941454 0.483681 0.471904
vt 0.944327 0.469054 0.475151
vt 0.964018 0.475366 0.472151
vt 0.980608 0.439909 0.497061
vt 0.974685 0.413344 0.498381
vt 0.933603 0.386126 0.500000
vt 0.848644 0.346535 0.507384
vt 0.848695 0.363399 0.508485
vt 0.848839 0.383010 0.474134
vt 0.819822 0.333396 0.521156
vt 0.525210 0.331379 0.406709
vt 0.608800 0.318251 0.287067
vt 0.848787 0.326077 0.536427
vt 0.711200 0.431918 0.483217
vt 0.710023 0.452212 0.450776
vt 0.708963 0.470710 0.480358
vt 0.707934 0.258749 0.502844
vt 0.707251 0.274326 0.505714
vt 0.707066 0.291766 0.441854
vt 0.707747 0.311799 0.444470
vt 0.708320 0.324018 0.394258
vt 0.755853 0.345557 0.428481
vt 0.706874 0.366673 0.338230
vt 0.711160 0.394581 0.347038
vt 0.711495 0.412824 0.436959
vt 0.708736 0.332063 0.380532
vt 0.692626 0.345417 0.382244
vt 0.678930 0.344270 0.364360
vt 0.671323 0.368195 0.376367
vt 0.740024 0.366766 0.500524
vt 0.704542 0.401812 0.464385
vt 0.675606 0.422247 0.492436
vt 0.696225 0.287484 0.502810
vt 0.700228 0.320333 0.513065
vt 0.724231 0.338376 0.548532
vt 0.684118 0.388433 0.371379
vt 0.749321 0.401962 0.360913
vt 0.728066 0.422603 0.384326
vt 0.744389 0.288016 0.396004
vt 0.746668 0.321262 0.434710
vt 0.697330 0.387805 0.377826
vt 0.766485 0.338389 0.458230
vt 0.797550 0.366156 0.370040
vt 0.688967 0.412988 0.504037
vt 0.738062 0.412980 0.404903
vt 0.734353 0.438914 0.380481
vt 0.684643 0.439375 0.470755
vt 0.743594 0.304110 0.379711
vt 0.696222 0.304034 0.454817
vt 0.782032 0.348986 0.405347
vt 0.720506 0.349822 0.549177
vt 0.810770 0.413902 0.326442
vt 0.685109 0.342963 0.390255
vt 0.673043 0.356153 0.358598
vt 0.676560 0.379417 0.362052
vt 0.957479 0.393659 0.499447
vt 0.703113 0.383305 0.316068
vt 0.758237 0.427477 0.446767
vt 0.757200 0.448013 0.445849
vt 0.756088 0.469086 0.423686
vt 0.754914 0.259770 0.445775
vt 0.754092 0.277111 0.464060
vt 0.753800 0.292998 0.393671
vt 0.754216 0.311567 0.456065
vt 0.754828 0.326664 0.474474
vt 0.821411 0.363761 0.461380
vt 0.757640 0.388843 0.376187
vt 0.758093 0.411394 0.410710
vt 0.755187 0.333740 0.469437
vt 0.820555 0.345919 0.478294
vt 0.719693 0.431168 0.476145
vt 0.715776 0.451746 0.446267
vt 0.716471 0.468947 0.431124
vt 0.715093 0.259238 0.449906
vt 0.715791 0.276590 0.459810
vt 0.715154 0.291960 0.433483
vt 0.718610 0.311743 0.447179
vt 0.721096 0.324846 0.416061
vt 0.724403 0.346149 0.408815
vt 0.725282 0.365648 0.358619
vt 0.724636 0.392823 0.354565
vt 0.723103 0.412484 0.430360
vt 0.722395 0.332632 0.406578
vt 0.664545 0.431805 0.491797
vt 0.664402 0.451972 0.446310
vt 0.667099 0.468204 0.403729
vt 0.667115 0.259956 0.423822
vt 0.667222 0.279016 0.456299
vt 0.664640 0.293302 0.445326
vt 0.664847 0.315104 0.422625
vt 0.664924 0.329588 0.338391
vt 0.664977 0.336693 0.353744
vt 0.943421 0.461773 -0.464236
vt 0.932051 0.460311 -0.499999
vt 0.906671 0.439639 0.328562
vt 0.910613 0.423605 -0.107276
vt 0.914169 0.391170 -0.499386
vt 0.894521 0.411961 -0.500000
vt 0.886911 0.440727 -0.499984
vt 0.893376 0.469763 -0.499325
vt 0.920780 0.476191 -0.498212
vt 0.923608 0.488868 -0.496971
vt 0.965233 0.483363 -0.495841
vt 0.980931 0.466758 -0.495410
vt 0.991994 0.442739 -0.495471
vt 0.985526 0.413697 -0.496099
vt 0.952152 0.471266 0.475729
vt 0.955947 0.489008 -0.496155
vt 0.936666 0.437718 -0.497824
vt 0.925766 0.433814 0.497106
vt 0.917852 0.413040 -0.408031
vt 0.937770 0.408180 -0.346494
vt 0.951890 0.416268 0.122074
vt 0.960264 0.427638 0.500000
vt 0.959959 0.442749 0.089937
vt 0.952193 0.456025 -0.485510
vt 0.812582 0.402282 0.289826
vt 0.842207 0.367164 0.332024
vt 0.831429 0.351148 0.333008
vt 0.822906 0.339734 0.355039
vt 0.820434 0.320654 0.329803
vt 0.828712 0.302786 0.297525
vt 0.835603 0.287071 0.318995
vt 0.823412 0.438927 0.318287
vt 0.808766 0.423921 0.318911
vt 0.665031 0.368411 0.374987
vt 0.664931 0.390087 0.376562
vt 0.664746 0.413738 0.446012
vt 0.664889 0.321986 0.362623
vt 0.734353 0.272313 0.380481
vt 0.684642 0.272773 0.470755
vt 0.734353 0.272313 0.380481
vt 0.823411 0.272325 0.318287
vt 0.849649 0.492304 0.398334
vt 0.819529 0.490863 0.441130
vt 0.606594 0.491277 0.413880
vt 0.517870 0.492137 0.338644
vt 0.707933 0.489281 0.502844
vt 0.667114 0.490488 0.423822
vt 0.754913 0.490303 0.445775
vt 0.715092 0.489771 0.449906
vt 0.819529 0.490863 0.441130
vt 0.754913 0.490303 0.445775
vt 0.715092 0.489771 0.449906
vt 0.707933 0.489281 0.502844
vt 0.667114 0.490488 0.423822
vt 0.606594 0.491277 0.413880
# 683 texture coords

g logs
s 1
f 4/5/1 3/4/2 1/1/3 23/29/4 
f 69/84/5 70/85/6 24/32/7 5/6/8 
f 6/133/9 5/6/10 24/32/11 25/132/12 
s 2
f 8/9/13 7/8/14 26/38/15 2/3/16 
f 3/4/17 8/9/18 2/3/19 1/1/20 
s 1
f 19/25/21 13/15/22 14/16/23 9/10/24 
s 2
f 52/64/25 53/65/26 49/61/27 50/62/28 
s 1
f 10/11/29 15/17/30 16/134/31 11/135/32 
s 2
f 12/13/33 17/19/34 18/20/35 22/28/36 
f 22/28/37 18/20/38 13/15/39 19/25/40 
s 4
f 22/35/41 19/30/42 9/21/43 49/115/44 53/117/45 
s 1
f 33/45/46 27/39/47 28/40/48 34/46/49 
f 34/46/50 28/40/51 75/90/52 29/41/53 35/47/54 
f 35/47/55 29/41/56 30/136/57 36/137/58 
s 2
f 37/49/59 31/43/60 32/44/61 38/50/62 
f 38/50/63 32/44/64 27/39/65 33/45/66 
s 4
f 48/99/67 82/123/68 76/121/69 
s 1
f 27/39/70 3/4/71 4/5/72 28/40/73 
f 75/90/74 28/40/75 4/5/76 71/86/77 
f 29/41/78 5/6/79 6/138/80 30/139/81 
s 2
f 31/43/82 7/8/83 8/9/84 32/44/85 
f 32/44/86 8/9/87 3/4/88 27/39/89 
s 1
f 33/45/90 34/46/91 40/52/92 39/51/93 
f 35/47/94 41/53/95 86/104/96 40/52/97 34/46/98 
f 41/53/99 35/47/100 36/140/101 42/141/102 
s 2
f 43/55/103 37/49/104 38/50/105 44/56/106 
f 44/56/107 38/50/108 33/45/109 39/51/110 
s 1
f 39/51/111 40/52/112 14/16/113 13/15/114 
f 87/105/115 52/64/116 86/104/117 
f 41/53/118 42/142/119 16/143/120 15/17/121 
s 2
f 17/19/122 43/55/123 44/56/124 18/20/125 
f 18/20/126 44/56/127 39/51/128 13/15/129 
f 47/59/130 68/83/131 6/7/132 25/33/133 
f 68/83/134 47/59/135 46/58/136 67/82/137 
s 1
f 79/95/138 80/97/139 76/91/140 77/92/141 
s 8
f 7/106/142 66/81/143 48/60/144 26/109/145 
s 1
f 14/16/146 50/62/147 49/61/148 9/10/149 
s 8
f 53/65/150 52/64/151 87/105/152 51/63/153 
f 54/66/154 17/108/155 12/107/156 21/27/157 
f 55/127/158 54/66/159 21/27/160 45/113/161 
s 1
f 85/103/162 83/101/163 56/68/164 
s 2
f 11/12/165 16/18/166 56/68/167 20/26/168 
s 8
f 57/70/169 43/112/170 17/108/171 54/66/172 
f 58/128/173 57/70/174 54/66/175 55/127/176 
s 2
f 56/68/177 59/73/178 58/71/179 55/67/180 
f 16/18/181 42/54/182 59/73/183 56/68/184 
s 8
f 60/74/185 37/111/186 43/112/187 57/70/188 
f 61/129/189 60/74/190 57/70/191 58/128/192 
s 2
f 59/73/193 62/77/194 61/76/195 58/71/196 
f 36/48/197 62/77/198 59/73/199 42/54/200 
s 8
f 63/78/201 31/110/202 37/111/203 60/74/204 
f 60/74/205 61/129/206 64/130/207 78/94/208 63/78/209 
s 2
f 65/80/210 64/79/211 61/76/212 62/77/213 
f 36/48/214 30/42/215 65/80/216 62/77/217 
s 8
f 66/81/218 7/106/219 31/110/220 63/78/221 
s 1
f 78/94/222 79/95/223 77/92/224 
s 2
f 68/83/225 67/82/226 64/79/227 65/80/228 
f 65/80/229 30/42/230 6/7/231 68/83/232 
f 70/85/233 69/84/234 73/88/235 74/89/236 
s 1
f 72/87/237 71/86/238 4/5/239 23/29/240 
s 8
f 74/89/241 73/88/242 71/86/243 72/87/244 
s 2
f 73/88/245 69/84/246 75/90/247 
s 8
f 71/86/248 73/88/249 75/90/250 
s 1
f 29/41/251 75/90/252 69/84/253 5/6/254 
s 8
f 66/81/255 81/98/256 82/100/257 48/60/258 
f 63/78/259 78/94/260 81/98/261 66/81/262 
f 67/131/263 79/95/264 78/94/265 64/130/266 
f 46/114/267 80/97/268 79/95/269 67/131/270 
s 2
f 78/94/271 77/92/272 81/98/273 
f 76/91/274 82/100/275 81/98/276 77/92/277 
f 84/102/278 20/26/279 56/68/280 
s 8
f 56/68/281 83/101/282 84/102/283 
s 2
f 85/103/284 56/68/285 55/67/286 45/57/287 
s 1
f 40/52/288 86/104/289 50/62/290 14/16/291 
f 86/104/292 41/53/293 15/17/294 87/105/295 
f 51/63/296 87/105/297 15/17/298 10/11/299 
f 52/64/300 50/62/301 86/104/302 
f 108/173/303 107/172/304 88/205/305 103/168/306 
f 108/173/307 103/168/308 104/169/309 109/174/310 
f 110/175/311 109/174/312 104/169/313 105/170/314 
s 2
f 112/177/315 111/176/316 106/171/317 89/145/318 
f 107/172/319 112/208/320 89/206/321 88/207/322 
s 1
f 100/209/323 94/150/324 95/154/325 90/146/326 
s 2
f 118/185/327 116/183/328 123/192/329 
s 1
f 91/147/330 96/155/331 97/156/332 92/148/333 
s 2
f 93/149/334 98/157/335 99/158/336 102/167/337 
f 102/211/338 99/212/339 94/150/340 100/210/341 
s 4
f 90/152/342 116/194/343 118/196/344 102/164/345 100/162/346 
f 89/151/347 106/180/348 114/191/349 115/193/350 105/179/351 104/166/352 103/165/353 88/144/354 
s 1
f 107/172/355 108/173/356 95/154/357 94/150/358 
f 108/173/359 109/174/360 96/155/361 123/192/362 95/154/363 
f 109/174/364 110/175/365 97/156/366 96/155/367 
s 2
f 98/157/368 111/176/369 112/177/370 99/158/371 
f 99/213/372 112/214/373 107/172/374 94/150/375 
f 110/190/376 105/187/377 115/200/378 122/204/379 
f 122/204/380 115/200/381 114/199/382 121/203/383 
s 1
f 95/154/384 123/192/385 116/183/386 90/146/387 
s 8
f 123/192/388 117/184/389 118/185/390 
f 119/201/391 98/182/392 93/178/393 113/198/394 
s 2
f 92/159/395 97/181/396 120/202/397 101/186/398 
s 8
f 121/203/399 111/197/400 98/182/401 119/201/402 
s 2
f 120/202/403 122/204/404 121/203/405 119/201/406 
f 110/190/407 122/204/408 120/202/409 97/181/410 
s 8
f 106/189/411 111/197/412 121/203/413 114/199/414 
s 2
f 101/186/415 120/202/416 119/201/417 113/198/418 
s 1
f 117/184/419 123/192/420 96/155/421 91/147/422 
f 127/219/423 126/218/424 124/215/425 162/254/426 
f 128/220/427 127/219/428 162/254/429 163/255/430 
f 129/401/431 128/220/432 163/255/433 164/400/434 
f 130/222/435 129/221/436 164/256/437 165/258/438 
f 131/223/439 130/222/440 165/258/441 166/259/442 
f 132/224/443 131/223/444 166/259/445 167/260/446 
f 133/225/447 132/224/448 167/260/449 175/279/450 
f 231/336/451 172/276/452 168/262/453 169/273/454 
f 227/332/455 231/336/456 169/273/457 170/274/458 
f 136/228/459 227/332/460 170/274/461 171/275/462 
f 137/229/463 136/228/464 171/275/465 125/217/466 
f 126/218/467 137/229/468 125/217/469 124/215/470 
f 160/252/471 148/240/472 149/241/473 138/230/474 
f 138/230/475 149/241/476 150/242/477 139/231/478 
f 139/231/479 150/242/480 151/402/481 140/403/482 
f 140/232/483 151/243/484 152/244/485 141/233/486 
f 141/233/487 152/244/488 153/245/489 142/234/490 
f 142/234/491 153/245/492 154/246/493 143/235/494 
f 143/235/495 154/246/496 174/278/497 144/236/498 
f 173/277/499 155/247/500 156/248/501 145/237/502 
f 145/237/503 156/248/504 157/249/505 146/238/506 
f 146/238/507 157/249/508 158/250/509 147/239/510 
f 147/239/511 158/250/512 159/251/513 161/253/514 
f 161/253/515 159/251/516 148/240/517 160/252/518 
f 245/350/519 176/280/520 177/281/521 246/351/522 
f 246/351/523 177/281/524 178/282/525 247/352/526 
f 247/352/527 178/282/528 179/404/529 248/405/530 
f 248/353/531 179/283/532 180/284/533 249/354/534 
f 249/354/535 180/284/536 181/285/537 250/355/538 
f 181/285/539 182/286/540 251/356/541 250/355/542 
f 182/286/543 183/287/544 257/395/545 251/356/546 
f 252/357/547 188/292/548 134/226/549 189/293/550 200/319/551 190/294/552 253/358/553 
f 185/289/554 189/293/555 134/226/556 
f 255/393/557 254/392/558 191/295/559 205/321/560 192/302/561 
f 193/307/562 186/290/563 187/291/564 256/394/565 255/393/566 192/302/567 
f 256/394/568 187/291/569 176/280/570 245/350/571 
s 2
f 168/369/572 175/374/573 218/375/574 170/371/575 169/370/576 
f 124/216/577 125/257/578 218/375/579 
s 1
f 172/276/580 133/225/581 175/279/582 168/262/583 
f 174/278/584 155/247/585 173/277/586 144/236/587 
f 257/395/588 252/357/589 155/247/590 174/278/591 
f 232/337/592 219/324/593 220/325/594 233/338/595 
f 233/338/596 220/325/597 221/326/598 234/339/599 
f 234/339/600 221/326/601 222/406/602 235/407/603 
f 222/327/604 223/328/605 236/341/606 235/340/607 
f 223/328/608 224/329/609 237/342/610 236/341/611 
f 224/329/612 225/330/613 238/343/614 237/342/615 
f 225/330/616 226/331/617 239/344/618 238/343/619 
f 230/335/620 184/288/621 240/345/622 244/349/623 
f 184/288/624 135/227/625 241/346/626 240/345/627 
f 241/346/628 135/227/629 228/333/630 242/347/631 
f 242/347/632 228/333/633 229/334/634 243/348/635 
f 243/348/636 229/334/637 219/324/638 232/337/639 
f 226/331/640 230/335/641 244/349/642 239/344/643 
f 254/392/644 253/358/645 190/294/646 203/320/647 191/295/648 
f 186/290/649 193/307/650 207/323/651 
f 203/313/652 190/298/653 195/304/654 202/312/655 
f 196/305/656 204/314/657 205/315/658 191/299/659 
s 2
f 212/377/660 213/378/661 214/379/662 215/380/663 216/381/664 217/382/665 208/359/666 209/360/667 210/361/668 211/362/669 
s 1
f 194/303/670 201/311/671 200/310/672 189/297/673 
f 203/397/674 202/396/675 196/305/676 191/299/677 
f 193/301/678 192/300/679 197/306/680 198/308/681 
f 207/317/682 193/301/683 198/308/684 206/316/685 
f 207/317/686 206/316/687 199/309/688 185/296/689 
f 199/309/690 194/303/691 189/297/692 185/296/693 
f 190/298/694 200/310/695 201/311/696 195/304/697 
f 192/300/698 205/315/699 204/314/700 197/306/701 
f 209/383/702 208/318/703 201/311/704 194/303/705 
f 209/383/706 194/303/707 199/309/708 210/384/709 
f 211/385/710 210/384/711 199/309/712 206/316/713 
f 212/386/714 211/385/715 206/316/716 198/308/717 
f 213/387/718 212/386/719 198/308/720 197/306/721 
f 214/388/722 213/387/723 197/306/724 204/314/725 
f 215/389/726 214/388/727 204/314/728 196/305/729 
f 216/399/730 215/389/731 196/305/732 202/398/733 
f 217/391/734 216/390/735 202/312/736 195/304/737 
f 208/318/738 217/391/739 195/304/740 201/311/741 
s 2
f 166/367/742 218/375/743 175/374/744 167/368/745 
f 164/365/746 218/375/747 166/367/748 165/366/749 
f 218/375/750 164/365/751 163/364/752 
f 218/375/753 163/364/754 162/363/755 
f 218/375/756 162/363/757 124/216/758 
f 170/371/759 218/375/760 125/257/761 171/372/762 
s 1
f 219/324/763 126/218/764 127/219/765 220/325/766 
f 220/325/767 127/219/768 128/220/769 221/326/770 
f 221/326/771 128/220/772 129/408/773 222/409/774 
f 222/327/775 129/221/776 130/222/777 223/328/778 
f 223/328/779 130/222/780 131/223/781 224/329/782 
f 224/329/783 131/223/784 132/224/785 225/330/786 
f 225/330/787 132/224/788 133/225/789 226/331/790 
f 230/335/791 172/276/792 231/336/793 184/288/794 
f 184/288/795 231/336/796 227/332/797 135/227/798 
f 135/227/799 227/332/800 136/228/801 228/333/802 
f 228/333/803 136/228/804 137/229/805 229/334/806 
f 229/334/807 137/229/808 126/218/809 219/324/810 
f 226/331/811 133/225/812 172/276/813 230/335/814 
f 176/280/815 232/337/816 233/338/817 177/281/818 
f 177/281/819 233/338/820 234/339/821 178/282/822 
f 178/282/823 234/339/824 235/410/825 179/411/826 
f 235/340/827 236/341/828 180/284/829 179/283/830 
f 236/341/831 237/342/832 181/285/833 180/284/834 
f 237/342/835 238/343/836 182/286/837 181/285/838 
f 238/343/839 239/344/840 183/287/841 182/286/842 
f 244/349/843 240/345/844 134/226/845 188/292/846 
f 134/226/847 240/345/848 241/346/849 185/289/850 
f 241/346/851 242/347/852 186/290/853 185/289/854 
f 186/290/855 242/347/856 243/348/857 187/291/858 
f 187/291/859 243/348/860 232/337/861 176/280/862 
f 239/344/863 244/349/864 188/292/865 183/287/866 
f 245/350/867 246/351/868 149/241/869 148/240/870 
f 246/351/871 247/352/872 150/242/873 149/241/874 
f 247/352/875 248/412/876 151/413/877 150/242/878 
f 151/243/879 248/353/880 249/354/881 152/244/882 
f 152/244/883 249/354/884 250/355/885 153/245/886 
f 250/355/887 251/356/888 154/246/889 153/245/890 
f 251/356/891 257/395/892 174/278/893 154/246/894 
f 252/357/895 253/358/896 156/248/897 155/247/898 
f 157/249/899 254/392/900 255/393/901 158/250/902 
f 158/250/903 255/393/904 256/394/905 159/251/906 
f 159/251/907 256/394/908 245/350/909 148/240/910 
f 252/357/911 257/395/912 183/287/913 188/292/914 
f 156/248/915 253/358/916 254/392/917 157/249/918 
s 2
f 138/261/919 139/263/920 258/376/921 
f 139/263/922 140/264/923 258/376/924 
f 140/264/925 141/265/926 258/376/927 
f 141/265/928 142/266/929 258/376/930 
f 142/266/931 143/267/932 258/376/933 
f 143/267/934 144/268/935 258/376/936 
f 144/268/937 173/373/938 258/376/939 
f 173/373/940 145/269/941 258/376/942 
f 145/269/943 146/270/944 258/376/945 
f 146/270/946 147/271/947 258/376/948 
f 147/271/949 161/322/950 258/376/951 
f 161/322/952 160/272/953 258/376/954 
f 160/272/955 138/261/956 258/376/957 
s 1
f 279/443/958 278/442/959 259/475/960 274/438/961 
f 279/443/962 274/438/963 275/439/964 280/444/965 
f 281/445/966 280/444/967 275/439/968 276/440/969 
s 2
f 283/447/970 282/446/971 277/441/972 260/415/973 
f 278/442/974 283/478/975 260/476/976 259/477/977 
s 1
f 271/479/978 265/420/979 266/424/980 261/416/981 
s 2
f 289/455/982 287/453/983 294/462/984 
s 1
f 262/417/985 267/425/986 268/426/987 263/418/988 
s 2
f 264/419/989 269/427/990 270/428/991 273/437/992 
f 273/481/993 270/482/994 265/420/995 271/480/996 
s 4
f 261/422/997 287/464/998 289/466/999 288/465/1000 262/423/1001 263/430/1002 272/433/1003 284/458/1004 264/431/1005 273/434/1006 271/432/1007 
f 260/421/1008 277/450/1009 285/461/1010 286/463/1011 276/449/1012 275/436/1013 274/435/1014 259/414/1015 
s 1
f 278/442/1016 279/443/1017 266/424/1018 265/420/1019 
f 279/443/1020 280/444/1021 267/425/1022 294/462/1023 266/424/1024 
f 280/444/1025 281/445/1026 268/426/1027 267/425/1028 
s 2
f 269/427/1029 282/446/1030 283/447/1031 270/428/1032 
f 270/483/1033 283/484/1034 278/442/1035 265/420/1036 
f 281/460/1037 276/457/1038 286/470/1039 293/474/1040 
f 293/474/1041 286/470/1042 285/469/1043 292/473/1044 
s 1
f 266/424/1045 294/462/1046 287/453/1047 261/416/1048 
s 8
f 294/462/1049 288/454/1050 289/455/1051 
f 290/471/1052 269/452/1053 264/448/1054 284/468/1055 
s 2
f 263/429/1056 268/451/1057 291/472/1058 272/456/1059 
s 8
f 292/473/1060 282/467/1061 269/452/1062 290/471/1063 
s 2
f 291/472/1064 293/474/1065 292/473/1066 290/471/1067 
f 281/460/1068 293/474/1069 291/472/1070 268/451/1071 
s 8
f 277/459/1072 282/467/1073 292/473/1074 285/469/1075 
s 2
f 272/456/1076 291/472/1077 290/471/1078 284/468/1079 
s 1
f 288/454/1080 294/462/1081 267/425/1082 262/417/1083 
f 298/489/1084 297/488/1085 295/485/1086 333/524/1087 
f 299/490/1088 298/489/1089 333/524/1090 334/525/1091 
f 300/671/1092 299/490/1093 334/525/1094 335/670/1095 
f 301/492/1096 300/491/1097 335/526/1098 336/528/1099 
f 302/493/1100 301/492/1101 336/528/1102 337/529/1103 
f 303/494/1104 302/493/1105 337/529/1106 338/530/1107 
f 304/495/1108 303/494/1109 338/530/1110 346/549/1111 
f 402/606/1112 343/546/1113 339/532/1114 340/543/1115 
f 398/602/1116 402/606/1117 340/543/1118 341/544/1119 
f 307/498/1120 398/602/1121 341/544/1122 342/545/1123 
f 308/499/1124 307/498/1125 342/545/1126 296/487/1127 
f 297/488/1128 308/499/1129 296/487/1130 295/485/1131 
f 331/522/1132 319/510/1133 320/511/1134 309/500/1135 
f 309/500/1136 320/511/1137 321/512/1138 310/501/1139 
f 310/501/1140 321/512/1141 322/672/1142 311/673/1143 
f 311/502/1144 322/513/1145 323/514/1146 312/503/1147 
f 312/503/1148 323/514/1149 324/515/1150 313/504/1151 
f 313/504/1152 324/515/1153 325/516/1154 314/505/1155 
f 314/505/1156 325/516/1157 345/548/1158 315/506/1159 
f 344/547/1160 326/517/1161 327/518/1162 316/507/1163 
f 316/507/1164 327/518/1165 328/519/1166 317/508/1167 
f 317/508/1168 328/519/1169 329/520/1170 318/509/1171 
f 318/509/1172 329/520/1173 330/521/1174 332/523/1175 
f 332/523/1176 330/521/1177 319/510/1178 331/522/1179 
f 416/620/1180 347/550/1181 348/551/1182 417/621/1183 
f 417/621/1184 348/551/1185 349/552/1186 418/622/1187 
f 418/622/1188 349/552/1189 350/674/1190 419/675/1191 
f 419/623/1192 350/553/1193 351/554/1194 420/624/1195 
f 420/624/1196 351/554/1197 352/555/1198 421/625/1199 
f 352/555/1200 353/556/1201 422/626/1202 421/625/1203 
f 353/556/1204 354/557/1205 428/665/1206 422/626/1207 
f 423/627/1208 359/562/1209 305/496/1210 360/563/1211 371/589/1212 361/564/1213 424/628/1214 
f 356/559/1215 360/563/1216 305/496/1217 
f 426/663/1218 425/662/1219 362/565/1220 376/591/1221 363/572/1222 
f 364/577/1223 357/560/1224 358/561/1225 427/664/1226 426/663/1227 363/572/1228 
f 427/664/1229 358/561/1230 347/550/1231 416/620/1232 
s 2
f 339/639/1233 346/644/1234 389/645/1235 341/641/1236 340/640/1237 
f 295/486/1238 296/527/1239 389/645/1240 
s 1
f 343/546/1241 304/495/1242 346/549/1243 339/532/1244 
f 345/548/1245 326/517/1246 344/547/1247 315/506/1248 
f 428/665/1249 423/627/1250 326/517/1251 345/548/1252 
f 403/607/1253 390/594/1254 391/595/1255 404/608/1256 
f 404/608/1257 391/595/1258 392/596/1259 405/609/1260 
f 405/609/1261 392/596/1262 393/676/1263 406/677/1264 
f 393/597/1265 394/598/1266 407/611/1267 406/610/1268 
f 394/598/1269 395/599/1270 408/612/1271 407/611/1272 
f 395/599/1273 396/600/1274 409/613/1275 408/612/1276 
f 396/600/1277 397/601/1278 410/614/1279 409/613/1280 
f 401/605/1281 355/558/1282 411/615/1283 415/619/1284 
f 355/558/1285 306/497/1286 412/616/1287 411/615/1288 
f 412/616/1289 306/497/1290 399/603/1291 413/617/1292 
f 413/617/1293 399/603/1294 400/604/1295 414/618/1296 
f 414/618/1297 400/604/1298 390/594/1299 403/607/1300 
f 397/601/1301 401/605/1302 415/619/1303 410/614/1304 
f 425/662/1305 424/628/1306 361/564/1307 374/590/1308 362/565/1309 
f 357/560/1310 364/577/1311 378/593/1312 356/559/1313 
f 374/583/1314 361/568/1315 366/574/1316 373/582/1317 
f 367/575/1318 375/584/1319 376/585/1320 362/569/1321 
s 2
f 383/647/1322 384/648/1323 385/649/1324 386/650/1325 387/651/1326 388/652/1327 379/629/1328 380/630/1329 381/631/1330 382/632/1331 
s 1
f 365/573/1332 372/581/1333 371/580/1334 360/567/1335 
f 374/667/1336 373/666/1337 367/575/1338 362/569/1339 
f 364/571/1340 363/570/1341 368/576/1342 369/578/1343 
f 378/587/1344 364/571/1345 369/578/1346 377/586/1347 
f 378/587/1348 377/586/1349 370/579/1350 356/566/1351 
f 370/579/1352 365/573/1353 360/567/1354 356/566/1355 
f 361/568/1356 371/580/1357 372/581/1358 366/574/1359 
f 363/570/1360 376/585/1361 375/584/1362 368/576/1363 
f 380/653/1364 379/588/1365 372/581/1366 365/573/1367 
f 380/653/1368 365/573/1369 370/579/1370 381/654/1371 
f 382/655/1372 381/654/1373 370/579/1374 377/586/1375 
f 383/656/1376 382/655/1377 377/586/1378 369/578/1379 
f 384/657/1380 383/656/1381 369/578/1382 368/576/1383 
f 385/658/1384 384/657/1385 368/576/1386 375/584/1387 
f 386/659/1388 385/658/1389 375/584/1390 367/575/1391 
f 387/669/1392 386/659/1393 367/575/1394 373/668/1395 
f 388/661/1396 387/660/1397 373/582/1398 366/574/1399 
f 379/588/1400 388/661/1401 366/574/1402 372/581/1403 
s 2
f 337/637/1404 389/645/1405 346/644/1406 338/638/1407 
f 335/635/1408 389/645/1409 337/637/1410 336/636/1411 
f 389/645/1412 335/635/1413 334/634/1414 
f 389/645/1415 334/634/1416 333/633/1417 
f 389/645/1418 333/633/1419 295/486/1420 
f 341/641/1421 389/645/1422 296/527/1423 342/642/1424 
s 1
f 390/594/1425 297/488/1426 298/489/1427 391/595/1428 
f 391/595/1429 298/489/1430 299/490/1431 392/596/1432 
f 392/596/1433 299/490/1434 300/678/1435 393/679/1436 
f 393/597/1437 300/491/1438 301/492/1439 394/598/1440 
f 394/598/1441 301/492/1442 302/493/1443 395/599/1444 
f 395/599/1445 302/493/1446 303/494/1447 396/600/1448 
f 396/600/1449 303/494/1450 304/495/1451 397/601/1452 
f 401/605/1453 343/546/1454 402/606/1455 355/558/1456 
f 355/558/1457 402/606/1458 398/602/1459 306/497/1460 
f 306/497/1461 398/602/1462 307/498/1463 399/603/1464 
f 399/603/1465 307/498/1466 308/499/1467 400/604/1468 
f 400/604/1469 308/499/1470 297/488/1471 390/594/1472 
f 397/601/1473 304/495/1474 343/546/1475 401/605/1476 
f 347/550/1477 403/607/1478 404/608/1479 348/551/1480 
f 348/551/1481 404/608/1482 405/609/1483 349/552/1484 
f 349/552/1485 405/609/1486 406/680/1487 350/681/1488 
f 406/610/1489 407/611/1490 351/554/1491 350/553/1492 
f 407/611/1493 408/612/1494 352/555/1495 351/554/1496 
f 408/612/1497 409/613/1498 353/556/1499 352/555/1500 
f 409/613/1501 410/614/1502 354/557/1503 353/556/1504 
f 415/619/1505 411/615/1506 305/496/1507 359/562/1508 
f 305/496/1509 411/615/1510 412/616/1511 356/559/1512 
f 412/616/1513 413/617/1514 357/560/1515 356/559/1516 
f 357/560/1517 413/617/1518 414/618/1519 358/561/1520 
f 358/561/1521 414/618/1522 403/607/1523 347/550/1524 
f 410/614/1525 415/619/1526 359/562/1527 354/557/1528 
f 416/620/1529 417/621/1530 320/511/1531 319/510/1532 
f 417/621/1533 418/622/1534 321/512/1535 320/511/1536 
f 418/622/1537 419/682/1538 322/683/1539 321/512/1540 
f 322/513/1541 419/623/1542 420/624/1543 323/514/1544 
f 323/514/1545 420/624/1546 421/625/1547 324/515/1548 
f 421/625/1549 422/626/1550 325/516/1551 324/515/1552 
f 422/626/1553 428/665/1554 345/548/1555 325/516/1556 
f 423/627/1557 424/628/1558 327/518/1559 326/517/1560 
f 328/519/1561 425/662/1562 426/663/1563 329/520/1564 
f 329/520/1565 426/663/1566 427/664/1567 330/521/1568 
f 330/521/1569 427/664/1570 416/620/1571 319/510/1572 
f 423/627/1573 428/665/1574 354/557/1575 359/562/1576 
f 327/518/1577 424/628/1578 425/662/1579 328/519/1580 
s 2
f 309/531/1581 310/533/1582 429/646/1583 
f 310/533/1584 311/534/1585 429/646/1586 
f 311/534/1587 312/535/1588 429/646/1589 
f 312/535/1590 313/536/1591 429/646/1592 
f 313/536/1593 314/537/1594 429/646/1595 
f 314/537/1596 315/538/1597 429/646/1598 
f 315/538/1599 344/643/1600 429/646/1601 
f 344/643/1602 316/539/1603 429/646/1604 
f 316/539/1605 317/540/1606 429/646/1607 
f 317/540/1608 318/541/1609 429/646/1610 
f 318/541/1611 332/592/1612 429/646/1613 
f 332/592/1614 331/542/1615 429/646/1616 
f 331/542/1617 309/531/1618 429/646/1619 
s 4
f 83/124/1620 85/126/1621 45/75/1622 21/34/1623 12/24/1624 22/35/1625 
f 53/117/1626 20/31/1627 84/125/1628 83/124/1629 22/35/1630 
f 53/117/1631 51/116/1632 10/22/1633 11/23/1634 20/31/1635 
f 47/96/1636 25/69/1637 24/37/1638 70/118/1639 74/120/1640 
f 76/121/1641 80/122/1642 46/93/1643 47/96/1644 
f 76/121/1645 47/96/1646 74/120/1647 72/119/1648 23/36/1649 1/2/1650 2/14/1651 26/72/1652 48/99/1653 
f 118/196/1654 101/163/1655 113/188/1656 93/161/1657 102/164/1658 
f 118/196/1659 117/195/1660 91/153/1661 92/160/1662 101/163/1663 
s 1
f 207/323/1664 185/289/1665 186/290/1666 
# 362 polygons - 52 triangles

