#
# stack1
#

v  -1.739537 -0.157921 0.058875
v  -1.741807 -0.158031 0.086792
v  -1.738387 -0.114438 0.055437
v  -1.749993 -0.112738 0.027090
v  -1.775648 -0.111170 0.012697
v  -1.803967 -0.109749 0.010356
v  -1.826831 -0.109137 0.022421
v  -1.828671 -0.109291 0.048344
v  -1.838772 -0.110442 0.066340
v  -1.832773 -0.111854 0.094802
v  -1.809115 0.069677 0.107152
v  -1.758217 -0.114494 0.104152
v  -1.741853 -0.114564 0.080031
v  -1.769391 0.388324 0.043423
v  -1.790455 0.387759 0.028765
v  -1.814996 0.385701 0.031198
v  -1.839075 0.384902 0.037391
v  -1.852531 0.376393 0.063061
v  -1.845760 0.369803 0.092030
v  -1.831825 0.371931 0.092296
v  -1.833565 0.369711 0.113304
v  -1.798098 0.383990 0.123917
v  -1.774983 0.385579 0.113078
v  -1.745867 0.244857 0.050296
v  -1.766556 0.244831 0.027981
v  -1.786551 0.241370 0.021984
v  -1.813161 0.240032 0.019742
v  -1.837306 0.238380 0.031112
v  -1.843219 0.237132 0.051180
v  -1.839031 0.233961 0.077611
v  -1.822060 0.227680 0.084834
v  -1.825005 0.227834 0.092427
v  -1.787437 0.240479 0.110188
v  -1.763295 0.242149 0.098831
v  -1.748078 0.243763 0.076911
v  -1.758411 0.388067 0.066604
v  -1.760457 0.387066 0.092099
v  -1.751522 -0.158160 0.033495
v  -1.774548 -0.158679 0.017451
v  -1.802448 -0.159323 0.015041
v  -1.827747 -0.159910 0.026911
v  -1.828091 -0.160041 0.055791
v  -1.839151 -0.159776 0.060993
v  -1.825675 -0.159853 0.102051
v  -1.807283 -0.159472 0.114870
v  -1.783030 -0.159056 0.121637
v  -1.757726 -0.158452 0.109766
v  -1.825606 -0.112349 0.103615
v  -1.832273 0.372026 0.100615
v  -1.824817 0.235126 0.078247
v  -1.832727 -0.159994 0.093701
v  -1.743053 0.069316 0.047515
v  -1.761559 0.071187 0.023485
v  -1.782920 0.072659 0.007499
v  -1.809347 0.073714 0.005684
v  -1.828934 0.074141 0.017542
v  -1.836364 0.073815 0.043786
v  -1.838273 0.072164 0.072435
v  -1.827906 0.071248 0.086485
v  -1.787127 0.074346 0.104964
v  -1.762837 0.068130 0.092074
v  -1.745790 0.068278 0.076278
v  -1.821251 0.070604 0.094023
v  -1.810184 0.097191 0.105166
v  -1.811076 0.119727 0.102979
v  -1.786579 0.132733 0.110389
v  -1.766636 0.112371 0.099971
v  -1.766093 0.090647 0.100686
v  -1.813370 0.109480 0.104626
v  -1.799334 0.129629 0.107594
v  -1.775450 0.124494 0.104912
v  -1.773414 0.081009 0.097221
v  -1.796959 0.095301 0.141506
v  -1.795126 0.088130 0.139095
v  -1.780401 0.071698 0.140887
v  -1.772410 0.076591 0.136978
v  -1.767594 0.082854 0.135110
v  -1.766710 0.096066 0.138968
v  -1.771972 0.103514 0.146001
v  -1.778609 0.107142 0.151370
v  -1.787384 0.106503 0.148425
v  -1.794633 0.101538 0.142605
v  -1.784015 -0.114129 0.116721
v  -1.808100 -0.113253 0.112086
v  -1.744282 0.145988 0.048730
v  -1.763715 0.146125 0.025426
v  -1.783381 0.141306 0.018586
v  -1.809872 0.140645 0.016529
v  -1.831396 0.139729 0.028140
v  -1.839287 0.143458 0.046939
v  -1.836950 0.142657 0.077765
v  -1.821623 0.142715 0.089804
v  -1.817700 0.142607 0.097042
v  -1.786661 0.143079 0.110370
v  -1.765823 0.143949 0.099694
v  -1.746792 0.145126 0.076555
v  -1.828060 0.142713 0.083755
v  -1.642432 0.438699 0.103031
v  -1.629949 0.439910 0.054243
v  -1.673814 -0.217985 0.146221
v  -1.716917 -0.219154 0.145648
v  -1.762282 -0.218512 0.121389
v  -1.634623 -0.211472 0.017312
v  -1.632776 -0.043450 0.121873
v  -1.679887 -0.045944 0.146109
v  -1.721797 -0.043649 0.139698
v  -1.773855 -0.044241 0.121625
v  -1.650350 -0.039644 0.017209
v  -1.615378 -0.041013 0.078964
v  -1.626593 -0.214924 0.104312
v  -1.738852 -0.217513 0.088152
v  -1.616475 -0.212851 0.061785
v  -1.680521 0.436900 0.135868
v  -1.734007 0.434989 0.143957
v  -1.788561 0.433459 0.125134
v  -1.655879 0.439380 0.017176
v  -1.638026 0.183212 0.124385
v  -1.686633 0.173050 0.150894
v  -1.731451 0.172759 0.151922
v  -1.771192 0.169291 0.127202
v  -1.661244 0.194690 0.024162
v  -1.627601 0.191565 0.075371
v  -1.691554 -0.213302 0.046235
v  -1.702354 0.437949 0.041973
v  -1.757678 0.435120 0.089835
v  -1.693520 -0.218580 0.145814
v  -1.704837 -0.218719 0.142118
v  -1.695173 -0.218104 0.131306
v  -1.689064 -0.048856 0.049052
v  -1.743224 -0.053400 0.083018
v  -1.692930 0.180660 0.047002
v  -1.749871 0.171266 0.086153
v  -1.705066 -0.044602 0.142255
v  -1.519405 0.414597 0.020000
v  -1.565026 0.415163 0.001262
v  -1.511321 0.366118 0.019928
v  -1.481507 0.363849 0.062591
v  -1.473867 0.361563 0.112475
v  -1.492741 0.359778 0.158760
v  -1.603590 0.366861 0.012133
v  -1.552682 0.366640 0.005721
v  -1.474663 -0.194840 0.078556
v  -1.475866 -0.194364 0.116905
v  -1.499357 -0.192174 0.153524
v  -1.604419 -0.190226 0.016056
v  -1.498127 -0.034077 0.031870
v  -1.476090 -0.034633 0.077688
v  -1.482781 -0.030992 0.113942
v  -1.500558 -0.029694 0.157528
v  -1.584766 -0.030469 0.016030
v  -1.538159 -0.032536 0.009622
v  -1.513295 -0.193799 0.029876
v  -1.526491 -0.192434 0.145736
v  -1.599909 -0.189776 0.044785
v  -1.553080 -0.192332 0.014186
v  -1.489157 0.414379 0.059092
v  -1.482384 0.414560 0.108061
v  -1.500899 0.415076 0.153789
v  -1.613797 0.415915 0.007904
v  -1.584912 -0.189605 0.135515
v  -1.593725 0.416396 0.120773
v  -1.537603 0.415537 0.134933
v  -1.605038 0.416005 0.041379
v  -1.475349 -0.194679 0.096068
v  -1.479484 -0.032786 0.096080
v  -1.478995 -0.194406 0.105581
v  -1.480168 -0.032453 0.099773
v  -1.488999 -0.194208 0.095271
v  -1.601209 -0.036192 0.043921
v  -1.583607 -0.046680 0.127749
v  -1.540295 -0.039293 0.138777
v  -1.604590 0.363126 0.041676
v  -1.591561 0.358781 0.120494
v  -1.537947 0.357507 0.135423
v  -1.476427 0.362329 0.095762
v  -1.485280 0.414532 0.092352
v  -1.477785 0.362736 0.086891
v  -1.486427 0.414397 0.077130
v  -1.484431 0.362717 0.090609
v  -1.497795 0.414803 0.088732
v  -1.589845 0.415803 0.064577
v  -1.600472 0.416163 0.073423
v  -1.597574 0.361619 0.068229
v  -1.602451 0.416094 0.059534
v  -1.541117 -0.191685 0.126581
v  -1.537514 -0.191912 0.144025
v  -1.547312 -0.191426 0.142093
v  -1.480683 -0.032202 0.102555
v  -1.324834 0.411518 0.076619
v  -1.330287 0.411863 0.112676
v  -1.356680 0.417618 0.128563
v  -1.374819 0.417772 0.144610
v  -1.408475 0.425015 0.147962
v  -1.441799 0.424861 0.141592
v  -1.464860 0.424585 0.112676
v  -1.473091 0.424240 0.076619
v  -1.464860 0.423895 0.040562
v  -1.441799 0.423618 0.011646
v  -1.423660 0.423464 -0.004401
v  -1.386672 0.423464 0.002062
v  -1.353348 0.410896 0.018109
v  -1.333064 0.411173 0.047025
v  -1.314123 -0.096298 0.085317
v  -1.325685 -0.095953 0.118023
v  -1.345415 -0.095677 0.150290
v  -1.378378 -0.095523 0.163846
v  -1.408475 -0.095523 0.154303
v  -1.435935 -0.095677 0.142525
v  -1.460401 -0.095953 0.121374
v  -1.468632 -0.096298 0.085317
v  -1.451620 -0.096643 0.049260
v  -1.428559 -0.096920 0.020344
v  -1.406283 -0.097074 0.009489
v  -1.378739 -0.097074 0.004297
v  -1.350758 -0.096920 0.030301
v  -1.322353 -0.096643 0.049260
v  -1.306871 -0.216258 0.088216
v  -1.318433 -0.215913 0.120922
v  -1.338163 -0.219856 0.153189
v  -1.372467 -0.219703 0.165955
v  -1.405035 -0.227342 0.161327
v  -1.437649 -0.225175 0.147032
v  -1.464861 -0.227772 0.124273
v  -1.473091 -0.228117 0.088216
v  -1.456080 -0.228462 0.052159
v  -1.439608 -0.226418 0.028435
v  -1.406283 -0.226572 0.012388
v  -1.376831 -0.221253 0.017153
v  -1.343506 -0.221100 0.033200
v  -1.320445 -0.216603 0.062116
v  -1.309810 0.382417 0.068835
v  -1.307065 0.382870 0.110311
v  -1.260177 -0.164299 0.018911
v  -1.226264 -0.162917 0.008249
v  -1.184578 -0.160046 0.015596
v  -1.257960 -0.161128 0.130138
v  -1.295618 -0.045713 0.050687
v  -1.264891 -0.045169 0.019528
v  -1.230596 -0.041424 0.013792
v  -1.185204 -0.039099 0.014550
v  -1.255116 -0.041655 0.128259
v  -1.298298 -0.044692 0.088834
v  -1.286468 -0.164366 0.063960
v  -1.194388 -0.160375 0.047696
v  -1.283534 -0.163229 0.099929
v  -1.288392 0.382938 0.033265
v  -1.248551 0.384291 0.013130
v  -1.200962 0.386100 0.013823
v  -1.277210 0.384010 0.132687
v  -1.220799 -0.159651 0.092784
v  -1.247183 0.385253 0.101265
v  -1.216104 0.385861 0.049467
v  -1.244632 -0.163708 0.014150
v  -1.234823 -0.163211 0.014132
v  -1.239627 -0.163221 0.025103
v  -1.232544 -0.046216 0.093217
v  -1.198699 -0.046781 0.052591
v  -1.244285 -0.042945 0.016083
v  -1.074693 -0.173038 0.125990
v  -1.110563 -0.175058 0.130294
v  -1.070517 -0.124985 0.127032
v  -1.037609 -0.121757 0.105058
v  -1.025875 -0.120151 0.068874
v  -1.030048 -0.119595 0.032412
v  -1.051057 -0.120636 0.006559
v  -1.084297 -0.122558 0.010895
v  -1.109578 -0.125400 0.002716
v  -1.144044 -0.128548 0.017620
v  -1.155632 0.071105 0.052728
v  -1.137098 -0.129008 0.114442
v  -1.102484 -0.126856 0.128967
v  -1.068433 0.427014 0.090102
v  -1.055187 0.426482 0.059642
v  -1.064411 0.423060 0.029158
v  -1.078285 0.420797 0.000239
v  -1.114037 0.409236 -0.010296
v  -1.148895 0.400397 0.005662
v  -1.145751 0.403288 0.023405
v  -1.172728 0.399418 0.026581
v  -1.177384 0.415871 0.074394
v  -1.157885 0.419263 0.100905
v  -1.094981 0.425681 0.109970
v  -1.127722 0.422848 0.113925
v  -1.045611 -0.172148 0.104278
v  -1.031108 -0.172621 0.070976
v  -1.035067 -0.174312 0.035006
v  -1.056428 -0.176759 0.006005
v  -1.093030 -0.178786 0.012996
v  -1.102390 -0.179284 0.000327
v  -1.150919 -0.181474 0.027957
v  -1.162508 -0.181132 0.054558
v  -1.164974 -0.180123 0.087025
v  -1.143609 -0.177657 0.116033
v  -1.153381 -0.129370 0.028960
v  -1.156384 0.402835 0.024979
v  -1.142131 -0.181377 0.016874
v  -1.063615 0.077266 0.121070
v  -1.037902 0.080121 0.091468
v  -1.023073 0.081899 0.060312
v  -1.027432 0.082097 0.026379
v  -1.047354 0.080998 0.004621
v  -1.082402 0.078639 0.001956
v  -1.119089 0.074893 0.006888
v  -1.134240 0.073400 0.023625
v  -1.147388 0.077276 0.080070
v  -1.124918 0.072272 0.107457
v  -1.100661 0.074152 0.124990
v  -1.142092 0.072478 0.033987
v  -1.153680 0.101425 0.051161
v  -1.151378 0.126296 0.049712
v  -1.154727 0.141109 0.082791
v  -1.136326 0.120222 0.105153
v  -1.136864 0.096326 0.105791
v  -1.159480 -0.130474 0.084998
v  -1.159682 -0.130196 0.053306
v  -1.066270 0.161393 0.120655
v  -1.041690 0.162256 0.090045
v  -1.037934 0.156600 0.063321
v  -1.041984 0.154924 0.029227
v  -1.062066 0.152287 0.004937
v  -1.087860 0.154846 -0.000183
v  -1.126242 0.152067 0.010697
v  -1.137613 0.151979 0.033211
v  -1.145777 0.151552 0.040040
v  -1.154832 0.152476 0.082793
v  -1.136105 0.154975 0.106453
v  -1.102076 0.158543 0.124623
v  -1.131582 0.152104 0.023500
v  -1.150695 0.304523 0.181100
v  -1.120971 0.304962 0.168898
v  -1.199478 -0.132883 0.156988
v  -1.215624 -0.131546 0.134751
v  -1.220481 -0.128769 0.102395
v  -1.118503 -0.129815 0.128038
v  -1.167483 -0.018169 0.175157
v  -1.197868 -0.017643 0.160291
v  -1.210497 -0.014021 0.136565
v  -1.221093 -0.011772 0.103110
v  -1.120579 -0.014244 0.126415
v  -1.138866 -0.017182 0.167749
v  -1.160003 -0.132948 0.165189
v  -1.194544 -0.129087 0.101698
v  -1.134362 -0.131848 0.154203
v  -1.182027 0.305028 0.174141
v  -1.206572 0.306336 0.149887
v  -1.217755 0.308086 0.114838
v  -1.111906 0.306065 0.141520
v  -1.165675 0.133509 0.181925
v  -1.197964 0.128975 0.166877
v  -1.215562 0.130975 0.144410
v  -1.218133 0.130731 0.114590
v  -1.123018 0.142815 0.132288
v  -1.136459 0.138822 0.168856
v  -1.155010 -0.128387 0.109979
v  -1.142312 0.307267 0.127233
v  -1.187911 0.307855 0.117179
v  -1.206787 -0.132312 0.146764
v  -1.209210 -0.131831 0.139579
v  -1.199989 -0.131840 0.140405
v  -1.151807 -0.018656 0.118480
v  -1.189898 -0.019202 0.103656
v  -1.147075 0.134884 0.124321
v  -1.188984 0.131208 0.109875
v  -1.205455 -0.015492 0.146034
v  -1.171484 0.398373 0.270332
v  -1.153463 0.398500 0.247821
v  -1.173019 0.350877 0.273733
v  -1.201734 0.349003 0.286764
v  -1.231113 0.347265 0.279420
v  -1.253974 0.345689 0.261168
v  -1.262573 0.345004 0.235982
v  -1.245637 0.345178 0.215269
v  -1.240491 0.346433 0.194656
v  -1.215893 0.347988 0.177578
v  -1.189316 0.149727 0.185105
v  -1.170448 0.234514 0.198294
v  -1.153456 0.350935 0.223243
v  -1.158241 0.351019 0.252868
v  -1.204349 -0.198312 0.261003
v  -1.230479 -0.197717 0.257099
v  -1.247140 -0.195488 0.237940
v  -1.260798 -0.194633 0.216292
v  -1.252747 -0.185343 0.187559
v  -1.227217 -0.178132 0.170646
v  -1.216593 -0.180445 0.180291
v  -1.203026 -0.178015 0.160258
v  -1.165712 -0.193579 0.173404
v  -1.155309 -0.195299 0.205119
v  -1.179751 -0.198016 0.251399
v  -1.162459 -0.196917 0.232612
v  -1.198388 0.398618 0.280872
v  -1.226967 0.399160 0.276620
v  -1.249563 0.399840 0.258716
v  -1.260125 0.400464 0.231955
v  -1.239981 0.400615 0.210084
v  -1.244589 0.400318 0.198376
v  -1.205492 0.400424 0.177147
v  -1.182663 0.400026 0.180540
v  -1.159719 0.399594 0.192604
v  -1.149155 0.398952 0.219371
v  -1.204301 0.348537 0.176041
v  -1.211051 -0.180546 0.173745
v  -1.216673 0.400570 0.178419
v  -1.181972 0.150159 0.276433
v  -1.212805 0.148093 0.281357
v  -1.240094 0.146464 0.278239
v  -1.261166 0.145289 0.260930
v  -1.267458 0.144809 0.238213
v  -1.254483 0.145167 0.213311
v  -1.235676 0.146977 0.190507
v  -1.217987 0.147990 0.187308
v  -1.188618 0.233280 0.184074
v  -1.174391 0.144645 0.202278
v  -1.165311 0.151450 0.229088
v  -1.163704 0.151299 0.252959
v  -1.207679 0.148700 0.186363
v  -1.191499 0.119672 0.185846
v  -1.193695 0.095055 0.186862
v  -1.170105 0.080871 0.198622
v  -1.162545 0.103126 0.220505
v  -1.161649 0.126855 0.220346
v  -1.194257 0.106246 0.184005
v  -1.181634 0.084250 0.191704
v  -1.165646 0.089878 0.210582
v  -1.169587 0.137376 0.217765
v  -1.155926 0.121758 0.167973
v  -1.156261 0.129591 0.171071
v  -1.143980 0.147552 0.180126
v  -1.140753 0.142214 0.188700
v  -1.138462 0.135376 0.193503
v  -1.135064 0.120946 0.191243
v  -1.134031 0.112808 0.182261
v  -1.135206 0.108841 0.173554
v  -1.143858 0.109532 0.169560
v  -1.153402 0.114947 0.168796
v  -1.177533 0.234766 0.271767
v  -1.206009 0.232743 0.282883
v  -1.233678 0.231141 0.275979
v  -1.255003 0.229707 0.258664
v  -1.261784 0.228980 0.235975
v  -1.247952 0.228983 0.216135
v  -1.236113 0.230396 0.192180
v  -1.215645 0.231743 0.179918
v  -1.163896 0.350519 0.195606
v  -1.160983 0.235045 0.224799
v  -1.164609 0.235025 0.252402
v  -1.204714 0.232364 0.178440
v  -1.185207 0.349541 0.182064
v  -1.181978 0.066411 0.274682
v  -1.212993 0.066239 0.278406
v  -1.232556 0.071484 0.269634
v  -1.253848 0.072184 0.252461
v  -1.261766 0.073170 0.228560
v  -1.254393 0.069096 0.208908
v  -1.230867 0.069980 0.187474
v  -1.210883 0.069933 0.189285
v  -1.202833 0.070056 0.180732
v  -1.170173 0.069570 0.192678
v  -1.162109 0.068634 0.221298
v  -1.164201 0.067357 0.252071
v  -1.219978 0.069929 0.189268
v  -1.244242 0.355672 0.193706
v  -1.222495 0.356128 0.163900
v  -1.245631 0.316628 0.199592
v  -1.281943 0.314801 0.213649
v  -1.319549 0.312960 0.210306
v  -1.349813 0.311522 0.188343
v  -1.223519 0.317227 0.133943
v  -1.227936 0.317049 0.172074
v  -1.294763 -0.135152 0.215775
v  -1.322411 -0.134769 0.208065
v  -1.344829 -0.133005 0.184469
v  -1.226221 -0.131435 0.132641
v  -1.256660 -0.005678 0.207050
v  -1.293877 -0.006126 0.214893
v  -1.319025 -0.003193 0.203569
v  -1.347524 -0.002148 0.182883
v  -1.229706 -0.002772 0.146925
v  -1.233359 -0.004437 0.181930
v  -1.252507 -0.134313 0.196385
v  -1.334334 -0.133214 0.166143
v  -1.247898 -0.131073 0.130797
v  -1.234015 -0.133132 0.170276
v  -1.278037 0.355497 0.208714
v  -1.314823 0.355643 0.204905
v  -1.344746 0.356058 0.183302
v  -1.218626 0.356733 0.127281
v  -1.322099 0.217591 0.209602
v  -1.350347 0.216281 0.188744
v  -1.316493 -0.130936 0.125519
v  -1.304211 0.357121 0.121743
v  -1.324503 0.356429 0.159995
v  -1.244509 0.356806 0.127678
v  -1.307364 -0.135022 0.212155
v  -1.306635 -0.004638 0.209148
v  -1.313626 -0.134802 0.207810
v  -1.309197 -0.004370 0.207993
v  -1.304352 -0.134643 0.202379
v  -1.247039 -0.007381 0.130006
v  -1.311083 -0.015828 0.127851
v  -1.326817 -0.009879 0.157354
v  -1.304565 0.219531 0.126794
v  -1.325393 0.215522 0.158979
v  -1.244805 0.314218 0.127950
v  -1.304393 0.310720 0.123366
v  -1.324798 0.309693 0.159658
v  -1.306949 0.313577 0.211426
v  -1.302894 0.355620 0.205602
v  -1.300262 0.313904 0.212021
v  -1.291629 0.355511 0.207482
v  -1.301778 0.313889 0.206530
v  -1.298032 0.355838 0.197155
v  -1.264072 0.356643 0.134581
v  -1.265435 0.312886 0.132005
v  -1.267914 0.312862 0.126172
v  -1.268605 0.356933 0.125282
v  -1.262697 0.313268 0.126764
v  -1.258161 0.356878 0.126321
v  -1.317809 -0.132611 0.158931
v  -1.331126 -0.132794 0.158439
v  -1.327975 -0.132402 0.151664
v  -1.311126 -0.004168 0.207123
v  -1.368475 -0.198022 0.179276
v  -1.392380 -0.197506 0.186343
v  -1.400828 -0.202080 0.205704
v  -1.409997 -0.201900 0.219490
v  -1.409324 -0.208038 0.242596
v  -1.401891 -0.208159 0.264568
v  -1.380155 -0.208660 0.277480
v  -1.354970 -0.209218 0.279679
v  -1.331326 -0.209725 0.270731
v  -1.313903 -0.210080 0.252407
v  -1.304735 -0.210260 0.238621
v  -1.312569 -0.209995 0.214177
v  -1.326189 -0.198924 0.193110
v  -1.347665 -0.198433 0.182080
v  -1.366356 -0.062342 0.175963
v  -1.390260 -0.061827 0.183030
v  -1.405102 -0.061559 0.203296
v  -1.416356 -0.061309 0.218725
v  -1.406347 -0.061647 0.242868
v  -1.398914 -0.061768 0.264840
v  -1.377178 -0.062268 0.277751
v  -1.351993 -0.062827 0.279950
v  -1.328348 -0.063334 0.271002
v  -1.313569 -0.063599 0.259871
v  -1.305821 -0.063731 0.235801
v  -1.310102 -0.063587 0.204806
v  -1.323263 -0.063272 0.189686
v  -1.344739 -0.062781 0.178655
v  -1.360134 0.331710 0.168196
v  -1.381199 0.332130 0.179087
v  -1.401081 0.336130 0.195469
v  -1.406517 0.336184 0.219895
v  -1.400121 0.342417 0.241518
v  -1.387457 0.340160 0.262267
v  -1.369434 0.341744 0.278565
v  -1.344249 0.341186 0.280764
v  -1.321426 0.340706 0.265869
v  -1.306967 0.338493 0.252494
v  -1.299219 0.338361 0.228424
v  -1.305350 0.334078 0.208924
v  -1.319333 0.334420 0.187858
v  -1.341189 0.331361 0.174946
v  -1.239306 0.378849 0.268027
v  -1.248902 0.379348 0.236362
v  -1.235842 0.336094 0.272199
v  -1.245386 0.334093 0.305788
v  -1.268086 0.332077 0.330907
v  -1.300153 0.330503 0.340714
v  -1.270903 0.336750 0.220918
v  -1.245988 0.336555 0.244670
v  -1.250786 -0.158629 0.316114
v  -1.271236 -0.158210 0.331745
v  -1.300236 -0.156278 0.335055
v  -1.273294 -0.154560 0.222149
v  -1.236457 -0.016848 0.284122
v  -1.250940 -0.017339 0.315004
v  -1.272627 -0.014127 0.326894
v  -1.302827 -0.012983 0.336127
v  -1.264949 -0.013666 0.232358
v  -1.241860 -0.015489 0.253876
v  -1.241851 -0.157711 0.275390
v  -1.307689 -0.156508 0.317644
v  -1.286320 -0.154163 0.236673
v  -1.250558 -0.156418 0.248052
v  -1.246810 0.378657 0.300326
v  -1.269401 0.378817 0.324607
v  -1.301027 0.379272 0.334365
v  -1.273031 0.380011 0.213817
v  -1.237593 0.231636 0.276446
v  -1.248789 0.229518 0.308568
v  -1.269967 0.227643 0.332352
v  -1.300154 0.226209 0.341313
v  -1.269551 0.232388 0.230273
v  -1.247526 0.232168 0.251645
v  -1.327140 -0.154012 0.282934
v  -1.323211 0.380435 0.272102
v  -1.306782 0.379678 0.307286
v  -1.286723 0.380091 0.232562
v  -1.260183 -0.158487 0.323181
v  -1.266675 -0.158246 0.325318
v  -1.265555 -0.158072 0.315746
v  -1.286422 -0.018713 0.235631
v  -1.322549 -0.027963 0.280321
v  -1.309922 -0.021448 0.307517
v  -1.286465 0.232330 0.243364
v  -1.319786 0.229767 0.275083
v  -1.307990 0.225377 0.307375
v  -1.286688 0.333455 0.232921
v  -1.322148 0.329624 0.273109
v  -1.307183 0.328500 0.307315
v  -1.260480 0.332753 0.322491
v  -1.262460 0.378792 0.316442
v  -1.256444 0.333111 0.318024
v  -1.255032 0.378673 0.309392
v  -1.261194 0.333095 0.316144
v  -1.265883 0.379031 0.308400
v  -1.259976 0.228528 0.321132
v  -1.292345 0.379913 0.250297
v  -1.294925 0.331996 0.249882
v  -1.296609 0.231550 0.253020
v  -1.300440 0.331969 0.248506
v  -1.301450 0.380230 0.248521
v  -1.297198 0.332415 0.245091
v  -1.295067 0.380170 0.241604
v  -1.303929 -0.155847 0.301919
v  -1.311472 -0.156047 0.311187
v  -1.314621 -0.155618 0.305273
v  -1.263970 -0.015440 0.322147
v  -1.390271 0.360385 0.319467
v  -1.389251 0.361357 0.353023
v  -1.378151 -0.166874 0.286005
v  -1.350437 -0.167812 0.278407
v  -1.316898 -0.167297 0.285563
v  -1.379433 -0.161644 0.375814
v  -1.399938 -0.026738 0.309183
v  -1.374241 -0.028740 0.284954
v  -1.346212 -0.026897 0.281316
v  -1.309529 -0.027373 0.283273
v  -1.369341 -0.023682 0.372974
v  -1.403152 -0.024781 0.339881
v  -1.400653 -0.164416 0.321573
v  -1.325763 -0.166495 0.311180
v  -1.399275 -0.162752 0.350682
v  -1.371942 0.358941 0.291396
v  -1.339178 0.357406 0.276332
v  -1.300757 0.356178 0.278307
v  -1.365793 0.360932 0.371973
v  -1.397039 0.155252 0.306604
v  -1.370803 0.147093 0.280642
v  -1.342287 0.146859 0.271702
v  -1.312265 0.144074 0.280192
v  -1.363648 0.164468 0.366508
v  -1.394659 0.161958 0.339924
v  -1.348312 -0.163113 0.346769
v  -1.340608 0.359782 0.347503
v  -1.314015 0.357511 0.306624
v  -1.365454 -0.167351 0.282624
v  -1.357522 -0.167463 0.282900
v  -1.361714 -0.166969 0.291611
v  -1.350428 -0.031078 0.345424
v  -1.322014 -0.034727 0.313661
v  -1.347573 0.153202 0.346023
v  -1.318336 0.145660 0.310425
v  -1.357401 -0.027663 0.282770
v  -1.440178 -0.153411 0.341705
v  -1.466843 -0.155543 0.336953
v  -1.437744 -0.108804 0.343669
v  -1.409358 -0.105392 0.335102
v  -1.393055 -0.103468 0.311707
v  -1.388099 -0.102611 0.284636
v  -1.397528 -0.103444 0.261493
v  -1.422313 -0.105469 0.257338
v  -1.438651 -0.108176 0.245934
v  -1.466614 -0.111453 0.249089
v  -1.483983 0.073395 0.273022
v  -1.482749 -0.112810 0.320080
v  -1.461093 -0.110751 0.338070
v  -1.432048 0.403810 0.321131
v  -1.415895 0.403701 0.302160
v  -1.415840 0.400776 0.278251
v  -1.419471 0.398884 0.254457
v  -1.442748 0.388048 0.239022
v  -1.471182 0.379477 0.242810
v  -1.472816 0.382000 0.256247
v  -1.492841 0.378215 0.252614
v  -1.506728 0.392976 0.286013
v  -1.498542 0.395974 0.309314
v  -1.438404 0.257682 0.341397
v  -1.414922 0.258669 0.323497
v  -1.407161 0.255027 0.304726
v  -1.402417 0.253110 0.279259
v  -1.411013 0.249983 0.254917
v  -1.429748 0.247144 0.247358
v  -1.455550 0.242168 0.248932
v  -1.464028 0.235710 0.264553
v  -1.471060 0.235256 0.261019
v  -1.492004 0.247905 0.295767
v  -1.483420 0.251050 0.320107
v  -1.463803 0.254639 0.336810
v  -1.455425 0.402215 0.329587
v  -1.479763 0.399350 0.325262
v  -1.414578 -0.152193 0.332476
v  -1.396902 -0.152210 0.311740
v  -1.391884 -0.153443 0.285054
v  -1.400869 -0.155550 0.259566
v  -1.428646 -0.157720 0.256583
v  -1.432596 -0.158110 0.245446
v  -1.473433 -0.160711 0.254670
v  -1.487554 -0.160730 0.271231
v  -1.496414 -0.160134 0.293998
v  -1.487427 -0.158009 0.319492
v  -1.475782 -0.112385 0.255183
v  -1.480787 0.381500 0.255053
v  -1.457551 0.243690 0.262592
v  -1.464709 -0.160457 0.248635
v  -1.432904 0.078977 0.342182
v  -1.408014 0.082077 0.326569
v  -1.390588 0.084129 0.307459
v  -1.386315 0.084626 0.282159
v  -1.395857 0.083706 0.262191
v  -1.420409 0.081334 0.252616
v  -1.447786 0.077588 0.248125
v  -1.462299 0.075945 0.256820
v  -1.484075 0.078896 0.294480
v  -1.473891 0.074112 0.319005
v  -1.460322 0.075826 0.336891
v  -1.470188 0.074938 0.262537
v  -1.482453 0.101558 0.272516
v  -1.480658 0.124665 0.272136
v  -1.490381 0.138059 0.295237
v  -1.481909 0.118563 0.315167
v  -1.482267 0.096378 0.315355
v  -1.481842 0.114041 0.269646
v  -1.486407 0.134751 0.283157
v  -1.486033 0.130341 0.306366
v  -1.478056 0.086599 0.308494
v  -1.518689 0.097434 0.281908
v  -1.516417 0.090341 0.283807
v  -1.519271 0.073855 0.297636
v  -1.516362 0.079331 0.305760
v  -1.515137 0.085976 0.310652
v  -1.519170 0.099200 0.311315
v  -1.525568 0.106159 0.305689
v  -1.530163 0.109305 0.298842
v  -1.526471 0.108625 0.290644
v  -1.520082 0.103778 0.284128
v  -1.492376 -0.114009 0.294058
v  -1.485609 -0.113434 0.271274
v  -1.435306 0.157031 0.341839
v  -1.410995 0.158287 0.325243
v  -1.402431 0.153328 0.306850
v  -1.397887 0.152091 0.281490
v  -1.406981 0.149768 0.259661
v  -1.424392 0.152039 0.250374
v  -1.454289 0.149122 0.249788
v  -1.467360 0.148746 0.263462
v  -1.474706 0.148232 0.266579
v  -1.490537 0.148607 0.295288
v  -1.482277 0.150800 0.316369
v  -1.461846 0.154132 0.336856
v  -1.460914 0.148996 0.257811
v  -1.584172 0.364704 0.230308
v  -1.615590 0.366090 0.227948
v  -1.580423 0.322875 0.228094
v  -1.553927 0.319917 0.248106
v  -1.539484 0.317156 0.276895
v  -1.541856 0.315248 0.308745
v  -1.638029 0.324918 0.241615
v  -1.608357 0.324101 0.227645
v  -1.559860 -0.161149 0.249874
v  -1.553005 -0.161250 0.273431
v  -1.559998 -0.159540 0.300367
v  -1.650968 -0.154496 0.237599
v  -1.579532 -0.021841 0.228027
v  -1.557100 -0.023259 0.251516
v  -1.553920 -0.020531 0.274923
v  -1.556085 -0.019765 0.304953
v  -1.635239 -0.017302 0.235579
v  -1.608224 -0.019646 0.222439
v  -1.592933 -0.159040 0.227934
v  -1.578037 -0.159276 0.300996
v  -1.642541 -0.154567 0.254178
v  -1.620181 -0.157003 0.226282
v  -1.558070 0.363553 0.248087
v  -1.544276 0.362940 0.276520
v  -1.546485 0.363014 0.307989
v  -1.643906 0.367330 0.241642
v  -1.580062 0.220827 0.229716
v  -1.555440 0.217793 0.250689
v  -1.541655 0.215212 0.277668
v  -1.544128 0.213470 0.307559
v  -1.632059 0.222822 0.242239
v  -1.605498 0.222043 0.230017
v  -1.615499 -0.155880 0.306372
v  -1.609399 0.365908 0.306295
v  -1.572510 0.364185 0.303791
v  -1.631968 0.366823 0.260261
v  -1.556814 -0.161242 0.260658
v  -1.555487 -0.021875 0.263391
v  -1.557145 -0.161086 0.267166
v  -1.555165 -0.021630 0.265775
v  -1.565258 -0.160634 0.262879
v  -1.639860 -0.022379 0.255720
v  -1.612851 -0.032805 0.303077
v  -1.584170 -0.027209 0.301301
v  -1.626256 0.222339 0.261773
v  -1.609623 0.218823 0.302264
v  -1.576995 0.213628 0.302833
v  -1.632891 0.321311 0.259730
v  -1.609505 0.316304 0.305018
v  -1.573997 0.314249 0.303474
v  -1.544323 0.318081 0.267249
v  -1.549139 0.363173 0.267543
v  -1.546891 0.318572 0.262130
v  -1.552847 0.363282 0.258514
v  -1.550197 0.318598 0.265704
v  -1.557455 0.363632 0.267820
v  -1.548158 0.216430 0.264941
v  -1.618155 0.366117 0.271356
v  -1.620700 0.319369 0.272866
v  -1.621193 0.221268 0.274099
v  -1.623822 0.319369 0.277293
v  -1.622859 0.366454 0.278841
v  -1.625728 0.319912 0.273243
v  -1.626807 0.366614 0.270788
v  -1.590693 -0.158162 0.292253
v  -1.585062 -0.158648 0.302143
v  -1.591388 -0.158066 0.302912
v  -1.554922 -0.021445 0.267571
v  -1.525014 0.389639 0.261924
v  -1.487114 0.388375 0.277420
v  -1.580297 -0.198853 0.224275
v  -1.575067 -0.199684 0.189613
v  -1.550464 -0.199980 0.155785
v  -1.480729 -0.199249 0.270256
v  -1.558900 -0.043232 0.262046
v  -1.573230 -0.044071 0.221380
v  -1.563310 -0.042065 0.188367
v  -1.542982 -0.043145 0.148447
v  -1.472600 -0.044603 0.259583
v  -1.526234 -0.043146 0.280860
v  -1.551741 -0.198331 0.267003
v  -1.526305 -0.200771 0.178364
v  -1.518583 -0.198513 0.279907
v  -1.547244 0.389776 0.227575
v  -1.547852 0.388742 0.183578
v  -1.526675 0.386799 0.141720
v  -1.454420 0.386314 0.260655
v  -1.552037 0.160800 0.260151
v  -1.568309 0.153179 0.217938
v  -1.564145 0.153222 0.181727
v  -1.539949 0.149175 0.152433
v  -1.468399 0.166571 0.252737
v  -1.513465 0.165961 0.274097
v  -1.497709 -0.199215 0.221168
v  -1.469233 0.386453 0.220452
v  -1.501664 0.386465 0.170538
v  -1.577791 -0.199294 0.208444
v  -1.573560 -0.199527 0.199739
v  -1.565918 -0.199535 0.208732
v  -1.494233 -0.051177 0.224755
v  -1.515679 -0.053365 0.177306
v  -1.483749 0.155201 0.224516
v  -1.509233 0.148909 0.174193
v  -1.567270 -0.042900 0.201546
v  -1.385941 0.371815 0.174634
v  -1.401633 0.373169 0.151472
v  -1.479043 0.147961 0.160701
v  -1.425536 -0.173869 0.187861
v  -1.436635 -0.173505 0.211003
v  -1.459102 -0.170845 0.221031
v  -1.483064 -0.169291 0.227529
v  -1.507057 -0.159417 0.212061
v  -1.515149 -0.151730 0.183708
v  -1.503239 -0.154127 0.176555
v  -1.514992 -0.150973 0.159199
v  -1.489907 -0.165502 0.132106
v  -1.464531 -0.168025 0.130104
v  -1.427367 -0.172842 0.162296
v  -1.441640 -0.170706 0.141155
v  -1.383883 0.371209 0.202621
v  -1.396011 0.371507 0.227933
v  -1.419074 0.372615 0.243791
v  -1.446896 0.374226 0.245946
v  -1.461385 0.375603 0.220998
v  -1.473574 0.375787 0.221915
v  -1.482028 0.377351 0.179565
v  -1.472341 0.377145 0.159345
v  -1.454585 0.376526 0.141499
v  -1.426758 0.374898 0.139343
v  -1.507721 -0.153855 0.169536
v  -1.484053 0.377277 0.190306
v  -1.392243 0.144418 0.180040
v  -1.396604 0.141895 0.210007
v  -1.407388 0.140174 0.234395
v  -1.429529 0.139580 0.248963
v  -1.452415 0.140061 0.248286
v  -1.471765 0.141664 0.229128
v  -1.487443 0.144581 0.205195
v  -1.485294 0.145888 0.187891
v  -1.459019 0.142756 0.151644
v  -1.431310 0.147917 0.151060
v  -1.408721 0.146745 0.156399
v  -1.483185 0.146718 0.178074
v  -1.480065 0.120414 0.162203
v  -1.480642 0.097828 0.163930
v  -1.463476 0.084656 0.145061
v  -1.440215 0.104142 0.144855
v  -1.439250 0.125861 0.144559
v  -1.483049 0.108181 0.163907
v  -1.473079 0.087896 0.153860
v  -1.450783 0.092424 0.144568
v  -1.443542 0.135489 0.151442
v  -1.486348 0.123592 0.124132
v  -1.483289 0.130614 0.125521
v  -1.470721 0.146805 0.117157
v  -1.462038 0.141587 0.116487
v  -1.457173 0.135153 0.115569
v  -1.458813 0.122103 0.111417
v  -1.467137 0.115072 0.107687
v  -1.475691 0.111814 0.106188
v  -1.481853 0.112505 0.113090
v  -1.485106 0.117362 0.121859
v  -1.656513 0.336314 0.164822
v  -1.649207 0.336581 0.145015
v  -1.632385 0.341042 0.139092
v  -1.620225 0.341161 0.132113
v  -1.600750 0.346775 0.134146
v  -1.582600 0.346656 0.141652
v  -1.572903 0.346441 0.160743
v  -1.572450 0.346174 0.182150
v  -1.581331 0.345907 0.201632
v  -1.597786 0.345692 0.215332
v  -1.609947 0.345573 0.222311
v  -1.630164 0.345573 0.214324
v  -1.647183 0.335832 0.201330
v  -1.655305 0.336047 0.182564
v  -1.659337 -0.057266 0.158782
v  -1.649488 -0.056998 0.142466
v  -1.635293 -0.056784 0.127291
v  -1.616051 -0.056665 0.123653
v  -1.600915 -0.056665 0.132126
v  -1.587445 -0.056784 0.141510
v  -1.576625 -0.056998 0.155604
v  -1.576195 -0.057266 0.175920
v  -1.589349 -0.057533 0.193436
v  -1.604965 -0.057747 0.206437
v  -1.618156 -0.057866 0.209808
v  -1.633553 -0.057866 0.209546
v  -1.645726 -0.057747 0.192450
v  -1.658908 -0.057533 0.179098
v  -1.662918 -0.150240 0.156418
v  -1.653069 -0.149972 0.140101
v  -1.640007 -0.153028 0.122965
v  -1.619064 -0.152909 0.119735
v  -1.601139 -0.158830 0.126166
v  -1.584317 -0.157150 0.138083
v  -1.571548 -0.159163 0.154167
v  -1.571095 -0.159431 0.175574
v  -1.584955 -0.159698 0.194030
v  -1.597067 -0.158114 0.205557
v  -1.617838 -0.158233 0.210761
v  -1.633980 -0.154111 0.204617
v  -1.651000 -0.153992 0.191623
v  -1.658509 -0.150507 0.171968
v  -1.681633 0.369848 0.247806
v  -1.650688 0.369635 0.257668
v  -1.717064 -0.194130 0.204093
v  -1.715084 -0.192877 0.176368
v  -1.697748 -0.190235 0.148123
v  -1.635489 -0.192162 0.234252
v  -1.700600 -0.046113 0.237203
v  -1.714453 -0.045486 0.205944
v  -1.708713 -0.041381 0.179317
v  -1.695123 -0.039376 0.146501
v  -1.632522 -0.043194 0.229890
v  -1.673607 -0.045454 0.250048
v  -1.691834 -0.194490 0.236092
v  -1.677228 -0.191015 0.164442
v  -1.664817 -0.193758 0.244232
v  -1.701353 0.370705 0.222053
v  -1.704565 0.371970 0.187310
v  -1.690411 0.373290 0.152886
v  -1.625859 0.370087 0.242349
v  -1.698974 0.149611 0.241311
v  -1.714337 0.143733 0.208751
v  -1.713310 0.145853 0.179895
v  -1.695945 0.144649 0.155144
v  -1.633438 0.159495 0.230464
v  -1.667710 0.155661 0.250098
v  -1.651979 -0.190388 0.196530
v  -1.640082 0.371602 0.211514
v  -1.668836 0.372663 0.174093
v  -1.716066 -0.193611 0.191421
v  -1.713262 -0.193181 0.184277
v  -1.706660 -0.193292 0.190909
v  -1.651678 -0.048708 0.203523
v  -1.671555 -0.049359 0.167306
v  -1.647130 0.149347 0.208786
v  -1.670304 0.144725 0.170427
v  -1.711003 -0.043052 0.189946
v  -1.356495 -0.093460 0.367015
v  -1.353875 -0.093643 0.384326
v  -1.357290 0.010461 0.385717
v  -1.359910 0.010645 0.368407
v  -1.341174 -0.097177 0.391953
v  -1.341971 0.010475 0.394293
v  -1.332465 -0.097144 0.399657
v  -1.334968 0.010523 0.407303
v  -1.316270 -0.101588 0.401266
v  -1.317212 0.010795 0.402658
v  -1.300273 -0.101245 0.398207
v  -1.299451 0.011138 0.401796
v  -1.289204 -0.100896 0.384326
v  -1.287076 0.011487 0.387536
v  -1.285255 -0.100613 0.367015
v  -1.283113 0.011770 0.368065
v  -1.289207 -0.100449 0.349705
v  -1.290150 0.011933 0.351097
v  -1.300280 -0.100439 0.335823
v  -1.296474 0.012016 0.339746
v  -1.308988 -0.100473 0.328119
v  -1.312472 0.011871 0.332042
v  -1.326744 -0.100744 0.331222
v  -1.334443 0.011536 0.332042
v  -1.342810 -0.092848 0.338926
v  -1.346225 0.011256 0.339746
v  -1.352546 -0.093176 0.352807
v  -1.355960 0.010928 0.353628
v  -1.358844 0.235232 0.386892
v  -1.364396 0.235371 0.371191
v  -1.349371 0.235197 0.402383
v  -1.333546 0.235340 0.408891
v  -1.319098 0.235560 0.404310
v  -1.305917 0.235861 0.398655
v  -1.294173 0.236220 0.388501
v  -1.290224 0.236503 0.371191
v  -1.298392 0.236602 0.353880
v  -1.309464 0.236612 0.339999
v  -1.320159 0.236548 0.334787
v  -1.333381 0.236346 0.332295
v  -1.346813 0.236042 0.344779
v  -1.360447 0.235654 0.353880
v  -1.362977 0.312876 0.388284
v  -1.368529 0.313014 0.372583
v  -1.353527 0.315574 0.403775
v  -1.337058 0.315726 0.409904
v  -1.321466 0.320913 0.407682
v  -1.305798 0.319748 0.400819
v  -1.292749 0.321630 0.389893
v  -1.288800 0.321914 0.372583
v  -1.296968 0.322013 0.355272
v  -1.304864 0.320568 0.343883
v  -1.320862 0.320423 0.336179
v  -1.334972 0.316763 0.338467
v  -1.350969 0.316419 0.346171
v  -1.362015 0.313337 0.360052
# 1059 vertices

vn 0.986198 -0.048693 -0.158251
vn 0.756843 -0.095363 -0.646603
vn 0.737840 -0.049235 -0.673177
vn 0.991080 -0.005162 -0.133170
vn 0.756843 -0.095363 -0.646603
vn 0.344606 -0.083492 -0.935027
vn 0.299992 -0.056163 -0.952287
vn 0.737840 -0.049235 -0.673177
vn 0.344606 -0.083492 -0.935027
vn -0.181904 -0.088583 -0.979318
vn -0.200259 -0.065316 -0.977563
vn 0.299992 -0.056163 -0.952287
vn -0.181904 -0.088583 -0.979318
vn -0.852770 -0.043803 -0.520446
vn -0.830291 -0.037265 -0.556083
vn -0.200259 -0.065316 -0.977563
vn -0.852770 -0.043803 -0.520446
vn -0.860682 0.028583 -0.508340
vn -0.959457 -0.034716 -0.279708
vn -0.830291 -0.037265 -0.556083
vn -0.860682 0.028583 -0.508340
vn -0.872839 0.062304 -0.484015
vn -0.987292 -0.031507 -0.155764
vn -0.959457 -0.034716 -0.279708
vn -0.872839 0.062304 -0.484015
vn -0.903624 -0.012652 0.428141
vn -0.898654 0.006209 0.438615
vn -0.987292 -0.031507 -0.155764
vn -0.661516 0.000379 0.749931
vn -0.411873 0.063748 0.909009
vn -0.325624 0.038677 0.944708
vn -0.617132 0.015976 0.786698
vn -0.411873 0.063748 0.909009
vn 0.081896 0.114143 0.990083
vn 0.125250 0.078866 0.988986
vn -0.325624 0.038677 0.944708
vn 0.081896 0.114143 0.990083
vn 0.630334 0.107515 0.768843
vn 0.656108 0.081264 0.750279
vn 0.125250 0.078866 0.988986
vn 0.630334 0.107515 0.768843
vn 0.928237 0.047907 0.368891
vn 0.933554 0.046656 0.355388
vn 0.656108 0.081264 0.750279
vn 0.928237 0.047907 0.368891
vn 0.986198 -0.048693 -0.158251
vn 0.991080 -0.005162 -0.133170
vn 0.933554 0.046656 0.355388
vn 0.527396 0.079272 -0.845914
vn 0.760035 0.063667 -0.646756
vn 0.979414 0.079240 -0.185656
vn 0.940538 0.069921 -0.332416
vn 0.189662 0.054031 -0.980362
vn 0.267118 0.066994 -0.961332
vn 0.760035 0.063667 -0.646756
vn 0.527396 0.079272 -0.845914
vn -0.187101 0.040565 -0.981503
vn -0.186978 0.059703 -0.980548
vn 0.267118 0.066994 -0.961332
vn 0.189662 0.054031 -0.980362
vn -0.756010 0.009441 -0.654492
vn -0.596602 0.014410 -0.802408
vn -0.186978 0.059703 -0.980548
vn -0.187101 0.040565 -0.981503
vn -0.996133 -0.039930 -0.078260
vn -0.982919 -0.045347 -0.178366
vn -0.596602 0.014410 -0.802408
vn -0.756010 0.009441 -0.654492
vn -0.674886 -0.072294 0.734373
vn -0.630763 -0.110724 0.768035
vn -0.982919 -0.045347 -0.178366
vn -0.996133 -0.039930 -0.078260
vn -0.600996 -0.068621 0.796301
vn -0.771792 -0.103955 0.627319
vn -0.630763 -0.110724 0.768035
vn -0.674886 -0.072294 0.734373
vn -0.933002 -0.061759 0.354533
vn -0.779088 -0.110107 0.617169
vn -0.995735 -0.045514 -0.080246
vn -0.998825 -0.003844 0.048307
vn 0.031813 -0.063739 0.997459
vn 0.132868 -0.084716 0.987507
vn -0.779088 -0.110107 0.617169
vn -0.933002 -0.061759 0.354533
vn 0.652601 -0.010380 0.757631
vn 0.638581 -0.024260 0.769172
vn 0.132868 -0.084716 0.987507
vn 0.031813 -0.063739 0.997459
vn 0.943471 0.029331 0.330154
vn 0.935695 0.043966 0.350060
vn 0.638581 -0.024260 0.769172
vn 0.652601 -0.010380 0.757631
vn 0.940538 0.069921 -0.332416
vn 0.979414 0.079240 -0.185656
vn 0.935695 0.043966 0.350060
vn 0.943471 0.029331 0.330154
vn 0.697135 0.025564 -0.716484
vn 0.573992 0.060593 -0.816616
vn 0.954261 0.026455 -0.297801
vn 0.960842 0.026867 -0.275792
vn 0.328594 0.050011 -0.943146
vn 0.192285 0.102812 -0.975939
vn 0.573992 0.060593 -0.816616
vn 0.697135 0.025564 -0.716484
vn -0.230371 0.063063 -0.971057
vn -0.211491 0.087622 -0.973444
vn 0.192285 0.102812 -0.975939
vn 0.328594 0.050011 -0.943146
vn -0.784754 0.021288 -0.619442
vn -0.752817 0.019122 -0.657952
vn -0.211491 0.087622 -0.973444
vn -0.230371 0.063063 -0.971057
vn -0.984271 -0.009767 -0.176394
vn -0.987959 -0.035754 -0.150529
vn -0.752817 0.019122 -0.657952
vn -0.784754 0.021288 -0.619442
vn -0.856330 -0.011133 0.516308
vn -0.987959 -0.035754 -0.150529
vn -0.984271 -0.009767 -0.176394
vn -0.961267 0.022782 0.274674
vn -0.636943 0.023415 0.770555
vn -0.856330 -0.011133 0.516308
vn -0.961267 0.022782 0.274674
vn -0.774884 0.039168 0.630889
vn -0.888065 0.018061 0.459364
vn -0.478888 0.290328 0.828478
vn -0.682335 0.020646 0.730748
vn -0.797424 0.001622 0.603418
vn -0.735969 0.035686 0.676074
vn -0.354755 0.037854 0.934193
vn -0.427210 -0.183600 0.885315
vn 0.122890 -0.564539 0.816207
vn -0.427210 -0.183600 0.885315
vn -0.354755 0.037854 0.934193
vn 0.624852 0.001240 0.780742
vn 0.050050 0.028632 0.998336
vn 0.176724 0.422078 0.889167
vn 0.674340 0.319660 0.665645
vn 0.355547 0.215902 0.909380
vn 0.624852 0.001240 0.780742
vn 0.355547 0.215902 0.909380
vn 0.885778 -0.220148 0.408574
vn 0.570726 -0.051912 0.819498
vn 0.905619 0.001250 0.424089
vn 0.926352 0.006203 0.376608
vn 0.960842 0.026867 -0.275792
vn 0.954261 0.026455 -0.297801
vn 0.926352 0.006203 0.376608
vn 0.905619 0.001250 0.424089
vn 0.011373 -0.999935 -0.000884
vn 0.023048 -0.999733 -0.001380
vn 0.023487 -0.999722 -0.002032
vn 0.020491 -0.999783 -0.003820
vn 0.019644 -0.999767 -0.008989
vn 0.021309 -0.999773 -0.000731
vn 0.021801 -0.999761 -0.001520
vn 0.012886 -0.999914 0.002453
vn -0.024798 -0.999691 -0.001794
vn -0.903624 -0.012652 0.428141
vn -0.661516 0.000379 0.749931
vn -0.617132 0.015976 0.786698
vn -0.898654 0.006209 0.438615
vn -0.995735 -0.045514 -0.080246
vn -0.771792 -0.103955 0.627319
vn -0.600996 -0.068621 0.796301
vn -0.998825 -0.003844 0.048307
vn -0.998825 -0.003844 0.048307
vn -0.600996 -0.068621 0.796301
vn -0.636943 0.023415 0.770555
vn -0.797424 0.001622 0.603418
vn 0.050050 0.028632 0.998336
vn -0.682335 0.020646 0.730748
vn -0.478888 0.290328 0.828478
vn -0.567877 0.532981 0.627254
vn 0.176724 0.422078 0.889167
vn 0.531474 -0.508809 0.677236
vn 0.570726 -0.051912 0.819498
vn 0.885778 -0.220148 0.408574
vn -0.325731 -0.279472 0.903213
vn -0.670585 0.121145 0.731874
vn -0.328424 -0.290853 0.898633
vn -0.335086 -0.288067 0.897070
vn 0.175795 -0.287359 0.941552
vn 0.570127 -0.252569 0.781770
vn 0.595946 -0.247339 0.763985
vn 0.623046 -0.257367 0.738631
vn 0.500281 -0.318456 0.805173
vn 0.049438 -0.322972 0.945116
vn -0.888065 0.018061 0.459364
vn -0.427210 -0.183600 0.885315
vn -0.829026 -0.515332 0.217139
vn -0.920486 -0.061647 0.385882
vn -0.427210 -0.183600 0.885315
vn 0.122890 -0.564539 0.816207
vn -0.176520 -0.984295 0.001858
vn -0.829026 -0.515332 0.217139
vn 0.531474 -0.508809 0.677236
vn 0.605759 -0.788955 -0.102981
vn -0.176520 -0.984295 0.001858
vn 0.122890 -0.564539 0.816207
vn 0.531474 -0.508809 0.677236
vn 0.885778 -0.220148 0.408574
vn 0.919566 -0.390942 -0.039540
vn 0.605759 -0.788955 -0.102981
vn 0.885778 -0.220148 0.408574
vn 0.355547 0.215902 0.909380
vn 0.965160 0.239258 0.105937
vn 0.919566 -0.390942 -0.039540
vn 0.674340 0.319660 0.665645
vn 0.747841 0.614767 0.250590
vn 0.965160 0.239258 0.105937
vn 0.355547 0.215902 0.909380
vn 0.674340 0.319660 0.665645
vn 0.176724 0.422078 0.889167
vn 0.263563 0.846552 0.462477
vn 0.747841 0.614767 0.250590
vn -0.567877 0.532981 0.627254
vn -0.429337 0.726180 0.536967
vn 0.263563 0.846552 0.462477
vn 0.176724 0.422078 0.889167
vn -0.567877 0.532981 0.627254
vn -0.478888 0.290328 0.828478
vn -0.782462 0.386705 0.488070
vn -0.429337 0.726180 0.536967
vn -0.888065 0.018061 0.459364
vn -0.920486 -0.061647 0.385882
vn -0.782462 0.386705 0.488070
vn -0.478888 0.290328 0.828478
vn 0.737840 -0.049235 -0.673177
vn 0.697135 0.025564 -0.716484
vn 0.960842 0.026867 -0.275792
vn 0.991080 -0.005162 -0.133170
vn 0.299992 -0.056163 -0.952287
vn 0.328594 0.050011 -0.943146
vn 0.697135 0.025564 -0.716484
vn 0.737840 -0.049235 -0.673177
vn -0.200259 -0.065316 -0.977563
vn -0.230371 0.063063 -0.971057
vn 0.328594 0.050011 -0.943146
vn 0.299992 -0.056163 -0.952287
vn -0.830291 -0.037265 -0.556083
vn -0.784754 0.021288 -0.619442
vn -0.230371 0.063063 -0.971057
vn -0.200259 -0.065316 -0.977563
vn -0.959457 -0.034716 -0.279708
vn -0.984271 -0.009767 -0.176394
vn -0.784754 0.021288 -0.619442
vn -0.830291 -0.037265 -0.556083
vn -0.987292 -0.031507 -0.155764
vn -0.961267 0.022782 0.274674
vn -0.984271 -0.009767 -0.176394
vn -0.959457 -0.034716 -0.279708
vn -0.898654 0.006209 0.438615
vn -0.774884 0.039168 0.630889
vn -0.961267 0.022782 0.274674
vn -0.987292 -0.031507 -0.155764
vn -0.325624 0.038677 0.944708
vn -0.354755 0.037854 0.934193
vn -0.735969 0.035686 0.676074
vn -0.617132 0.015976 0.786698
vn 0.122890 -0.564539 0.816207
vn -0.354755 0.037854 0.934193
vn -0.325624 0.038677 0.944708
vn 0.125250 0.078866 0.988986
vn 0.656108 0.081264 0.750279
vn 0.570726 -0.051912 0.819498
vn 0.122890 -0.564539 0.816207
vn 0.125250 0.078866 0.988986
vn 0.933554 0.046656 0.355388
vn 0.905619 0.001250 0.424089
vn 0.570726 -0.051912 0.819498
vn 0.656108 0.081264 0.750279
vn 0.991080 -0.005162 -0.133170
vn 0.960842 0.026867 -0.275792
vn 0.905619 0.001250 0.424089
vn 0.933554 0.046656 0.355388
vn -0.617132 0.015976 0.786698
vn -0.735969 0.035686 0.676074
vn -0.774884 0.039168 0.630889
vn -0.898654 0.006209 0.438615
vn 0.527396 0.079272 -0.845914
vn 0.940538 0.069921 -0.332416
vn 0.954261 0.026455 -0.297801
vn 0.573992 0.060593 -0.816616
vn 0.189662 0.054031 -0.980362
vn 0.527396 0.079272 -0.845914
vn 0.573992 0.060593 -0.816616
vn 0.192285 0.102812 -0.975939
vn -0.187101 0.040565 -0.981503
vn 0.189662 0.054031 -0.980362
vn 0.192285 0.102812 -0.975939
vn -0.211491 0.087622 -0.973444
vn -0.752817 0.019122 -0.657952
vn -0.756010 0.009441 -0.654492
vn -0.187101 0.040565 -0.981503
vn -0.211491 0.087622 -0.973444
vn -0.987959 -0.035754 -0.150529
vn -0.996133 -0.039930 -0.078260
vn -0.756010 0.009441 -0.654492
vn -0.752817 0.019122 -0.657952
vn -0.674886 -0.072294 0.734373
vn -0.996133 -0.039930 -0.078260
vn -0.987959 -0.035754 -0.150529
vn -0.856330 -0.011133 0.516308
vn -0.600996 -0.068621 0.796301
vn -0.674886 -0.072294 0.734373
vn -0.856330 -0.011133 0.516308
vn -0.636943 0.023415 0.770555
vn -0.933002 -0.061759 0.354533
vn -0.998825 -0.003844 0.048307
vn -0.797424 0.001622 0.603418
vn -0.682335 0.020646 0.730748
vn 0.624852 0.001240 0.780742
vn 0.652601 -0.010380 0.757631
vn 0.031813 -0.063739 0.997459
vn 0.050050 0.028632 0.998336
vn 0.926352 0.006203 0.376608
vn 0.943471 0.029331 0.330154
vn 0.652601 -0.010380 0.757631
vn 0.624852 0.001240 0.780742
vn 0.954261 0.026455 -0.297801
vn 0.940538 0.069921 -0.332416
vn 0.943471 0.029331 0.330154
vn 0.926352 0.006203 0.376608
vn -0.774884 0.039168 0.630889
vn -0.735969 0.035686 0.676074
vn -0.797424 0.001622 0.603418
vn -0.636943 0.023415 0.770555
vn 0.050050 0.028632 0.998336
vn 0.031813 -0.063739 0.997459
vn -0.933002 -0.061759 0.354533
vn -0.682335 0.020646 0.730748
vn -0.104839 0.985999 0.129669
vn 0.056453 0.938490 0.340660
vn -0.064781 0.970691 0.231436
vn -0.150763 0.955742 0.252642
vn -0.279513 0.952079 0.124171
vn 0.628479 0.035424 0.777020
vn 0.429028 0.041448 0.902340
vn 0.255056 0.010441 0.966870
vn 0.469713 0.043949 0.881725
vn -0.107959 0.021175 0.993930
vn -0.256244 -0.006671 0.966589
vn 0.255056 0.010441 0.966870
vn 0.429028 0.041448 0.902340
vn -0.107959 0.021175 0.993930
vn -0.325784 -0.014020 0.945340
vn -0.515476 -0.000426 0.856904
vn -0.256244 -0.006671 0.966589
vn 0.821387 -0.039885 -0.568975
vn 0.978804 -0.004908 -0.204743
vn 0.984775 0.027828 -0.171589
vn 0.835989 0.008926 -0.548674
vn 0.978804 -0.004908 -0.204743
vn 0.967887 0.037467 0.248576
vn 0.972826 0.040898 0.227899
vn 0.984775 0.027828 -0.171589
vn 0.178225 -0.017974 0.983826
vn 0.342680 0.012710 0.939366
vn 0.626958 0.005042 0.779037
vn 0.458688 -0.036821 0.887834
vn -0.991792 -0.063552 0.110951
vn -0.991792 -0.063552 0.110951
vn -0.991792 -0.063552 0.110951
vn -0.355365 -0.024343 0.934411
vn -0.471675 -0.032518 0.881173
vn -0.084294 0.010420 0.996386
vn -0.230654 -0.018733 0.972856
vn 0.998553 0.023142 -0.048544
vn 0.996980 0.018381 -0.075448
vn 0.913274 0.043383 -0.405030
vn 0.866532 0.059541 -0.495558
vn 0.931330 -0.008435 0.364078
vn 0.972658 0.011315 0.231966
vn 0.996980 0.018381 -0.075448
vn 0.998553 0.023142 -0.048544
vn 0.021858 -0.998733 -0.045318
vn 0.027317 -0.998737 -0.042175
vn 0.031585 -0.998762 -0.038439
vn 0.030908 -0.998862 -0.036330
vn 0.028602 -0.998829 -0.039012
vn -0.034956 0.999232 0.017707
vn -0.033979 0.999273 0.017280
vn -0.033930 0.999260 0.018104
vn -0.032067 0.999318 0.018319
vn -0.033103 0.999318 0.016337
vn -0.029785 0.999466 0.013445
vn -0.027969 0.999595 0.005278
vn -0.031179 0.999396 0.015341
vn 0.178225 -0.017974 0.983826
vn 0.458688 -0.036821 0.887834
vn 0.469713 0.043949 0.881725
vn 0.255056 0.010441 0.966870
vn 0.255056 0.010441 0.966870
vn -0.256244 -0.006671 0.966589
vn -0.230654 -0.018733 0.972856
vn -0.151782 -0.011148 0.988351
vn 0.178225 -0.017974 0.983826
vn -0.355365 -0.024343 0.934411
vn -0.230654 -0.018733 0.972856
vn -0.256244 -0.006671 0.966589
vn -0.515476 -0.000426 0.856904
vn 0.984775 0.027828 -0.171589
vn 0.998553 0.023142 -0.048544
vn 0.866532 0.059541 -0.495558
vn 0.835989 0.008926 -0.548674
vn 0.972826 0.040898 0.227899
vn 0.931330 -0.008435 0.364078
vn 0.998553 0.023142 -0.048544
vn 0.984775 0.027828 -0.171589
vn -0.713065 -0.029828 -0.700464
vn -0.751291 -0.019244 -0.659691
vn -0.874281 -0.018632 -0.485063
vn -0.750235 -0.054487 -0.658923
vn -0.639453 -0.013410 -0.768713
vn -0.560916 -0.023172 -0.827548
vn -0.751291 -0.019244 -0.659691
vn -0.713065 -0.029828 -0.700464
vn -0.032536 0.000864 0.999470
vn 0.342680 0.012710 0.939366
vn 0.178225 -0.017974 0.983826
vn -0.151782 -0.011148 0.988351
vn 0.745554 0.000456 0.666445
vn 0.745554 0.000456 0.666445
vn 0.745554 0.000456 0.666445
vn -0.488606 0.006720 -0.872479
vn -0.453396 0.022129 -0.891035
vn -0.610070 -0.030594 -0.791757
vn -0.627017 -0.035344 -0.778204
vn -0.673345 -0.024223 -0.738932
vn -0.734624 -0.017012 -0.678261
vn -0.811154 -0.041935 -0.583327
vn -0.784224 -0.007474 -0.620433
vn -0.627017 -0.035344 -0.778204
vn -0.610070 -0.030594 -0.791757
vn -0.579696 -0.008553 -0.814788
vn -0.582522 -0.007530 -0.812780
vn -0.560916 -0.023172 -0.827548
vn -0.545784 -0.020826 -0.837667
vn -0.673345 -0.024223 -0.738932
vn -0.751291 -0.019244 -0.659691
vn -0.673345 -0.024223 -0.738932
vn -0.784224 -0.007474 -0.620433
vn -0.874281 -0.018632 -0.485063
vn -0.751291 -0.019244 -0.659691
vn -0.579696 -0.008553 -0.814788
vn -0.469638 -0.034443 -0.882187
vn -0.480911 -0.032137 -0.876181
vn -0.582522 -0.007530 -0.812780
vn -0.545784 -0.020826 -0.837667
vn -0.664221 0.022858 -0.747187
vn -0.734624 -0.017012 -0.678261
vn -0.673345 -0.024223 -0.738932
vn -0.230654 -0.018733 0.972856
vn -0.084294 0.010420 0.996386
vn 0.254588 0.038023 0.966302
vn -0.151782 -0.011148 0.988351
vn 0.802859 0.107425 -0.586410
vn 0.905830 0.108800 -0.409433
vn 0.930359 0.060616 -0.361605
vn 0.819119 0.077963 -0.568300
vn 0.981277 0.168116 0.093983
vn 0.989651 0.072030 0.124104
vn 0.845958 0.033747 -0.532181
vn 0.971794 0.153083 -0.179393
vn 0.981277 0.168116 0.093983
vn 0.914390 0.168009 0.368325
vn 0.923316 0.073866 0.376869
vn 0.989651 0.072030 0.124104
vn -0.130107 -0.117771 -0.984481
vn 0.070684 -0.061185 -0.995621
vn 0.116994 -0.030288 -0.992671
vn -0.124961 -0.066947 -0.989900
vn 0.070684 -0.061185 -0.995621
vn 0.379824 0.064704 -0.922793
vn 0.344121 0.014988 -0.938806
vn 0.116994 -0.030288 -0.992671
vn 0.989282 -0.005455 -0.145916
vn 0.951334 0.006803 -0.308086
vn 0.809675 -0.013012 -0.586734
vn 0.897391 -0.041359 -0.439293
vn -0.043928 -0.024115 0.998744
vn 0.983477 0.022646 0.179608
vn 0.980794 -0.000077 0.195046
vn -0.059096 -0.024547 0.997950
vn 0.920228 0.008001 0.391300
vn 0.841498 -0.007089 0.540214
vn 0.991429 0.021167 0.128917
vn 0.963083 0.014888 0.268791
vn 0.197292 -0.023012 -0.980075
vn 0.172755 -0.028910 -0.984541
vn -0.055737 -0.017309 -0.998295
vn -0.135712 0.000829 -0.990748
vn 0.474570 -0.036326 -0.879468
vn 0.366042 -0.023150 -0.930310
vn 0.172755 -0.028910 -0.984541
vn 0.197292 -0.023012 -0.980075
vn -0.043459 -0.998985 0.011831
vn -0.041343 -0.999080 0.011442
vn -0.036786 -0.999298 0.007033
vn -0.034947 -0.999359 0.007814
vn -0.035605 -0.999333 0.008142
vn 0.017695 0.999829 -0.005351
vn 0.014832 0.999877 -0.005037
vn 0.015179 0.999872 -0.005130
vn 0.017783 0.999837 -0.003210
vn 0.023449 0.999706 -0.006137
vn 0.930359 0.060616 -0.361605
vn 0.989282 -0.005455 -0.145916
vn 0.897391 -0.041359 -0.439293
vn 0.819119 0.077963 -0.568300
vn 0.983477 0.022646 0.179608
vn 0.989282 -0.005455 -0.145916
vn 0.930359 0.060616 -0.361605
vn 0.898099 0.097234 0.428910
vn 0.994186 0.105155 0.023177
vn 0.845958 0.033747 -0.532181
vn 0.989651 0.072030 0.124104
vn 0.963083 0.014888 0.268791
vn 0.985423 0.000011 0.170122
vn 0.980794 -0.000077 0.195046
vn 0.923316 0.073866 0.376869
vn 0.920228 0.008001 0.391300
vn 0.963083 0.014888 0.268791
vn 0.989651 0.072030 0.124104
vn 0.116994 -0.030288 -0.992671
vn 0.197292 -0.023012 -0.980075
vn -0.135712 0.000829 -0.990748
vn -0.124961 -0.066947 -0.989900
vn 0.344121 0.014988 -0.938806
vn 0.474570 -0.036326 -0.879468
vn 0.197292 -0.023012 -0.980075
vn 0.116994 -0.030288 -0.992671
vn -0.457505 0.010510 0.889145
vn -0.456788 0.012569 0.889487
vn -0.352776 0.010613 0.935648
vn -0.362751 0.006993 0.931860
vn -0.256235 -0.002228 0.966612
vn -0.761111 -0.018155 0.648367
vn -0.362751 0.006993 0.931860
vn -0.352776 0.010613 0.935648
vn -0.638489 0.039261 -0.768629
vn -0.638489 0.039261 -0.768629
vn -0.982087 -0.018752 0.187490
vn -0.986812 -0.064713 0.148372
vn -0.952109 -0.176598 0.249602
vn -0.998017 -0.059825 0.019554
vn -0.995127 -0.024072 0.095613
vn 0.998728 0.010294 0.049360
vn 0.951334 0.006803 -0.308086
vn 0.989282 -0.005455 -0.145916
vn 0.983477 0.022646 0.179608
vn 0.985423 0.000011 0.170122
vn 0.717578 -0.005525 -0.696456
vn 0.724027 -0.006158 -0.689744
vn 0.980794 -0.000077 0.195046
vn -0.997279 0.007518 0.073333
vn -0.986077 0.000889 0.166288
vn -0.990027 0.022432 -0.139082
vn -0.870147 0.039747 -0.491187
vn -0.986077 0.000889 0.166288
vn -0.986461 0.017863 0.163022
vn -0.725592 0.013378 0.687995
vn -0.990027 0.022432 -0.139082
vn 0.927912 -0.034713 0.371180
vn 0.927912 -0.034713 0.371180
vn 0.927912 -0.034713 0.371180
vn -0.332628 0.006703 0.943034
vn -0.219037 0.024584 0.975407
vn -0.302300 0.010995 0.953149
vn -0.425239 -0.007623 0.905049
vn -0.870147 0.039747 -0.491187
vn -0.990027 0.022432 -0.139082
vn -0.995127 -0.024072 0.095613
vn -0.998017 -0.059825 0.019554
vn -0.761111 -0.018155 0.648367
vn -0.725592 0.013378 0.687995
vn -0.332628 0.006703 0.943034
vn -0.362751 0.006993 0.931860
vn -0.332628 0.006703 0.943034
vn -0.425239 -0.007623 0.905049
vn -0.457505 0.010510 0.889145
vn -0.362751 0.006993 0.931860
vn 0.994186 0.105155 0.023177
vn 0.278459 0.036860 -0.959740
vn 0.306400 0.037030 -0.951182
vn 0.845958 0.033747 -0.532181
vn 0.930359 0.060616 -0.361605
vn 0.905830 0.108800 -0.409433
vn 0.979486 0.137677 -0.147146
vn 0.898099 0.097234 0.428910
vn 0.898099 0.097234 0.428910
vn 0.696960 0.244002 0.674322
vn 0.679034 0.236382 0.695008
vn 0.994186 0.105155 0.023177
vn -0.984669 -0.018703 0.173428
vn -0.986812 -0.064713 0.148372
vn -0.995127 -0.024072 0.095613
vn -0.982087 -0.018752 0.187490
vn -0.982087 -0.018752 0.187490
vn -0.761111 -0.018155 0.648367
vn -0.990526 -0.052228 0.127004
vn -0.987802 -0.065917 0.141075
vn -0.995127 -0.024072 0.095613
vn -0.990027 0.022432 -0.139082
vn -0.725592 0.013378 0.687995
vn -0.761111 -0.018155 0.648367
vn -0.982087 -0.018752 0.187490
vn -0.982087 -0.018752 0.187490
vn -0.366678 0.114546 0.923270
vn -0.366677 0.114546 0.923270
vn -0.151867 0.031207 0.987908
vn -0.219037 0.024584 0.975407
vn -0.332628 0.006703 0.943034
vn -0.979302 -0.010891 0.202111
vn -0.979302 -0.010891 0.202111
vn -0.979302 -0.010891 0.202111
vn -0.725592 0.013378 0.687995
vn -0.169505 0.055009 0.983993
vn -0.185412 0.050758 0.981349
vn -0.332628 0.006703 0.943034
vn 0.963083 0.014888 0.268791
vn 0.991429 0.021167 0.128917
vn 0.968254 0.035093 -0.247491
vn 0.985423 0.000011 0.170122
vn 0.998243 0.013788 -0.057627
vn 0.824483 0.032274 0.564966
vn 0.902919 0.041620 0.427791
vn 0.997502 0.042669 0.056292
vn 0.824483 0.032274 0.564966
vn 0.592903 0.035469 0.804493
vn 0.640904 0.041808 0.766482
vn 0.902919 0.041620 0.427791
vn 0.592903 0.035469 0.804493
vn 0.379122 0.018925 0.925153
vn 0.044497 0.041515 0.998147
vn 0.640904 0.041808 0.766482
vn 0.379122 0.018925 0.925153
vn -0.058062 0.005729 0.998297
vn -0.345406 0.032088 0.937905
vn 0.044497 0.041515 0.998147
vn -0.058062 0.005729 0.998297
vn -0.514581 0.001594 0.857440
vn -0.527838 0.020275 0.849103
vn -0.345406 0.032088 0.937905
vn -0.514581 0.001594 0.857440
vn -0.901576 -0.000494 0.432620
vn -0.857229 0.017541 0.514637
vn -0.527838 0.020275 0.849103
vn -0.901576 -0.000494 0.432620
vn -0.999841 -0.016744 -0.006056
vn -0.993973 0.010476 -0.109121
vn -0.857229 0.017541 0.514637
vn -0.999841 -0.016744 -0.006056
vn -0.900940 -0.030149 -0.432895
vn -0.850656 0.000358 -0.525722
vn -0.993973 0.010476 -0.109121
vn -0.900940 -0.030149 -0.432895
vn -0.722303 -0.036064 -0.690636
vn -0.618835 -0.013242 -0.785409
vn -0.850656 0.000358 -0.525722
vn -0.722303 -0.036064 -0.690636
vn -0.285350 -0.025123 -0.958094
vn -0.302744 -0.043526 -0.952077
vn -0.618835 -0.013242 -0.785409
vn -0.285350 -0.025123 -0.958094
vn 0.293711 -0.008835 -0.955853
vn 0.265255 -0.035261 -0.963533
vn -0.302744 -0.043526 -0.952077
vn 0.293711 -0.008835 -0.955853
vn 0.618168 -0.004901 -0.786031
vn 0.629261 -0.011278 -0.777112
vn 0.265255 -0.035261 -0.963533
vn 0.618168 -0.004901 -0.786031
vn 0.904253 0.015546 -0.426714
vn 0.814977 -0.011373 -0.579382
vn 0.629261 -0.011278 -0.777112
vn 0.904253 0.015546 -0.426714
vn 0.998243 0.013788 -0.057627
vn 0.997502 0.042669 0.056292
vn 0.814977 -0.011373 -0.579382
vn 0.997502 0.042669 0.056292
vn 0.902919 0.041620 0.427791
vn 0.898473 0.064810 0.434218
vn 0.998776 0.025557 -0.042352
vn 0.902919 0.041620 0.427791
vn 0.640904 0.041808 0.766482
vn 0.629015 0.055742 0.775392
vn 0.898473 0.064810 0.434218
vn 0.640904 0.041808 0.766482
vn 0.044497 0.041515 0.998147
vn 0.098712 0.025572 0.994787
vn 0.629015 0.055742 0.775392
vn 0.044497 0.041515 0.998147
vn -0.345406 0.032088 0.937905
vn -0.290444 0.027594 0.956494
vn 0.098712 0.025572 0.994787
vn -0.345406 0.032088 0.937905
vn -0.527838 0.020275 0.849103
vn -0.526144 0.037075 0.849587
vn -0.290444 0.027594 0.956494
vn -0.527838 0.020275 0.849103
vn -0.857229 0.017541 0.514637
vn -0.858106 0.038808 0.512004
vn -0.526144 0.037075 0.849587
vn -0.857229 0.017541 0.514637
vn -0.993973 0.010476 -0.109121
vn -0.993983 0.031317 -0.104964
vn -0.858106 0.038808 0.512004
vn -0.993973 0.010476 -0.109121
vn -0.850656 0.000358 -0.525722
vn -0.867764 0.018433 -0.496635
vn -0.993983 0.031317 -0.104964
vn -0.850656 0.000358 -0.525722
vn -0.618835 -0.013242 -0.785409
vn -0.661707 0.000573 -0.749762
vn -0.867764 0.018433 -0.496635
vn -0.618835 -0.013242 -0.785409
vn -0.302744 -0.043526 -0.952077
vn -0.160810 -0.021652 -0.986748
vn -0.661707 0.000573 -0.749762
vn -0.302744 -0.043526 -0.952077
vn 0.265255 -0.035261 -0.963533
vn 0.275777 -0.059619 -0.959371
vn -0.160810 -0.021652 -0.986748
vn 0.265255 -0.035261 -0.963533
vn 0.629261 -0.011278 -0.777112
vn 0.643820 -0.018014 -0.764965
vn 0.275777 -0.059619 -0.959371
vn 0.629261 -0.011278 -0.777112
vn 0.814977 -0.011373 -0.579382
vn 0.824671 -0.012001 -0.565485
vn 0.643820 -0.018014 -0.764965
vn 0.814977 -0.011373 -0.579382
vn 0.997502 0.042669 0.056292
vn 0.998776 0.025557 -0.042352
vn 0.824671 -0.012001 -0.565485
vn 0.116677 0.992638 -0.032487
vn 0.060106 0.997823 -0.027153
vn -0.003277 0.999970 -0.006955
vn 0.087782 0.991731 -0.093612
vn 0.227360 0.941704 0.247994
vn 0.069503 -0.995736 0.060659
vn -0.110102 -0.965034 0.237880
vn 0.051240 -0.998328 0.026748
vn 0.003054 -0.999928 0.011627
vn 0.052231 -0.998589 -0.009592
vn -0.063710 -0.985164 -0.159351
vn 0.075290 -0.994863 -0.067675
vn 0.256878 -0.677886 -0.688829
vn 0.099790 -0.993825 -0.048508
vn 0.107436 -0.994099 -0.015013
vn 0.093058 -0.995594 0.011541
vn 0.387802 -0.901612 0.191586
vn 0.102732 -0.993238 0.054072
vn 0.127724 -0.953106 0.274365
vn -0.674087 -0.013045 -0.738537
vn -0.475717 -0.023192 -0.879292
vn -0.714349 -0.074210 -0.695843
vn -0.856619 -0.006528 -0.515907
vn -0.166666 0.015962 -0.985884
vn -0.475717 -0.023192 -0.879292
vn -0.674087 -0.013045 -0.738537
vn -0.225151 -0.011122 -0.974260
vn -0.086320 0.017564 -0.996113
vn -0.225151 -0.011122 -0.974260
vn 0.014602 -0.001171 -0.999893
vn 0.032471 0.016516 -0.999336
vn -0.086320 0.017564 -0.996113
vn -0.604270 -0.051609 0.795106
vn -0.872132 -0.048409 0.486870
vn -0.936875 -0.050022 0.346067
vn -0.673914 -0.008357 0.738762
vn -0.872132 -0.048409 0.486870
vn -0.997148 -0.035870 0.066395
vn -0.996463 -0.067972 -0.049414
vn -0.936875 -0.050022 0.346067
vn -0.475717 -0.023192 -0.879292
vn -0.618010 -0.020383 -0.785906
vn -0.832555 -0.054768 -0.551229
vn -0.714349 -0.074210 -0.695843
vn 0.909468 0.004039 -0.415754
vn 0.909468 0.004039 -0.415754
vn 0.909468 0.004039 -0.415754
vn 0.032471 0.016516 -0.999336
vn 0.174066 -0.007611 -0.984705
vn -0.231852 0.011938 -0.972678
vn -0.086320 0.017564 -0.996113
vn -0.936875 -0.050022 0.346067
vn -0.920527 -0.059046 0.386192
vn -0.738329 -0.016606 0.674237
vn -0.673914 -0.008357 0.738762
vn -0.996463 -0.067972 -0.049414
vn -0.994252 -0.067367 0.083216
vn -0.920527 -0.059046 0.386192
vn -0.936875 -0.050022 0.346067
vn 0.054816 -0.998088 0.028574
vn 0.049639 -0.998389 0.027494
vn 0.045265 -0.998646 0.025630
vn 0.045256 -0.998693 0.023769
vn 0.047794 -0.998537 0.025306
vn -0.037169 0.999259 -0.009973
vn -0.037835 0.999240 -0.009377
vn -0.038092 0.999224 -0.010020
vn -0.039633 0.999167 -0.009703
vn -0.038281 0.999232 -0.008392
vn -0.040178 0.999179 -0.005216
vn -0.039489 0.999218 0.001774
vn -0.039563 0.999192 -0.007094
vn 0.920829 0.039558 0.387956
vn 0.890187 0.039088 0.453915
vn 0.869032 0.015385 0.494516
vn 0.940706 0.023235 0.338426
vn 0.850504 0.036329 0.524713
vn 0.782168 0.019596 0.622760
vn 0.869032 0.015385 0.494516
vn 0.890187 0.039088 0.453915
vn -0.279180 -0.004146 -0.960230
vn -0.618010 -0.020383 -0.785906
vn -0.475717 -0.023192 -0.879292
vn -0.166666 0.015962 -0.985884
vn -0.914048 -0.065416 -0.400297
vn -0.914048 -0.065416 -0.400297
vn -0.914048 -0.065416 -0.400297
vn 0.739555 0.052043 0.671081
vn 0.705784 0.070386 0.704922
vn 0.824604 0.013402 0.565551
vn 0.837629 0.004968 0.546217
vn 0.869032 0.015385 0.494516
vn 0.907746 0.043250 0.417284
vn 0.953155 0.020258 0.301804
vn 0.940706 0.023235 0.338426
vn 0.837629 0.004968 0.546217
vn 0.824604 0.013402 0.565551
vn 0.730184 0.029594 0.682609
vn 0.722047 0.030287 0.691181
vn 0.782168 0.019596 0.622760
vn 0.860188 0.087144 0.502477
vn 0.907746 0.043250 0.417284
vn 0.869032 0.015385 0.494516
vn -0.086320 0.017564 -0.996113
vn -0.231852 0.011938 -0.972678
vn -0.541771 0.016457 -0.840365
vn -0.166666 0.015962 -0.985884
vn 0.345981 -0.060911 0.936262
vn 0.782641 -0.111216 0.612458
vn 0.806756 -0.054518 0.588364
vn 0.328974 -0.012726 0.944253
vn 0.782641 -0.111216 0.612458
vn 0.983972 -0.089660 0.154143
vn 0.992298 -0.055992 0.110494
vn 0.806756 -0.054518 0.588364
vn 0.983972 -0.089660 0.154143
vn 0.923245 -0.091591 -0.373135
vn 0.920858 -0.063599 -0.384675
vn 0.992298 -0.055992 0.110494
vn 0.923245 -0.091591 -0.373135
vn 0.324184 -0.036705 -0.945282
vn 0.384859 -0.031797 -0.922427
vn 0.920858 -0.063599 -0.384675
vn 0.324184 -0.036705 -0.945282
vn 0.337314 0.043958 -0.940365
vn 0.083848 -0.030051 -0.996025
vn 0.384859 -0.031797 -0.922427
vn 0.337314 0.043958 -0.940365
vn 0.283222 0.083643 -0.955400
vn -0.041232 -0.026086 -0.998809
vn 0.083848 -0.030051 -0.996025
vn 0.283222 0.083643 -0.955400
vn -0.600530 -0.012761 -0.799501
vn -0.609593 0.009434 -0.792659
vn -0.041232 -0.026086 -0.998809
vn -0.866773 -0.004663 -0.498681
vn -0.971955 0.065965 -0.225724
vn -0.989810 0.037956 -0.137239
vn -0.893141 0.013958 -0.449560
vn -0.971955 0.065965 -0.225724
vn -0.957484 0.120858 0.261950
vn -0.946566 0.081216 0.312116
vn -0.989810 0.037956 -0.137239
vn -0.957484 0.120858 0.261950
vn -0.642436 0.113125 0.757944
vn -0.609663 0.081801 0.788428
vn -0.946566 0.081216 0.312116
vn -0.642436 0.113125 0.757944
vn -0.192640 0.048435 0.980073
vn -0.164992 0.043146 0.985351
vn -0.609663 0.081801 0.788428
vn -0.192640 0.048435 0.980073
vn 0.345981 -0.060911 0.936262
vn 0.328974 -0.012726 0.944253
vn -0.164992 0.043146 0.985351
vn 0.840301 0.033090 0.541110
vn 0.908806 0.103094 0.404282
vn 0.481438 0.057126 0.874616
vn 0.460431 0.026995 0.887285
vn 0.988678 0.069553 0.132961
vn 0.990027 0.140875 -0.001090
vn 0.908806 0.103094 0.404282
vn 0.840301 0.033090 0.541110
vn 0.904648 0.087206 -0.417141
vn 0.905601 0.128142 -0.404310
vn 0.990027 0.140875 -0.001090
vn 0.988678 0.069553 0.132961
vn 0.453161 0.037414 -0.890643
vn 0.492094 0.053932 -0.868870
vn 0.905601 0.128142 -0.404310
vn 0.904648 0.087206 -0.417141
vn -0.021752 -0.003648 -0.999757
vn -0.033998 -0.033318 -0.998866
vn 0.492094 0.053932 -0.868870
vn 0.453161 0.037414 -0.890643
vn -0.660829 -0.068564 -0.747398
vn -0.033998 -0.033318 -0.998866
vn -0.021752 -0.003648 -0.999757
vn -0.459810 0.030272 -0.887501
vn -0.881975 -0.048886 -0.468755
vn -0.660829 -0.068564 -0.747398
vn -0.459810 0.030272 -0.887501
vn -0.772268 0.044567 -0.633731
vn -0.919730 0.058671 -0.388142
vn -0.826530 -0.074156 -0.557986
vn -0.769150 -0.048863 -0.637197
vn -0.809039 0.039823 -0.586404
vn -0.985555 0.039001 -0.164802
vn -0.815054 -0.037061 -0.578199
vn -0.911561 -0.037522 0.409448
vn -0.815054 -0.037061 -0.578199
vn -0.985555 0.039001 -0.164802
vn -0.637282 -0.022077 0.770314
vn -0.966112 -0.031960 0.256137
vn -0.955685 -0.032532 0.292587
vn -0.984402 -0.025699 0.174047
vn -0.637282 -0.022077 0.770314
vn -0.984402 -0.025699 0.174047
vn -0.748834 -0.087770 0.656920
vn -0.665823 -0.102749 0.739001
vn -0.233385 -0.008216 0.972350
vn -0.180422 0.009593 0.983543
vn 0.460431 0.026995 0.887285
vn 0.481438 0.057126 0.874616
vn -0.180422 0.009593 0.983543
vn -0.233385 -0.008216 0.972350
vn 0.058027 -0.997850 0.030483
vn 0.060392 -0.997368 0.040133
vn 0.061006 -0.997320 0.040390
vn 0.061992 -0.997368 0.037605
vn 0.066141 -0.997159 0.036040
vn 0.059562 -0.997470 0.038801
vn 0.060310 -0.997414 0.039081
vn 0.055509 -0.997935 0.032331
vn 0.052704 -0.998610 0.000252
vn -0.600530 -0.012761 -0.799501
vn -0.866773 -0.004663 -0.498681
vn -0.893141 0.013958 -0.449560
vn -0.609593 0.009434 -0.792659
vn -0.135889 -0.036376 -0.990056
vn -0.778901 -0.044174 -0.625589
vn -0.881975 -0.048886 -0.468755
vn -0.769150 -0.048863 -0.637197
vn -0.966112 -0.031960 0.256137
vn -0.826530 -0.074156 -0.557986
vn -0.919730 0.058671 -0.388142
vn -0.955685 -0.032532 0.292587
vn -0.911561 -0.037522 0.409448
vn -0.665823 -0.102749 0.739001
vn -0.748834 -0.087770 0.656920
vn 0.806756 -0.054518 0.588364
vn 0.840301 0.033090 0.541110
vn 0.460431 0.026995 0.887285
vn 0.328974 -0.012726 0.944253
vn 0.992298 -0.055992 0.110494
vn 0.988678 0.069553 0.132961
vn 0.840301 0.033090 0.541110
vn 0.806756 -0.054518 0.588364
vn 0.920858 -0.063599 -0.384675
vn 0.904648 0.087206 -0.417141
vn 0.988678 0.069553 0.132961
vn 0.992298 -0.055992 0.110494
vn 0.384859 -0.031797 -0.922427
vn 0.453161 0.037414 -0.890643
vn 0.904648 0.087206 -0.417141
vn 0.920858 -0.063599 -0.384675
vn 0.083848 -0.030051 -0.996025
vn -0.021752 -0.003648 -0.999757
vn 0.453161 0.037414 -0.890643
vn 0.384859 -0.031797 -0.922427
vn -0.041232 -0.026086 -0.998809
vn -0.459810 0.030272 -0.887501
vn -0.021752 -0.003648 -0.999757
vn 0.083848 -0.030051 -0.996025
vn -0.609593 0.009434 -0.792659
vn -0.772268 0.044567 -0.633731
vn -0.459810 0.030272 -0.887501
vn -0.041232 -0.026086 -0.998809
vn -0.989810 0.037956 -0.137239
vn -0.985555 0.039001 -0.164802
vn -0.809039 0.039823 -0.586404
vn -0.893141 0.013958 -0.449560
vn -0.911561 -0.037522 0.409448
vn -0.985555 0.039001 -0.164802
vn -0.989810 0.037956 -0.137239
vn -0.946566 0.081216 0.312116
vn -0.609663 0.081801 0.788428
vn -0.665823 -0.102749 0.739001
vn -0.911561 -0.037522 0.409448
vn -0.946566 0.081216 0.312116
vn -0.164992 0.043146 0.985351
vn -0.233385 -0.008216 0.972350
vn -0.665823 -0.102749 0.739001
vn -0.609663 0.081801 0.788428
vn 0.328974 -0.012726 0.944253
vn 0.460431 0.026995 0.887285
vn -0.233385 -0.008216 0.972350
vn -0.164992 0.043146 0.985351
vn -0.893141 0.013958 -0.449560
vn -0.809039 0.039823 -0.586404
vn -0.772268 0.044567 -0.633731
vn -0.609593 0.009434 -0.792659
vn 0.908806 0.103094 0.404282
vn 0.782593 0.065508 0.619078
vn 0.375781 0.060929 0.924704
vn 0.481438 0.057126 0.874616
vn 0.990027 0.140875 -0.001090
vn 0.994479 0.075283 0.073103
vn 0.782593 0.065508 0.619078
vn 0.908806 0.103094 0.404282
vn 0.905601 0.128142 -0.404310
vn 0.925697 0.064613 -0.372707
vn 0.994479 0.075283 0.073103
vn 0.990027 0.140875 -0.001090
vn 0.492094 0.053932 -0.868870
vn 0.675191 0.023642 -0.737264
vn 0.925697 0.064613 -0.372707
vn 0.905601 0.128142 -0.404310
vn -0.033998 -0.033318 -0.998866
vn -0.017042 -0.031963 -0.999344
vn 0.675191 0.023642 -0.737264
vn 0.492094 0.053932 -0.868870
vn -0.660829 -0.068564 -0.747398
vn -0.875098 -0.070918 -0.478721
vn -0.017042 -0.031963 -0.999344
vn -0.033998 -0.033318 -0.998866
vn -0.881975 -0.048886 -0.468755
vn -0.778901 -0.044174 -0.625589
vn -0.875098 -0.070918 -0.478721
vn -0.660829 -0.068564 -0.747398
vn -0.826530 -0.074156 -0.557986
vn -0.734554 -0.101040 -0.670985
vn -0.135889 -0.036376 -0.990056
vn -0.769150 -0.048863 -0.637197
vn -0.637282 -0.022077 0.770314
vn -0.618782 -0.028712 0.785038
vn -0.943277 -0.072596 0.323972
vn -0.966112 -0.031960 0.256137
vn -0.180422 0.009593 0.983543
vn -0.145994 0.026470 0.988931
vn -0.618782 -0.028712 0.785038
vn -0.637282 -0.022077 0.770314
vn 0.481438 0.057126 0.874616
vn 0.375781 0.060929 0.924704
vn -0.145994 0.026470 0.988931
vn -0.180422 0.009593 0.983543
vn -0.772268 0.044567 -0.633731
vn -0.809039 0.039823 -0.586404
vn -0.769150 -0.048863 -0.637197
vn -0.881975 -0.048886 -0.468755
vn -0.966112 -0.031960 0.256137
vn -0.943277 -0.072596 0.323972
vn -0.734554 -0.101040 -0.670985
vn -0.826530 -0.074156 -0.557986
vn -0.179784 0.979905 -0.086399
vn -0.328972 0.940575 0.084232
vn -0.257308 0.965653 -0.036153
vn -0.288865 0.951720 -0.103852
vn -0.203415 0.950897 -0.233274
vn -0.244847 -0.012621 0.969480
vn -0.467164 0.005810 0.884152
vn -0.622285 -0.013099 0.782681
vn -0.424532 0.005452 0.905397
vn -0.860594 0.020405 0.508883
vn -0.928020 0.004152 0.372506
vn -0.622285 -0.013099 0.782681
vn -0.467164 0.005810 0.884152
vn -0.860594 0.020405 0.508883
vn -0.952654 0.001607 0.304051
vn -0.994626 0.027612 0.099779
vn -0.928020 0.004152 0.372506
vn 0.945475 -0.087524 0.313715
vn 0.748410 -0.066806 0.659863
vn 0.726809 -0.036197 0.685886
vn 0.939251 -0.042429 0.340599
vn 0.748410 -0.066806 0.659863
vn 0.379950 -0.028819 0.924558
vn 0.400166 -0.025624 0.916084
vn 0.726809 -0.036197 0.685886
vn -0.683404 -0.035136 0.729194
vn -0.546429 -0.016366 0.837346
vn -0.247955 -0.040306 0.967933
vn -0.439352 -0.070721 0.895527
vn -0.683243 0.003228 -0.730184
vn -0.683243 0.003228 -0.730184
vn -0.683243 0.003228 -0.730184
vn -0.961562 -0.006497 0.274510
vn -0.988981 -0.006082 0.147914
vn -0.847577 0.008683 0.530601
vn -0.918292 -0.009085 0.395799
vn 0.636360 -0.042321 0.770230
vn 0.655470 -0.046607 0.753781
vn 0.870676 -0.015915 0.491599
vn 0.916465 0.003452 0.400101
vn 0.263414 -0.071069 0.962061
vn 0.395216 -0.053876 0.917007
vn 0.655470 -0.046607 0.753781
vn 0.636360 -0.042321 0.770230
vn -0.000011 -0.997298 -0.073459
vn -0.014440 -0.996417 -0.083330
vn 0.007636 -0.996876 -0.078619
vn 0.028692 -0.995409 -0.091312
vn -0.000531 -0.996970 -0.077790
vn 0.012094 -0.997010 -0.076319
vn 0.012869 -0.997480 -0.069771
vn 0.012397 -0.997882 -0.063853
vn 0.010189 -0.997955 -0.063104
vn 0.011008 -0.997711 -0.066719
vn 0.004842 -0.997853 -0.065322
vn 0.002949 0.998841 0.048051
vn 0.003920 0.998810 0.048603
vn 0.003260 0.998785 0.049162
vn 0.004249 0.998697 0.050862
vn 0.005265 0.998798 0.048739
vn 0.009785 0.998715 0.049725
vn 0.017803 0.998777 0.046130
vn 0.007314 0.998735 0.049743
vn -0.683404 -0.035136 0.729194
vn -0.439352 -0.070721 0.895527
vn -0.424532 0.005452 0.905397
vn -0.622285 -0.013099 0.782681
vn -0.622285 -0.013099 0.782681
vn -0.928020 0.004152 0.372506
vn -0.918292 -0.009085 0.395799
vn -0.883160 -0.007247 0.469015
vn -0.683404 -0.035136 0.729194
vn -0.961562 -0.006497 0.274510
vn -0.918292 -0.009085 0.395799
vn -0.928020 0.004152 0.372506
vn -0.994626 0.027612 0.099779
vn 0.726809 -0.036197 0.685886
vn 0.636360 -0.042321 0.770230
vn 0.916465 0.003452 0.400101
vn 0.939251 -0.042429 0.340599
vn 0.400166 -0.025624 0.916084
vn 0.263414 -0.071069 0.962061
vn 0.636360 -0.042321 0.770230
vn 0.726809 -0.036197 0.685886
vn 0.135045 0.022359 -0.990587
vn 0.079750 0.034718 -0.996210
vn -0.135058 0.042179 -0.989940
vn 0.078207 0.001226 -0.996936
vn 0.233051 0.034036 -0.971869
vn 0.327416 0.019868 -0.944671
vn 0.079750 0.034718 -0.996210
vn 0.135045 0.022359 -0.990587
vn -0.820093 -0.003715 0.572219
vn -0.546429 -0.016366 0.837346
vn -0.683404 -0.035136 0.729194
vn -0.883160 -0.007247 0.469015
vn -0.089112 -0.052313 0.994647
vn -0.089112 -0.052313 0.994647
vn -0.089112 -0.052313 0.994647
vn 0.409528 0.044349 -0.911219
vn 0.444463 0.056295 -0.894027
vn 0.268151 0.015341 -0.963255
vn 0.247922 0.012217 -0.968703
vn 0.189709 0.025380 -0.981512
vn 0.104076 0.036353 -0.993905
vn -0.018647 0.016713 -0.999686
vn 0.028947 0.048185 -0.998419
vn 0.247922 0.012217 -0.968703
vn 0.268151 0.015341 -0.963255
vn 0.306549 0.034967 -0.951212
vn 0.303463 0.035951 -0.952165
vn 0.327416 0.019868 -0.944671
vn 0.345519 0.020755 -0.938182
vn 0.189709 0.025380 -0.981512
vn 0.079750 0.034718 -0.996210
vn 0.189709 0.025380 -0.981512
vn 0.028947 0.048185 -0.998419
vn -0.135058 0.042179 -0.989940
vn 0.079750 0.034718 -0.996210
vn 0.306549 0.034967 -0.951212
vn 0.425391 0.003532 -0.905003
vn 0.414520 0.006269 -0.910019
vn 0.303463 0.035951 -0.952165
vn 0.345519 0.020755 -0.938182
vn 0.203322 0.069732 -0.976626
vn 0.104076 0.036353 -0.993905
vn 0.189709 0.025380 -0.981512
vn -0.918292 -0.009085 0.395799
vn -0.847577 0.008683 0.530601
vn -0.620194 0.013291 0.784336
vn -0.883160 -0.007247 0.469015
vn 0.607969 0.046930 0.792572
vn 0.106716 0.089756 0.990230
vn 0.078317 0.037202 0.996234
vn 0.630101 -0.007024 0.776482
vn 0.106716 0.089756 0.990230
vn -0.391739 0.078728 0.916702
vn -0.438709 0.042162 0.897640
vn 0.078317 0.037202 0.996234
vn -0.391739 0.078728 0.916702
vn -0.804714 0.082963 0.587837
vn -0.817066 0.044130 0.574853
vn -0.438709 0.042162 0.897640
vn -0.804714 0.082963 0.587837
vn -0.977754 0.040863 -0.205738
vn -0.986376 0.020076 -0.163278
vn -0.817066 0.044130 0.574853
vn -0.977754 0.040863 -0.205738
vn -0.975263 -0.028821 -0.219160
vn -0.889511 0.020079 -0.456472
vn -0.986376 0.020076 -0.163278
vn -0.975263 -0.028821 -0.219160
vn -0.966823 -0.059416 -0.248442
vn -0.826923 0.019794 -0.561966
vn -0.889511 0.020079 -0.456472
vn -0.966823 -0.059416 -0.248442
vn -0.363322 0.011408 -0.931594
vn -0.358436 -0.000674 -0.933554
vn -0.826923 0.019794 -0.561966
vn 0.032419 -0.001074 -0.999474
vn 0.323280 -0.060446 -0.944371
vn 0.412964 -0.022933 -0.910459
vn 0.088910 0.000099 -0.996040
vn 0.323280 -0.060446 -0.944371
vn 0.739195 -0.107452 -0.664864
vn 0.772984 -0.068930 -0.630670
vn 0.412964 -0.022933 -0.910459
vn 0.739195 -0.107452 -0.664864
vn 0.986843 -0.100800 -0.126412
vn 0.992394 -0.078463 -0.094860
vn 0.772984 -0.068930 -0.630670
vn 0.986843 -0.100800 -0.126412
vn 0.927937 -0.043913 0.370141
vn 0.921795 -0.051853 0.384195
vn 0.992394 -0.078463 -0.094860
vn 0.927937 -0.043913 0.370141
vn 0.607969 0.046930 0.792572
vn 0.630101 -0.007024 0.776482
vn 0.921795 -0.051853 0.384195
vn 0.010473 -0.014051 0.999846
vn -0.143150 -0.079665 0.986490
vn 0.486959 -0.046834 0.872168
vn 0.511405 -0.015400 0.859202
vn -0.409695 -0.025689 0.911861
vn -0.527834 -0.106050 0.842701
vn -0.143150 -0.079665 0.986490
vn 0.010473 -0.014051 0.999846
vn -0.835970 -0.035371 0.547634
vn -0.823272 -0.092534 0.560055
vn -0.527834 -0.106050 0.842701
vn -0.409695 -0.025689 0.911861
vn -0.996646 -0.005748 -0.081630
vn -0.998803 -0.032815 -0.036280
vn -0.823272 -0.092534 0.560055
vn -0.835970 -0.035371 0.547634
vn -0.829971 0.030527 -0.556970
vn -0.829039 0.033438 -0.558191
vn -0.998803 -0.032815 -0.036280
vn -0.996646 -0.005748 -0.081630
vn -0.284178 0.056281 -0.957118
vn -0.829039 0.033438 -0.558191
vn -0.829971 0.030527 -0.556970
vn -0.514898 0.013369 -0.857147
vn 0.072080 0.036373 -0.996735
vn -0.284178 0.056281 -0.957118
vn -0.514898 0.013369 -0.857147
vn -0.146839 -0.031983 -0.988643
vn -0.331883 -0.005893 -0.943302
vn 0.358237 -0.201767 -0.911568
vn -0.251635 0.131575 -0.958837
vn -0.354859 0.068299 -0.932422
vn -0.076777 -0.061311 -0.995161
vn 0.397608 -0.052127 -0.916074
vn 0.291329 0.176712 -0.940160
vn 0.653817 0.556349 -0.512835
vn 0.291329 0.176712 -0.940160
vn 0.397608 -0.052127 -0.916074
vn 0.993530 0.021397 -0.111538
vn 0.730658 0.146409 -0.666861
vn 0.833836 -0.269576 -0.481712
vn 0.951645 -0.306605 -0.019125
vn 0.885499 -0.210437 -0.414256
vn 0.993530 0.021397 -0.111538
vn 0.885499 -0.210437 -0.414256
vn 0.925888 0.207228 0.315893
vn 0.978418 0.056064 -0.198886
vn 0.950624 0.016589 0.309901
vn 0.930266 -0.010848 0.366726
vn 0.511405 -0.015400 0.859202
vn 0.486959 -0.046834 0.872168
vn 0.930266 -0.010848 0.366726
vn 0.950624 0.016589 0.309901
vn 0.007365 0.999936 0.008607
vn 0.016014 0.999719 0.017489
vn 0.015877 0.999706 0.018311
vn 0.012265 0.999771 0.017510
vn 0.007851 0.999751 0.020881
vn 0.015145 0.999762 0.015721
vn 0.014949 0.999749 0.016696
vn 0.010962 0.999914 0.007133
vn -0.021212 0.999630 -0.017023
vn -0.363322 0.011408 -0.931594
vn 0.032419 -0.001074 -0.999474
vn 0.088910 0.000099 -0.996040
vn -0.358436 -0.000674 -0.933554
vn -0.807407 0.028159 -0.589322
vn -0.128548 0.033798 -0.991127
vn 0.072080 0.036373 -0.996735
vn -0.354859 0.068299 -0.932422
vn 0.056267 -0.011626 0.998348
vn 0.010473 -0.014051 0.999846
vn 0.511405 -0.015400 0.859202
vn 0.629673 -0.012415 0.776761
vn -0.439514 0.010125 0.898179
vn -0.409695 -0.025689 0.911861
vn 0.010473 -0.014051 0.999846
vn 0.056267 -0.011626 0.998348
vn -0.831485 0.033159 0.554557
vn -0.835970 -0.035371 0.547634
vn -0.409695 -0.025689 0.911861
vn -0.439514 0.010125 0.898179
vn -0.996646 -0.005748 -0.081630
vn -0.835970 -0.035371 0.547634
vn -0.831485 0.033159 0.554557
vn -0.986177 0.042598 -0.160129
vn -0.829971 0.030527 -0.556970
vn -0.996646 -0.005748 -0.081630
vn -0.986177 0.042598 -0.160129
vn -0.857195 0.024380 -0.514415
vn -0.514898 0.013369 -0.857147
vn -0.829971 0.030527 -0.556970
vn -0.857195 0.024380 -0.514415
vn -0.726298 -0.023230 -0.686987
vn -0.146839 -0.031983 -0.988643
vn -0.514898 0.013369 -0.857147
vn -0.726298 -0.023230 -0.686987
vn -0.324012 -0.048451 -0.944812
vn 0.397608 -0.052127 -0.916074
vn -0.076777 -0.061311 -0.995161
vn 0.090468 -0.039799 -0.995104
vn 0.483927 -0.036877 -0.874331
vn 0.653817 0.556349 -0.512835
vn 0.397608 -0.052127 -0.916074
vn 0.483927 -0.036877 -0.874331
vn 0.809044 -0.061226 -0.584550
vn 0.992756 -0.057740 -0.105365
vn 0.978418 0.056064 -0.198886
vn 0.653817 0.556349 -0.512835
vn 0.809044 -0.061226 -0.584550
vn 0.937987 -0.030936 0.345289
vn 0.950624 0.016589 0.309901
vn 0.978418 0.056064 -0.198886
vn 0.992756 -0.057740 -0.105365
vn 0.629673 -0.012415 0.776761
vn 0.511405 -0.015400 0.859202
vn 0.950624 0.016589 0.309901
vn 0.937987 -0.030936 0.345289
vn -0.076777 -0.061311 -0.995161
vn -0.146839 -0.031983 -0.988643
vn -0.324012 -0.048451 -0.944812
vn 0.090468 -0.039799 -0.995104
vn 0.730658 0.146409 -0.666861
vn -0.251635 0.131575 -0.958837
vn 0.358237 -0.201767 -0.911568
vn 0.458912 -0.036930 -0.887714
vn 0.856959 0.500356 -0.123550
vn 0.978418 0.056064 -0.198886
vn 0.925888 0.207228 0.315893
vn 0.383614 0.263798 -0.885015
vn 0.014490 -0.114591 -0.993307
vn 0.381547 0.277968 -0.881564
vn 0.371741 0.270998 -0.887901
vn 0.779867 0.272436 -0.563547
vn 0.954109 0.239915 -0.179213
vn 0.961008 0.234073 -0.147220
vn 0.963456 0.244108 -0.110288
vn 0.921293 0.302572 -0.244275
vn 0.685752 0.307346 -0.659760
vn -0.331883 -0.005893 -0.943302
vn 0.291329 0.176712 -0.940160
vn -0.460976 0.495148 -0.736431
vn -0.406796 0.063411 -0.911316
vn 0.291329 0.176712 -0.940160
vn 0.653817 0.556349 -0.512835
vn -0.131636 0.983530 -0.123860
vn -0.460976 0.495148 -0.736431
vn 0.856959 0.500356 -0.123550
vn 0.381731 0.772617 0.507291
vn -0.131636 0.983530 -0.123860
vn 0.653817 0.556349 -0.512835
vn 0.856959 0.500356 -0.123550
vn 0.925888 0.207228 0.315893
vn 0.644563 0.377690 0.664747
vn 0.381731 0.772617 0.507291
vn 0.925888 0.207228 0.315893
vn 0.885499 -0.210437 -0.414256
vn 0.777306 -0.222097 0.588615
vn 0.644563 0.377690 0.664747
vn 0.951645 -0.306605 -0.019125
vn 0.732510 -0.589547 0.340387
vn 0.777306 -0.222097 0.588615
vn 0.885499 -0.210437 -0.414256
vn 0.951645 -0.306605 -0.019125
vn 0.833836 -0.269576 -0.481712
vn 0.531577 -0.831481 -0.161448
vn 0.732510 -0.589547 0.340387
vn 0.458912 -0.036930 -0.887714
vn 0.056811 -0.704497 -0.707429
vn 0.531577 -0.831481 -0.161448
vn 0.833836 -0.269576 -0.481712
vn 0.458912 -0.036930 -0.887714
vn 0.358237 -0.201767 -0.911568
vn -0.236643 -0.366352 -0.899881
vn 0.056811 -0.704497 -0.707429
vn -0.331883 -0.005893 -0.943302
vn -0.406796 0.063411 -0.911316
vn -0.236643 -0.366352 -0.899881
vn 0.358237 -0.201767 -0.911568
vn 0.078317 0.037202 0.996234
vn 0.056267 -0.011626 0.998348
vn 0.629673 -0.012415 0.776761
vn 0.630101 -0.007024 0.776482
vn -0.438709 0.042162 0.897640
vn -0.439514 0.010125 0.898179
vn 0.056267 -0.011626 0.998348
vn 0.078317 0.037202 0.996234
vn -0.817066 0.044130 0.574853
vn -0.831485 0.033159 0.554557
vn -0.439514 0.010125 0.898179
vn -0.438709 0.042162 0.897640
vn -0.986376 0.020076 -0.163278
vn -0.986177 0.042598 -0.160129
vn -0.831485 0.033159 0.554557
vn -0.817066 0.044130 0.574853
vn -0.889511 0.020079 -0.456472
vn -0.857195 0.024380 -0.514415
vn -0.986177 0.042598 -0.160129
vn -0.986376 0.020076 -0.163278
vn -0.826923 0.019794 -0.561966
vn -0.726298 -0.023230 -0.686987
vn -0.857195 0.024380 -0.514415
vn -0.889511 0.020079 -0.456472
vn -0.358436 -0.000674 -0.933554
vn -0.324012 -0.048451 -0.944812
vn -0.726298 -0.023230 -0.686987
vn -0.826923 0.019794 -0.561966
vn 0.412964 -0.022933 -0.910459
vn 0.483927 -0.036877 -0.874331
vn 0.090468 -0.039799 -0.995104
vn 0.088910 0.000099 -0.996040
vn 0.772984 -0.068930 -0.630670
vn 0.809044 -0.061226 -0.584550
vn 0.483927 -0.036877 -0.874331
vn 0.412964 -0.022933 -0.910459
vn 0.992394 -0.078463 -0.094860
vn 0.992756 -0.057740 -0.105365
vn 0.809044 -0.061226 -0.584550
vn 0.772984 -0.068930 -0.630670
vn 0.921795 -0.051853 0.384195
vn 0.937987 -0.030936 0.345289
vn 0.992756 -0.057740 -0.105365
vn 0.992394 -0.078463 -0.094860
vn 0.630101 -0.007024 0.776482
vn 0.629673 -0.012415 0.776761
vn 0.937987 -0.030936 0.345289
vn 0.921795 -0.051853 0.384195
vn 0.088910 0.000099 -0.996040
vn 0.090468 -0.039799 -0.995104
vn -0.324012 -0.048451 -0.944812
vn -0.358436 -0.000674 -0.933554
vn -0.143150 -0.079665 0.986490
vn 0.111635 -0.050771 0.992451
vn 0.560317 -0.054231 0.826501
vn 0.486959 -0.046834 0.872168
vn -0.527834 -0.106050 0.842701
vn -0.469147 -0.053443 0.881501
vn 0.111635 -0.050771 0.992451
vn -0.143150 -0.079665 0.986490
vn -0.823272 -0.092534 0.560055
vn -0.806821 -0.041704 0.589322
vn -0.469147 -0.053443 0.881501
vn -0.527834 -0.106050 0.842701
vn -0.998803 -0.032815 -0.036280
vn -0.983260 -0.008446 0.182013
vn -0.806821 -0.041704 0.589322
vn -0.823272 -0.092534 0.560055
vn -0.829039 0.033438 -0.558191
vn -0.841741 0.032191 -0.538921
vn -0.983260 -0.008446 0.182013
vn -0.998803 -0.032815 -0.036280
vn -0.284178 0.056281 -0.957118
vn 0.053446 0.053578 -0.997132
vn -0.841741 0.032191 -0.538921
vn -0.829039 0.033438 -0.558191
vn 0.072080 0.036373 -0.996735
vn -0.128548 0.033798 -0.991127
vn 0.053446 0.053578 -0.997132
vn -0.284178 0.056281 -0.957118
vn -0.251635 0.131575 -0.958837
vn -0.272729 0.077872 -0.958934
vn -0.807407 0.028159 -0.589322
vn -0.354859 0.068299 -0.932422
vn 0.993530 0.021397 -0.111538
vn 0.999128 0.017646 -0.037839
vn 0.765926 0.062557 -0.639878
vn 0.730658 0.146409 -0.666861
vn 0.930266 -0.010848 0.366726
vn 0.880707 -0.032964 0.472514
vn 0.999128 0.017646 -0.037839
vn 0.993530 0.021397 -0.111538
vn 0.486959 -0.046834 0.872168
vn 0.560317 -0.054231 0.826501
vn 0.880707 -0.032964 0.472514
vn 0.930266 -0.010848 0.366726
vn -0.146839 -0.031983 -0.988643
vn -0.076777 -0.061311 -0.995161
vn -0.354859 0.068299 -0.932422
vn 0.072080 0.036373 -0.996735
vn 0.730658 0.146409 -0.666861
vn 0.765926 0.062557 -0.639878
vn -0.272729 0.077872 -0.958934
vn -0.251635 0.131575 -0.958837
vn 0.012221 -0.984776 -0.173399
vn 0.290131 -0.931393 -0.219841
vn 0.118673 -0.967199 -0.224593
vn 0.067939 -0.950639 -0.302770
vn -0.139603 -0.940464 -0.309902
vn 0.379656 0.098635 0.919855
vn 0.180555 0.101308 0.978334
vn 0.132515 0.059911 0.989369
vn 0.356889 0.072440 0.931334
vn -0.326274 0.156450 0.932239
vn -0.354599 0.078411 0.931725
vn 0.330483 0.011360 0.943744
vn -0.057439 0.142427 0.988137
vn -0.326274 0.156450 0.932239
vn -0.576725 0.156368 0.801834
vn -0.586874 0.082866 0.805427
vn -0.354599 0.078411 0.931725
vn 0.988061 -0.109774 0.108097
vn 0.949485 -0.055555 0.308857
vn 0.936618 -0.028366 0.349201
vn 0.991478 -0.062021 0.114562
vn 0.949485 -0.055555 0.308857
vn 0.805933 0.060122 0.588946
vn 0.830353 0.013359 0.557077
vn 0.936618 -0.028366 0.349201
vn -0.094815 -0.005369 0.995480
vn 0.072570 0.006319 0.997343
vn 0.379647 -0.011039 0.925066
vn 0.212384 -0.038440 0.976430
vn -0.959241 -0.022429 -0.281697
vn -0.408801 0.021036 0.912381
vn -0.416129 -0.012004 0.909226
vn -0.955159 -0.022803 -0.295213
vn -0.598906 0.001637 0.800818
vn -0.725177 -0.006585 0.688531
vn -0.361722 0.019386 0.932084
vn -0.497824 -0.001602 0.867277
vn 0.905264 -0.021162 0.424323
vn 0.914887 -0.026597 0.402833
vn 0.982598 -0.016576 0.185004
vn 0.994551 0.000720 0.104252
vn 0.740610 -0.034073 0.671070
vn 0.816317 -0.021505 0.577203
vn 0.914887 -0.026597 0.402833
vn 0.905264 -0.021162 0.424323
vn 0.005737 -0.998124 -0.060953
vn 0.014875 -0.998664 -0.049483
vn 0.003701 -0.998715 -0.050550
vn -0.003323 -0.998697 -0.050923
vn -0.012646 -0.998784 -0.047649
vn -0.001220 -0.998824 -0.048465
vn -0.001359 -0.998933 -0.046154
vn 0.002084 -0.999187 -0.040259
vn 0.000796 -0.999257 -0.038537
vn 0.000621 -0.999227 -0.039310
vn -0.004919 -0.999275 -0.037745
vn -0.015330 -0.999340 -0.032942
vn -0.056485 -0.998184 -0.020943
vn -0.009541 -0.999076 -0.041910
vn 0.015472 -0.998722 -0.048121
vn -0.598906 0.001637 0.800818
vn -0.497824 -0.001602 0.867277
vn -0.352065 -0.010514 0.935917
vn -0.593617 -0.011740 0.804662
vn 0.001056 0.999802 0.019873
vn 0.001462 0.999858 0.016799
vn 0.001470 0.999851 0.017185
vn -0.001205 0.999811 0.019417
vn 0.000403 0.999659 0.026093
vn 0.132515 0.059911 0.989369
vn -0.094815 -0.005369 0.995480
vn 0.212384 -0.038440 0.976430
vn 0.356889 0.072440 0.931334
vn -0.408801 0.021036 0.912381
vn -0.094815 -0.005369 0.995480
vn 0.132515 0.059911 0.989369
vn -0.607973 0.138843 0.781723
vn -0.287084 0.145720 0.946757
vn 0.330483 0.011360 0.943744
vn -0.354599 0.078411 0.931725
vn -0.352065 -0.010514 0.935917
vn -0.497824 -0.001602 0.867277
vn -0.403002 -0.024493 0.914871
vn -0.416129 -0.012004 0.909226
vn -0.586874 0.082866 0.805427
vn -0.593617 -0.011740 0.804662
vn -0.352065 -0.010514 0.935917
vn -0.354599 0.078411 0.931725
vn 0.936618 -0.028366 0.349201
vn 0.905264 -0.021162 0.424323
vn 0.994551 0.000720 0.104252
vn 0.991478 -0.062021 0.114562
vn 0.830353 0.013359 0.557077
vn 0.740610 -0.034073 0.671070
vn 0.905264 -0.021162 0.424323
vn 0.936618 -0.028366 0.349201
vn -0.755343 0.008875 -0.655270
vn -0.755023 0.011676 -0.655594
vn -0.824703 0.009883 -0.565480
vn -0.816178 0.001454 -0.577799
vn -0.877984 -0.001549 -0.478687
vn -0.470346 -0.030621 -0.881951
vn -0.816178 0.001454 -0.577799
vn -0.824703 0.009883 -0.565480
vn 0.901022 0.004256 -0.433752
vn 0.238016 -0.246201 -0.939539
vn 0.615785 -0.132156 -0.776752
vn 0.898932 0.005266 -0.438057
vn 0.088133 -0.061704 -0.994196
vn -0.015565 -0.164393 -0.986272
vn 0.222083 -0.053705 -0.973548
vn 0.138137 -0.038834 -0.989652
vn -0.285228 0.009484 0.958413
vn 0.072570 0.006319 0.997343
vn -0.094815 -0.005369 0.995480
vn -0.408801 0.021036 0.912381
vn -0.403002 -0.024493 0.914871
vn 0.505398 -0.005133 0.862871
vn 0.497934 -0.005677 0.867196
vn -0.416129 -0.012004 0.909226
vn 0.160821 0.006023 -0.986965
vn 0.073912 0.001056 -0.997264
vn 0.371987 0.021584 -0.927987
vn 0.685134 0.036615 -0.727497
vn 0.073912 0.001056 -0.997264
vn 0.076742 0.016594 -0.996913
vn -0.496370 0.015502 -0.867973
vn 0.371987 0.021584 -0.927987
vn -0.581647 -0.032246 0.812802
vn -0.581647 -0.032246 0.812802
vn -0.581647 -0.032246 0.812802
vn -0.835229 0.009050 -0.549828
vn -0.895249 0.022857 -0.444980
vn -0.854634 0.010708 -0.519120
vn -0.777493 -0.005979 -0.628864
vn -0.464795 -0.001639 -0.885417
vn -0.496370 0.015502 -0.867973
vn -0.835229 0.009050 -0.549828
vn -0.803981 0.007890 -0.594603
vn -0.835229 0.009050 -0.549828
vn -0.777493 -0.005979 -0.628864
vn -0.766678 0.005337 -0.642009
vn -0.803981 0.007890 -0.594603
vn 0.685134 0.036615 -0.727497
vn 0.371987 0.021584 -0.927987
vn 0.138137 -0.038834 -0.989652
vn 0.222083 -0.053705 -0.973548
vn -0.464795 -0.001639 -0.885417
vn -0.803981 0.007890 -0.594603
vn -0.816178 0.001454 -0.577799
vn -0.470346 -0.030621 -0.881951
vn -0.755343 0.008875 -0.655270
vn -0.816178 0.001454 -0.577799
vn -0.803981 0.007890 -0.594603
vn -0.766678 0.005337 -0.642009
vn -0.287084 0.145720 0.946757
vn 0.865818 0.034242 0.499186
vn 0.851827 0.034391 0.522693
vn 0.330483 0.011360 0.943744
vn 0.132515 0.059911 0.989369
vn 0.180555 0.101308 0.978334
vn -0.090541 0.128073 0.987623
vn -0.607973 0.138843 0.781723
vn -0.607973 0.138843 0.781723
vn -0.824351 0.227584 0.518316
vn -0.838977 0.220914 0.497308
vn -0.287084 0.145720 0.946757
vn 0.091091 -0.009512 -0.995797
vn 0.088133 -0.061704 -0.994196
vn 0.138137 -0.038834 -0.989652
vn -0.392978 -0.586704 -0.708058
vn 0.138137 -0.038834 -0.989652
vn 0.371987 0.021584 -0.927987
vn -0.496370 0.015502 -0.867973
vn -0.464795 -0.001639 -0.885417
vn 0.615785 -0.132156 -0.776752
vn -0.470346 -0.030621 -0.881951
vn 0.089941 -0.025861 -0.995611
vn 0.098795 -0.018532 -0.994935
vn -0.392978 -0.586704 -0.708058
vn 0.238016 -0.246201 -0.939539
vn -0.818862 0.076536 -0.568865
vn -0.811765 0.078530 -0.578680
vn -0.923323 0.028990 -0.382928
vn -0.895249 0.022857 -0.444980
vn -0.835229 0.009050 -0.549828
vn 0.037070 -0.010117 -0.999261
vn 0.037070 -0.010117 -0.999261
vn 0.037070 -0.010117 -0.999261
vn -0.496370 0.015502 -0.867973
vn -0.915446 0.051108 -0.399183
vn -0.909479 0.047413 -0.413038
vn -0.835229 0.009050 -0.549828
vn -0.497824 -0.001602 0.867277
vn -0.361722 0.019386 0.932084
vn 0.010999 0.032656 0.999406
vn -0.403002 -0.024493 0.914871
vn -0.076718 -0.023142 -0.996784
vn -0.674989 -0.028119 -0.737292
vn -0.573201 -0.007111 -0.819384
vn -0.083585 -0.018230 -0.996334
vn -0.674989 -0.028119 -0.737292
vn -0.871842 -0.037761 -0.488330
vn -0.812756 -0.005561 -0.582578
vn -0.573201 -0.007111 -0.819384
vn -0.871842 -0.037761 -0.488330
vn -0.972470 -0.011897 -0.232726
vn -0.992894 -0.010308 -0.118554
vn -0.812756 -0.005561 -0.582578
vn -0.972470 -0.011897 -0.232726
vn -0.981175 0.019597 0.192123
vn -0.938474 0.007230 0.345274
vn -0.992894 -0.010308 -0.118554
vn -0.981175 0.019597 0.192123
vn -0.777199 0.014639 0.629084
vn -0.778129 0.017354 0.627864
vn -0.938474 0.007230 0.345274
vn -0.777199 0.014639 0.629084
vn -0.306241 0.004463 0.951944
vn -0.306385 0.004211 0.951899
vn -0.778129 0.017354 0.627864
vn -0.306241 0.004463 0.951944
vn 0.137059 -0.004623 0.990552
vn 0.139251 -0.001097 0.990256
vn -0.306385 0.004211 0.951899
vn 0.137059 -0.004623 0.990552
vn 0.547431 -0.022485 0.836549
vn 0.483108 -0.003110 0.875555
vn 0.139251 -0.001097 0.990256
vn 0.547431 -0.022485 0.836549
vn 0.792402 -0.011020 0.609900
vn 0.813743 -0.010218 0.581134
vn 0.483108 -0.003110 0.875555
vn 0.792402 -0.011020 0.609900
vn 0.988043 -0.007104 0.154015
vn 0.995854 -0.007999 0.090612
vn 0.813743 -0.010218 0.581134
vn 0.988043 -0.007104 0.154015
vn 0.908868 -0.035598 -0.415561
vn 0.906155 -0.020113 -0.422466
vn 0.995854 -0.007999 0.090612
vn 0.908868 -0.035598 -0.415561
vn 0.688761 -0.033140 -0.724230
vn 0.619067 -0.027276 -0.784864
vn 0.906155 -0.020113 -0.422466
vn 0.688761 -0.033140 -0.724230
vn 0.299093 -0.029799 -0.953759
vn 0.296295 -0.023734 -0.954802
vn 0.619067 -0.027276 -0.784864
vn 0.299093 -0.029799 -0.953759
vn -0.076718 -0.023142 -0.996784
vn -0.083585 -0.018230 -0.996334
vn 0.296295 -0.023734 -0.954802
vn -0.083585 -0.018230 -0.996334
vn -0.573201 -0.007111 -0.819384
vn -0.550566 -0.001240 -0.834791
vn -0.071915 -0.012236 -0.997336
vn -0.573201 -0.007111 -0.819384
vn -0.812756 -0.005561 -0.582578
vn -0.861551 0.006330 -0.507632
vn -0.550566 -0.001240 -0.834791
vn -0.812756 -0.005561 -0.582578
vn -0.992894 -0.010308 -0.118554
vn -0.998803 0.015726 0.046324
vn -0.861551 0.006330 -0.507632
vn -0.992894 -0.010308 -0.118554
vn -0.938474 0.007230 0.345274
vn -0.910136 0.018644 0.413890
vn -0.998803 0.015726 0.046324
vn -0.938474 0.007230 0.345274
vn -0.778129 0.017354 0.627864
vn -0.772495 0.019848 0.634711
vn -0.910136 0.018644 0.413890
vn -0.778129 0.017354 0.627864
vn -0.306385 0.004211 0.951899
vn -0.388701 0.011750 0.921289
vn -0.772495 0.019848 0.634711
vn -0.306385 0.004211 0.951899
vn 0.139251 -0.001097 0.990256
vn 0.242383 -0.006601 0.970158
vn -0.388701 0.011750 0.921289
vn 0.139251 -0.001097 0.990256
vn 0.483108 -0.003110 0.875555
vn 0.609403 -0.007038 0.792830
vn 0.242383 -0.006601 0.970158
vn 0.483108 -0.003110 0.875555
vn 0.813743 -0.010218 0.581134
vn 0.839116 -0.006176 0.543918
vn 0.609403 -0.007038 0.792830
vn 0.813743 -0.010218 0.581134
vn 0.995854 -0.007999 0.090612
vn 0.999568 -0.015958 0.024695
vn 0.839116 -0.006176 0.543918
vn 0.995854 -0.007999 0.090612
vn 0.906155 -0.020113 -0.422466
vn 0.908953 -0.013119 -0.416691
vn 0.999568 -0.015958 0.024695
vn 0.906155 -0.020113 -0.422466
vn 0.619067 -0.027276 -0.784864
vn 0.693416 -0.006791 -0.720506
vn 0.908953 -0.013119 -0.416691
vn 0.619067 -0.027276 -0.784864
vn 0.296295 -0.023734 -0.954802
vn 0.426378 -0.010502 -0.904484
vn 0.693416 -0.006791 -0.720506
vn 0.296295 -0.023734 -0.954802
vn -0.083585 -0.018230 -0.996334
vn -0.071915 -0.012236 -0.997336
vn 0.426378 -0.010502 -0.904484
vn -0.013342 -0.988988 -0.147397
vn -0.100512 -0.957573 -0.270094
vn -0.021694 -0.987668 -0.155051
vn -0.018647 -0.999792 -0.008233
vn -0.013401 -0.974916 -0.222170
vn -0.816588 -0.517291 0.256112
vn -0.127868 -0.988371 -0.082290
vn -0.022036 -0.999756 -0.001608
vn -0.022044 -0.999756 -0.001615
vn -0.022044 -0.999756 -0.001614
vn -0.010614 -0.996901 -0.077942
vn -0.024688 -0.999691 0.002834
vn 0.065962 -0.990288 -0.122388
vn -0.362605 -0.903274 -0.229375
vn -0.051883 0.995869 -0.074516
vn -0.235323 0.956623 0.171741
vn -0.007590 0.998281 -0.058115
vn 0.019011 0.999818 -0.001768
vn 0.036528 0.997188 -0.065431
vn 0.236890 0.970219 0.050582
vn 0.102594 0.989390 -0.102870
vn 0.725025 0.574376 -0.380041
vn 0.075747 0.988643 -0.129800
vn 0.033637 0.990481 -0.133480
vn 0.003751 0.993746 -0.111597
vn -0.256884 0.869635 -0.421599
vn -0.049772 0.991993 -0.116068
vn -0.317148 0.942291 -0.107261
vn 0.965576 0.078157 0.248102
vn 0.889803 0.083416 0.448656
vn 0.871930 0.045502 0.487512
vn 0.959683 0.053758 0.275895
vn 0.548897 0.128584 0.825941
vn 0.531142 0.064500 0.844824
vn 0.740443 0.057087 0.669690
vn 0.756850 0.117030 0.643025
vn 0.548897 0.128584 0.825941
vn 0.294072 0.128572 0.947096
vn 0.289836 0.068088 0.954651
vn 0.531142 0.064500 0.844824
vn 0.682109 -0.090691 -0.725605
vn 0.823026 -0.042800 -0.566389
vn 0.840416 -0.044980 -0.540073
vn 0.687980 -0.071282 -0.722220
vn 0.823026 -0.042800 -0.566389
vn 0.956070 0.049264 -0.288971
vn 0.941376 -0.010193 -0.337205
vn 0.840416 -0.044980 -0.540073
vn 0.738200 0.000654 0.674581
vn 0.840001 0.005174 0.542560
vn 0.968992 -0.006963 0.246994
vn 0.905304 -0.021625 0.424213
vn -0.810899 -0.017240 0.584932
vn -0.810899 -0.017240 0.584932
vn -0.810899 -0.017240 0.584932
vn 0.281150 0.001779 0.959662
vn 0.113036 -0.005393 0.993576
vn 0.526171 0.015348 0.850240
vn 0.391783 -0.001397 0.920057
vn 0.882151 -0.009781 -0.470865
vn 0.873273 -0.021263 -0.486768
vn 0.741471 -0.014561 -0.670827
vn 0.682733 0.010688 -0.730590
vn 0.982351 -0.025259 -0.185334
vn 0.952451 -0.017613 -0.304181
vn 0.873273 -0.021263 -0.486768
vn 0.882151 -0.009781 -0.470865
vn -0.055147 -0.997207 -0.050360
vn -0.037283 -0.998010 -0.050851
vn -0.046533 -0.998085 -0.040752
vn -0.052055 -0.998059 -0.034182
vn -0.055719 -0.998189 -0.022693
vn -0.048116 -0.998248 -0.034428
vn -0.045965 -0.998411 -0.032597
vn -0.037703 -0.998789 -0.031621
vn -0.036973 -0.998892 -0.029100
vn -0.037853 -0.998848 -0.029498
vn -0.040406 -0.998920 -0.022953
vn -0.043372 -0.999016 -0.009283
vn -0.061896 -0.997295 0.039633
vn -0.047853 -0.998623 -0.021499
vn -0.035511 -0.998096 -0.050433
vn 0.738200 0.000654 0.674581
vn 0.905304 -0.021625 0.424213
vn 0.945008 -0.009023 0.326922
vn 0.860292 -0.008977 0.509722
vn 0.487570 0.006154 0.873062
vn 0.738200 0.000654 0.674581
vn 0.860292 -0.008977 0.509722
vn 0.585925 -0.660150 0.469993
vn 0.533167 -0.008318 0.845969
vn 0.391783 -0.001397 0.920057
vn 0.281150 0.001779 0.959662
vn 0.391783 -0.001397 0.920057
vn 0.533167 -0.008318 0.845969
vn 0.284982 -0.009686 0.958484
vn 0.831827 -0.016584 -0.554787
vn 0.882151 -0.009781 -0.470865
vn 0.682733 0.010688 -0.730590
vn 0.695372 -0.026450 -0.718163
vn 0.931190 -0.006339 -0.364478
vn 0.982351 -0.025259 -0.185334
vn 0.882151 -0.009781 -0.470865
vn 0.831827 -0.016584 -0.554787
vn 0.020149 0.999705 0.013582
vn 0.030628 0.999191 0.026045
vn 0.022884 0.999673 0.011439
vn 0.018302 0.999780 0.010209
vn 0.018588 0.999777 0.010005
vn 0.018677 0.999781 0.009413
vn 0.018605 0.999771 0.010554
vn 0.030940 0.999324 0.019835
vn -0.043077 0.999061 -0.004644
vn 0.030938 0.999324 0.019838
vn 0.024893 0.999627 0.011274
vn 0.017450 0.999788 0.010927
vn 0.871930 0.045502 0.487512
vn 0.860292 -0.008977 0.509722
vn 0.945008 -0.009023 0.326922
vn 0.959683 0.053758 0.275895
vn 0.871930 0.045502 0.487512
vn 0.739460 0.043885 0.671769
vn 0.585925 -0.660150 0.469993
vn 0.860292 -0.008977 0.509722
vn 0.289836 0.068088 0.954651
vn 0.284982 -0.009686 0.958484
vn 0.533167 -0.008318 0.845969
vn 0.531142 0.064500 0.844824
vn 0.840416 -0.044980 -0.540073
vn 0.831827 -0.016584 -0.554787
vn 0.695372 -0.026450 -0.718163
vn 0.687980 -0.071282 -0.722220
vn 0.941376 -0.010193 -0.337205
vn 0.931190 -0.006339 -0.364478
vn 0.831827 -0.016584 -0.554787
vn 0.840416 -0.044980 -0.540073
vn -0.978107 0.007372 0.207971
vn -0.978077 0.009562 0.208024
vn -0.947977 0.008146 0.318235
vn -0.952693 0.000669 0.303933
vn -0.910231 -0.000136 0.414101
vn -0.916239 -0.012445 0.400438
vn -0.952693 0.000669 0.303933
vn -0.947977 0.008146 0.318235
vn 0.195396 0.003638 -0.980718
vn 0.242099 -0.019159 -0.970062
vn 0.239012 -0.018665 -0.970837
vn 0.191571 0.004312 -0.981469
vn -0.745942 -0.053790 -0.663836
vn -0.800358 -0.135228 -0.584072
vn -0.635113 -0.058767 -0.770180
vn -0.678281 -0.043773 -0.733497
vn 0.593745 0.007733 0.804616
vn 0.840001 0.005174 0.542560
vn 0.738200 0.000654 0.674581
vn 0.487570 0.006154 0.873062
vn 0.993134 -0.016235 0.115854
vn 0.993134 -0.016235 0.115854
vn 0.993134 -0.016235 0.115854
vn -0.700871 0.003056 -0.713281
vn -0.750962 0.001333 -0.660345
vn -0.510712 0.028323 -0.859285
vn -0.175702 0.050512 -0.983147
vn -0.750962 0.001333 -0.660345
vn -0.749735 0.013589 -0.661599
vn -0.773260 -0.002221 -0.634085
vn -0.510712 0.028323 -0.859285
vn 0.298726 -0.026412 0.953973
vn 0.298726 -0.026412 0.953973
vn 0.298726 -0.026412 0.953973
vn -0.942173 0.006975 0.335056
vn -0.894209 0.018755 0.447257
vn -0.927413 0.009744 0.373913
vn -0.970277 -0.004532 0.241956
vn -0.175702 0.050512 -0.983147
vn -0.510712 0.028323 -0.859285
vn -0.648507 -0.035017 -0.760403
vn -0.610131 -0.050683 -0.790678
vn -0.510712 0.028323 -0.859285
vn -0.773260 -0.002221 -0.634085
vn -0.695972 -0.005044 -0.718052
vn -0.339439 -0.844742 -0.413755
vn -0.648507 -0.035017 -0.760403
vn -0.935454 0.005489 0.353406
vn -0.906558 0.023058 0.421451
vn -0.942173 0.006975 0.335056
vn -0.958795 0.006400 0.284028
vn -0.942173 0.006975 0.335056
vn -0.970277 -0.004532 0.241956
vn -0.974259 0.004383 0.225390
vn -0.958795 0.006400 0.284028
vn -0.610131 -0.050683 -0.790678
vn -0.648507 -0.035017 -0.760403
vn -0.678281 -0.043773 -0.733497
vn -0.635113 -0.058767 -0.770180
vn 0.242069 -0.034353 -0.969651
vn 0.239012 -0.018665 -0.970837
vn 0.242099 -0.019159 -0.970062
vn -0.935454 0.005489 0.353406
vn -0.958795 0.006400 0.284028
vn -0.952693 0.000669 0.303933
vn -0.916239 -0.012445 0.400438
vn -0.978107 0.007372 0.207971
vn -0.952693 0.000669 0.303933
vn -0.958795 0.006400 0.284028
vn -0.974259 0.004383 0.225390
vn 0.991723 0.018427 -0.127069
vn 0.920073 0.028046 -0.390741
vn 0.928742 0.028149 -0.369655
vn 0.993706 0.016415 -0.110814
vn 0.871930 0.045502 0.487512
vn 0.889803 0.083416 0.448656
vn 0.736082 0.105203 0.668667
vn 0.739460 0.043885 0.671769
vn -0.347116 0.084647 0.933994
vn -0.083291 0.187984 0.978634
vn -0.104516 0.183377 0.977471
vn -0.366947 0.081347 0.926678
vn 0.991723 0.018427 -0.127069
vn 0.993706 0.016415 -0.110814
vn 0.993760 0.006258 -0.111367
vn -0.347116 0.084647 0.933994
vn -0.366947 0.081347 0.926678
vn -0.367745 0.040034 0.929064
vn 0.740443 0.057087 0.669690
vn 0.531142 0.064500 0.844824
vn 0.533167 -0.008318 0.845969
vn 0.585925 -0.660150 0.469993
vn -0.739318 -0.007458 -0.673315
vn -0.745942 -0.053790 -0.663836
vn -0.678281 -0.043773 -0.733497
vn -0.751395 -0.043732 -0.658402
vn -0.751395 -0.043732 -0.658402
vn -0.678281 -0.043773 -0.733497
vn -0.648507 -0.035017 -0.760403
vn -0.339439 -0.844742 -0.413755
vn -0.339439 -0.844742 -0.413755
vn -0.695972 -0.005044 -0.718052
vn -0.741445 -0.041453 -0.669733
vn -0.744700 -0.040361 -0.666178
vn -0.744700 -0.040361 -0.666178
vn -0.741445 -0.041453 -0.669733
vn -0.739985 -0.020353 -0.672315
vn -0.734884 -0.015177 -0.678023
vn -0.902114 0.028572 0.430552
vn -0.901624 0.036300 0.430995
vn -0.905177 0.038620 0.423278
vn -0.905177 0.038620 0.423278
vn -0.901624 0.036300 0.430995
vn -0.948841 0.063039 0.309396
vn -0.951784 0.064377 0.299939
vn -0.861827 0.023744 0.506646
vn -0.894209 0.018755 0.447257
vn -0.942173 0.006975 0.335056
vn -0.775475 -0.008285 -0.631324
vn -0.775475 -0.008285 -0.631324
vn -0.775475 -0.008285 -0.631324
vn -0.906558 0.023058 0.421451
vn -0.870317 0.041872 0.490709
vn -0.876514 0.039348 0.479766
vn -0.942173 0.006975 0.335056
vn 0.391783 -0.001397 0.920057
vn 0.526171 0.015348 0.850240
vn 0.804262 0.026725 0.593674
vn 0.487570 0.006154 0.873062
vn -0.822241 0.028421 -0.568429
vn -0.662487 0.034424 -0.748282
vn -0.513210 0.008349 -0.858222
vn -0.695977 0.037294 -0.717095
vn -0.176266 0.017630 -0.984185
vn -0.020459 -0.005229 -0.999777
vn -0.513210 0.008349 -0.858222
vn -0.662487 0.034424 -0.748282
vn -0.176266 0.017630 -0.984185
vn 0.050983 -0.011641 -0.998632
vn 0.260127 -0.000213 -0.965574
vn -0.020459 -0.005229 -0.999777
vn -0.631108 -0.033270 0.774981
vn -0.885470 -0.003719 0.464681
vn -0.898012 0.023127 0.439362
vn -0.651144 0.007196 0.758920
vn -0.885470 -0.003719 0.464681
vn -0.999082 0.031115 0.029459
vn -0.998005 0.034421 0.052922
vn -0.898012 0.023127 0.439362
vn -0.441572 -0.015736 -0.897088
vn -0.586976 0.010463 -0.809536
vn -0.822821 0.006806 -0.568260
vn -0.686949 -0.030232 -0.726076
vn 0.922754 -0.052799 -0.381755
vn 0.922754 -0.052799 -0.381755
vn 0.922754 -0.052799 -0.381755
vn 0.077586 -0.019893 -0.996787
vn 0.208978 -0.027004 -0.977548
vn -0.191053 0.007756 -0.981549
vn -0.046304 -0.015598 -0.998806
vn -0.945161 0.019732 0.326009
vn -0.938060 0.015731 0.346115
vn -0.768629 0.034499 0.638764
vn -0.696240 0.049270 0.716116
vn -0.995586 -0.007929 -0.093516
vn -0.998863 0.009395 0.046734
vn -0.938060 0.015731 0.346115
vn -0.945161 0.019732 0.326009
vn -0.008370 -0.998926 0.045574
vn 0.008091 -0.999386 0.034090
vn -0.005898 -0.998422 0.055853
vn -0.000660 -0.996506 0.083521
vn -0.003499 -0.998900 0.046770
vn -0.010156 -0.998164 0.059707
vn -0.017522 -0.998169 0.057894
vn -0.023707 -0.998205 0.054995
vn -0.023627 -0.998350 0.052332
vn -0.020065 -0.998303 0.054665
vn -0.019101 -0.998689 0.047485
vn 0.034528 0.998886 -0.032150
vn 0.033542 0.998946 -0.031331
vn 0.033210 0.998927 -0.032267
vn 0.030984 0.999011 -0.031895
vn 0.032844 0.999012 -0.029948
vn 0.029973 0.999225 -0.025495
vn 0.030599 0.999412 -0.015441
vn 0.030951 0.999124 -0.028154
vn -0.441572 -0.015736 -0.897088
vn -0.686949 -0.030232 -0.726076
vn -0.695977 0.037294 -0.717095
vn -0.513210 0.008349 -0.858222
vn -0.513210 0.008349 -0.858222
vn -0.020459 -0.005229 -0.999777
vn -0.046304 -0.015598 -0.998806
vn -0.128129 -0.009238 -0.991714
vn -0.441572 -0.015736 -0.897088
vn 0.077586 -0.019893 -0.996787
vn -0.046304 -0.015598 -0.998806
vn -0.020459 -0.005229 -0.999777
vn 0.260127 -0.000213 -0.965574
vn -0.898012 0.023127 0.439362
vn -0.945161 0.019732 0.326009
vn -0.696240 0.049270 0.716116
vn -0.651144 0.007196 0.758920
vn -0.998005 0.034421 0.052922
vn -0.995586 -0.007929 -0.093516
vn -0.945161 0.019732 0.326009
vn -0.898012 0.023127 0.439362
vn 0.878087 -0.024871 0.477855
vn 0.904422 -0.016011 0.426339
vn 0.975506 -0.015626 0.219416
vn 0.903900 -0.045260 0.425343
vn 0.829198 -0.010525 0.558856
vn 0.768744 -0.019357 0.639264
vn 0.904422 -0.016011 0.426339
vn 0.878087 -0.024871 0.477855
vn -0.247626 0.000592 -0.968855
vn -0.586976 0.010463 -0.809536
vn -0.441572 -0.015736 -0.897088
vn -0.128129 -0.009238 -0.991714
vn -0.901070 0.000379 -0.433674
vn -0.901070 0.000379 -0.433674
vn -0.901070 0.000379 -0.433674
vn 0.706651 0.007698 0.707520
vn 0.682666 0.018374 0.730499
vn 0.807940 -0.027025 0.588645
vn 0.818709 -0.028970 0.573477
vn 0.851186 -0.020451 0.524466
vn 0.895556 -0.013306 0.444749
vn 0.941775 -0.034544 0.334464
vn 0.925429 -0.005560 0.378881
vn 0.818709 -0.028970 0.573477
vn 0.807940 -0.027025 0.588645
vn 0.783298 -0.006619 0.621611
vn 0.784961 -0.006380 0.619513
vn 0.768744 -0.019357 0.639264
vn 0.754619 -0.018152 0.655912
vn 0.851186 -0.020451 0.524466
vn 0.904422 -0.016011 0.426339
vn 0.851186 -0.020451 0.524466
vn 0.925429 -0.005560 0.378881
vn 0.975506 -0.015626 0.219416
vn 0.904422 -0.016011 0.426339
vn 0.783298 -0.006619 0.621611
vn 0.695895 -0.028603 0.717574
vn 0.703532 -0.027006 0.710151
vn 0.784961 -0.006380 0.619513
vn 0.754619 -0.018152 0.655912
vn 0.845374 0.018979 0.533837
vn 0.895556 -0.013306 0.444749
vn 0.851186 -0.020451 0.524466
vn -0.046304 -0.015598 -0.998806
vn -0.191053 0.007756 -0.981549
vn -0.516322 0.031904 -0.855800
vn -0.128129 -0.009238 -0.991714
vn 0.060832 -0.056648 0.996539
vn 0.571859 -0.089363 0.815470
vn 0.599496 -0.044961 0.799114
vn 0.038660 -0.016405 0.999118
vn 0.571859 -0.089363 0.815470
vn 0.899299 -0.068635 0.431916
vn 0.918927 -0.041837 0.392204
vn 0.599496 -0.044961 0.799114
vn 0.899299 -0.068635 0.431916
vn 0.993816 -0.065209 -0.089873
vn 0.993940 -0.043313 -0.101032
vn 0.918927 -0.041837 0.392204
vn 0.993816 -0.065209 -0.089873
vn 0.584012 -0.020638 -0.811483
vn 0.634696 -0.015991 -0.772596
vn 0.993940 -0.043313 -0.101032
vn 0.584012 -0.020638 -0.811483
vn 0.605676 0.050666 -0.794097
vn 0.372018 -0.014724 -0.928109
vn 0.634696 -0.015991 -0.772596
vn 0.605676 0.050666 -0.794097
vn 0.538424 0.076681 -0.839178
vn 0.251218 -0.014453 -0.967823
vn 0.372018 -0.014724 -0.928109
vn 0.538424 0.076681 -0.839178
vn -0.345050 -0.006685 -0.938561
vn -0.350893 0.011241 -0.936348
vn 0.251218 -0.014453 -0.967823
vn -0.682254 -0.002107 -0.731112
vn -0.863766 0.051394 -0.501266
vn -0.908663 0.025897 -0.416727
vn -0.723351 0.010627 -0.690398
vn -0.863766 0.051394 -0.501266
vn -0.995410 0.090910 -0.029905
vn -0.998034 0.057362 0.025265
vn -0.908663 0.025897 -0.416727
vn -0.995410 0.090910 -0.029905
vn -0.837893 0.081826 0.539667
vn -0.814603 0.055915 0.577317
vn -0.998034 0.057362 0.025265
vn -0.837893 0.081826 0.539667
vn -0.466887 0.028280 0.883865
vn -0.445828 0.025603 0.894752
vn -0.814603 0.055915 0.577317
vn -0.466887 0.028280 0.883865
vn 0.060832 -0.056648 0.996539
vn 0.038660 -0.016405 0.999118
vn -0.445828 0.025603 0.894752
vn 0.789800 0.082623 0.607774
vn 0.571170 0.060340 0.818611
vn 0.096110 0.064723 0.993264
vn 0.238349 0.059442 0.969359
vn 0.956562 0.064311 0.284347
vn 0.927813 0.075266 0.365375
vn 0.571170 0.060340 0.818611
vn 0.789800 0.082623 0.607774
vn 0.994234 0.057478 -0.090522
vn 0.993209 0.075725 -0.088330
vn 0.927813 0.075266 0.365375
vn 0.956562 0.064311 0.284347
vn 0.723321 0.029631 -0.689876
vn 0.866636 0.036149 -0.497630
vn 0.993209 0.075725 -0.088330
vn 0.994234 0.057478 -0.090522
vn 0.173885 -0.023565 -0.984484
vn 0.287862 -0.025365 -0.957336
vn 0.866636 0.036149 -0.497630
vn 0.723321 0.029631 -0.689876
vn -0.664897 -0.070185 -0.743630
vn -0.701295 -0.109271 -0.704447
vn 0.287862 -0.025365 -0.957336
vn 0.173885 -0.023565 -0.984484
vn -0.732774 -0.072261 -0.676624
vn -0.550807 -0.098813 -0.828763
vn -0.701295 -0.109271 -0.704447
vn -0.664897 -0.070185 -0.743630
vn -0.262829 -0.051032 -0.963492
vn -0.529932 -0.103433 -0.841709
vn 0.175412 -0.028311 -0.984088
vn 0.047184 0.010196 -0.998834
vn -0.994803 -0.077628 -0.065887
vn -0.993939 -0.097595 0.050606
vn -0.529932 -0.103433 -0.841709
vn -0.262829 -0.051032 -0.963492
vn -0.816727 -0.031598 0.576159
vn -0.818978 -0.042737 0.572230
vn -0.993939 -0.097595 0.050606
vn -0.994803 -0.077628 -0.065887
vn -0.420214 0.008977 0.907381
vn -0.428961 0.024985 0.902977
vn -0.818978 -0.042737 0.572230
vn -0.816727 -0.031598 0.576159
vn 0.238349 0.059442 0.969359
vn 0.096110 0.064723 0.993264
vn -0.428961 0.024985 0.902977
vn -0.420214 0.008977 0.907381
vn 0.645033 0.026008 0.763712
vn 0.756899 0.062669 0.650521
vn 0.204792 0.016784 0.978662
vn 0.182177 0.016605 0.983126
vn 0.905696 0.059341 0.419753
vn 0.951759 0.111187 0.285994
vn 0.756899 0.062669 0.650521
vn 0.645033 0.026008 0.763712
vn 0.987480 0.079900 -0.136012
vn 0.987838 0.101919 -0.117427
vn 0.951759 0.111187 0.285994
vn 0.905696 0.059341 0.419753
vn 0.690176 0.039909 -0.722540
vn 0.726389 0.040188 -0.686108
vn 0.987838 0.101919 -0.117427
vn 0.987480 0.079900 -0.136012
vn 0.268237 0.006910 -0.963328
vn 0.245738 -0.017557 -0.969177
vn 0.726389 0.040188 -0.686108
vn 0.690176 0.039909 -0.722540
vn -0.430286 -0.007425 -0.902662
vn 0.245738 -0.017557 -0.969177
vn 0.268237 0.006910 -0.963328
vn -0.183842 0.030198 -0.982492
vn -0.706318 0.018420 -0.707655
vn -0.430286 -0.007425 -0.902662
vn -0.183842 0.030198 -0.982492
vn -0.554865 0.037615 -0.831090
vn -0.370159 0.022360 -0.928699
vn -0.785932 0.267812 -0.557304
vn -0.661681 0.017605 -0.749579
vn -0.524419 0.002595 -0.851457
vn -0.602921 0.033085 -0.797114
vn -0.895313 0.025388 -0.444714
vn -0.831714 -0.188103 -0.522369
vn -0.809298 -0.584944 0.053638
vn -0.831714 -0.188103 -0.522369
vn -0.895313 0.025388 -0.444714
vn -0.837454 -0.019707 0.546152
vn -0.998728 0.010738 -0.049258
vn -0.923022 0.377092 0.076371
vn -0.748489 0.288218 0.597239
vn -0.946310 0.194264 0.258377
vn -0.837454 -0.019707 0.546152
vn -0.946310 0.194264 0.258377
vn -0.477318 -0.221029 0.850478
vn -0.869503 -0.069399 0.489028
vn -0.507747 -0.019679 0.861281
vn -0.463173 -0.013177 0.886170
vn 0.182177 0.016605 0.983126
vn 0.204792 0.016784 0.978662
vn -0.463173 -0.013177 0.886170
vn -0.507747 -0.019679 0.861281
vn 0.069133 -0.996525 0.046451
vn 0.068442 -0.995926 0.058708
vn 0.069073 -0.995852 0.059233
vn 0.071241 -0.995869 0.056293
vn 0.076692 -0.995485 0.055928
vn 0.067945 -0.996069 0.056834
vn 0.068715 -0.995982 0.057421
vn 0.065497 -0.996710 0.047736
vn 0.073735 -0.997239 0.008786
vn -0.345050 -0.006685 -0.938561
vn -0.682254 -0.002107 -0.731112
vn -0.723351 0.010627 -0.690398
vn -0.350893 0.011241 -0.936348
vn 0.175412 -0.028311 -0.984088
vn -0.550807 -0.098813 -0.828763
vn -0.732774 -0.072261 -0.676624
vn 0.047184 0.010196 -0.998834
vn 0.047184 0.010196 -0.998834
vn -0.732774 -0.072261 -0.676624
vn -0.706318 0.018420 -0.707655
vn -0.524419 0.002595 -0.851457
vn -0.998728 0.010738 -0.049258
vn -0.661681 0.017605 -0.749579
vn -0.785932 0.267812 -0.557304
vn -0.597068 0.496567 -0.630025
vn -0.923022 0.377092 0.076371
vn -0.699479 -0.521166 0.488994
vn -0.869503 -0.069399 0.489028
vn -0.477318 -0.221029 0.850478
vn -0.866726 -0.281088 -0.412038
vn -0.666867 0.111428 -0.736798
vn -0.862494 -0.295829 -0.410596
vn -0.859394 -0.287967 -0.422513
vn -0.952102 -0.295254 0.079541
vn -0.823593 -0.263267 0.502379
vn -0.807517 -0.257642 0.530600
vn -0.783666 -0.267121 0.560816
vn -0.838663 -0.326196 0.436166
vn -0.943597 -0.330251 -0.023638
vn -0.370159 0.022360 -0.928699
vn -0.831714 -0.188103 -0.522369
vn -0.105562 -0.504742 -0.856792
vn -0.288133 -0.066042 -0.955310
vn -0.831714 -0.188103 -0.522369
vn -0.809298 -0.584944 0.053638
vn 0.083831 -0.983797 -0.158476
vn -0.105562 -0.504742 -0.856792
vn -0.699479 -0.521166 0.488994
vn 0.099153 -0.762932 0.638830
vn 0.083831 -0.983797 -0.158476
vn -0.809298 -0.584944 0.053638
vn -0.699479 -0.521166 0.488994
vn -0.477318 -0.221029 0.850478
vn -0.018086 -0.388285 0.921362
vn 0.099153 -0.762932 0.638830
vn -0.477318 -0.221029 0.850478
vn -0.946310 0.194264 0.258377
vn -0.212036 0.208557 0.954749
vn -0.018086 -0.388285 0.921362
vn -0.748489 0.288218 0.597239
vn -0.369820 0.584403 0.722293
vn -0.212036 0.208557 0.954749
vn -0.946310 0.194264 0.258377
vn -0.748489 0.288218 0.597239
vn -0.923022 0.377092 0.076371
vn -0.552470 0.810140 0.196086
vn -0.369820 0.584403 0.722293
vn -0.597068 0.496567 -0.630025
vn -0.535640 0.676611 -0.505260
vn -0.552470 0.810140 0.196086
vn -0.923022 0.377092 0.076371
vn -0.597068 0.496567 -0.630025
vn -0.785932 0.267812 -0.557304
vn -0.429789 0.360075 -0.828026
vn -0.535640 0.676611 -0.505260
vn -0.370159 0.022360 -0.928699
vn -0.288133 -0.066042 -0.955310
vn -0.429789 0.360075 -0.828026
vn -0.785932 0.267812 -0.557304
vn 0.599496 -0.044961 0.799114
vn 0.645033 0.026008 0.763712
vn 0.182177 0.016605 0.983126
vn 0.038660 -0.016405 0.999118
vn 0.918927 -0.041837 0.392204
vn 0.905696 0.059341 0.419753
vn 0.645033 0.026008 0.763712
vn 0.599496 -0.044961 0.799114
vn 0.993940 -0.043313 -0.101032
vn 0.987480 0.079900 -0.136012
vn 0.905696 0.059341 0.419753
vn 0.918927 -0.041837 0.392204
vn 0.634696 -0.015991 -0.772596
vn 0.690176 0.039909 -0.722540
vn 0.987480 0.079900 -0.136012
vn 0.993940 -0.043313 -0.101032
vn 0.372018 -0.014724 -0.928109
vn 0.268237 0.006910 -0.963328
vn 0.690176 0.039909 -0.722540
vn 0.634696 -0.015991 -0.772596
vn 0.251218 -0.014453 -0.967823
vn -0.183842 0.030198 -0.982492
vn 0.268237 0.006910 -0.963328
vn 0.372018 -0.014724 -0.928109
vn -0.350893 0.011241 -0.936348
vn -0.554865 0.037615 -0.831090
vn -0.183842 0.030198 -0.982492
vn 0.251218 -0.014453 -0.967823
vn -0.908663 0.025897 -0.416727
vn -0.895313 0.025388 -0.444714
vn -0.602921 0.033085 -0.797114
vn -0.723351 0.010627 -0.690398
vn -0.809298 -0.584944 0.053638
vn -0.895313 0.025388 -0.444714
vn -0.908663 0.025897 -0.416727
vn -0.998034 0.057362 0.025265
vn -0.814603 0.055915 0.577317
vn -0.869503 -0.069399 0.489028
vn -0.809298 -0.584944 0.053638
vn -0.998034 0.057362 0.025265
vn -0.445828 0.025603 0.894752
vn -0.507747 -0.019679 0.861281
vn -0.869503 -0.069399 0.489028
vn -0.814603 0.055915 0.577317
vn 0.038660 -0.016405 0.999118
vn 0.182177 0.016605 0.983126
vn -0.507747 -0.019679 0.861281
vn -0.445828 0.025603 0.894752
vn -0.723351 0.010627 -0.690398
vn -0.602921 0.033085 -0.797114
vn -0.554865 0.037615 -0.831090
vn -0.350893 0.011241 -0.936348
vn 0.789800 0.082623 0.607774
vn 0.238349 0.059442 0.969359
vn 0.204792 0.016784 0.978662
vn 0.756899 0.062669 0.650521
vn 0.956562 0.064311 0.284347
vn 0.789800 0.082623 0.607774
vn 0.756899 0.062669 0.650521
vn 0.951759 0.111187 0.285994
vn 0.994234 0.057478 -0.090522
vn 0.956562 0.064311 0.284347
vn 0.951759 0.111187 0.285994
vn 0.987838 0.101919 -0.117427
vn 0.726389 0.040188 -0.686108
vn 0.723321 0.029631 -0.689876
vn 0.994234 0.057478 -0.090522
vn 0.987838 0.101919 -0.117427
vn 0.245738 -0.017557 -0.969177
vn 0.173885 -0.023565 -0.984484
vn 0.723321 0.029631 -0.689876
vn 0.726389 0.040188 -0.686108
vn -0.664897 -0.070185 -0.743630
vn 0.173885 -0.023565 -0.984484
vn 0.245738 -0.017557 -0.969177
vn -0.430286 -0.007425 -0.902662
vn -0.732774 -0.072261 -0.676624
vn -0.664897 -0.070185 -0.743630
vn -0.430286 -0.007425 -0.902662
vn -0.706318 0.018420 -0.707655
vn -0.262829 -0.051032 -0.963492
vn 0.047184 0.010196 -0.998834
vn -0.524419 0.002595 -0.851457
vn -0.661681 0.017605 -0.749579
vn -0.837454 -0.019707 0.546152
vn -0.816727 -0.031598 0.576159
vn -0.994803 -0.077628 -0.065887
vn -0.998728 0.010738 -0.049258
vn -0.463173 -0.013177 0.886170
vn -0.420214 0.008977 0.907381
vn -0.816727 -0.031598 0.576159
vn -0.837454 -0.019707 0.546152
vn 0.204792 0.016784 0.978662
vn 0.238349 0.059442 0.969359
vn -0.420214 0.008977 0.907381
vn -0.463173 -0.013177 0.886170
vn -0.554865 0.037615 -0.831090
vn -0.602921 0.033085 -0.797114
vn -0.524419 0.002595 -0.851457
vn -0.706318 0.018420 -0.707655
vn -0.998728 0.010738 -0.049258
vn -0.994803 -0.077628 -0.065887
vn -0.262829 -0.051032 -0.963492
vn -0.661681 0.017605 -0.749579
vn -0.190344 0.969444 -0.154752
vn -0.417348 0.908706 -0.008581
vn -0.296651 0.946987 -0.123342
vn -0.307806 0.927617 -0.211619
vn -0.164585 0.929912 -0.328901
vn 0.581964 0.071093 -0.810101
vn 0.742237 0.070200 -0.666451
vn 0.770619 0.032032 -0.636490
vn 0.605350 0.046723 -0.794587
vn 0.971991 0.101757 -0.211849
vn 0.981132 0.038590 -0.189450
vn 0.893325 0.037314 -0.447859
vn 0.876194 0.096671 -0.472163
vn 0.971991 0.101757 -0.211849
vn 0.992825 0.097326 0.069468
vn 0.996433 0.038033 0.075336
vn 0.981132 0.038590 -0.189450
vn -0.432461 -0.064440 -0.899347
vn -0.230933 -0.021820 -0.972725
vn -0.201218 -0.025020 -0.979227
vn -0.426560 -0.045490 -0.903315
vn -0.230933 -0.021820 -0.972725
vn 0.077402 0.059620 -0.995216
vn 0.025399 0.002879 -0.999673
vn -0.201218 -0.025020 -0.979227
vn 0.895554 -0.018009 -0.444589
vn 0.809308 -0.009203 -0.587312
vn 0.579472 -0.011387 -0.814912
vn 0.721882 -0.031535 -0.691297
vn 0.262602 -0.038443 0.964138
vn 0.991076 -0.006828 -0.133125
vn 0.995887 -0.008458 -0.090211
vn 0.251655 -0.038420 0.967054
vn 0.996100 -0.026818 0.084061
vn 0.966756 -0.035375 0.253240
vn 0.982976 -0.009636 -0.183484
vn 0.998991 -0.017498 -0.041365
vn -0.120622 0.007409 -0.992671
vn -0.138602 -0.003331 -0.990343
vn -0.357449 0.008312 -0.933896
vn -0.434019 0.034727 -0.900234
vn 0.181675 -0.016291 -0.983224
vn 0.060115 -0.005189 -0.998178
vn -0.138602 -0.003331 -0.990343
vn -0.120622 0.007409 -0.992671
vn -0.095934 -0.995179 0.020392
vn -0.089819 -0.995953 0.003141
vn -0.083603 -0.996375 0.015709
vn -0.079376 -0.996570 0.023411
vn -0.069770 -0.997077 0.031155
vn -0.078160 -0.996749 0.019556
vn -0.075621 -0.996971 0.018180
vn -0.071645 -0.997373 0.010643
vn -0.068973 -0.997559 0.010876
vn -0.069675 -0.997503 0.011571
vn -0.064376 -0.997790 0.016432
vn -0.052425 -0.998329 0.024314
vn -0.012536 -0.998113 0.060110
vn -0.065731 -0.997547 0.024081
vn -0.088763 -0.996051 0.001596
vn 0.895554 -0.018009 -0.444589
vn 0.721882 -0.031535 -0.691297
vn 0.645902 -0.016218 -0.763248
vn 0.786672 -0.024864 -0.616871
vn 0.888842 -0.032447 -0.457064
vn 0.980289 -0.035986 -0.194264
vn 0.998991 -0.017498 -0.041365
vn 0.990998 -0.010139 -0.133490
vn 0.991080 -0.007245 -0.133075
vn 0.991012 -0.007124 -0.133586
vn 0.895554 -0.018009 -0.444589
vn 0.786672 -0.024864 -0.616871
vn 0.996100 -0.026818 0.084061
vn 0.998991 -0.017498 -0.041365
vn 0.980289 -0.035986 -0.194264
vn 0.996055 -0.038015 0.080180
vn -0.217076 0.003152 -0.976150
vn -0.120622 0.007409 -0.992671
vn -0.434019 0.034727 -0.900234
vn -0.418840 -0.001847 -0.908058
vn -0.003651 0.007617 -0.999964
vn 0.181675 -0.016291 -0.983224
vn -0.120622 0.007409 -0.992671
vn -0.217076 0.003152 -0.976150
vn 0.047955 0.998849 -0.000536
vn 0.063712 0.997951 -0.005942
vn 0.046920 0.998891 -0.003941
vn 0.044054 0.999029 -0.000018
vn 0.043965 0.999033 -0.000368
vn 0.043434 0.999056 -0.000671
vn 0.044496 0.999010 -0.000180
vn 0.057910 0.998285 -0.008536
vn 0.007130 0.998563 0.053114
vn 0.057908 0.998285 -0.008533
vn 0.047505 0.998853 -0.005923
vn 0.044424 0.999012 0.001060
vn 0.770619 0.032032 -0.636490
vn 0.786672 -0.024864 -0.616871
vn 0.645902 -0.016218 -0.763248
vn 0.605350 0.046723 -0.794587
vn 0.770619 0.032032 -0.636490
vn 0.894494 0.024379 -0.446414
vn 0.888842 -0.032447 -0.457064
vn 0.786672 -0.024864 -0.616871
vn 0.996433 0.038033 0.075336
vn 0.996055 -0.038015 0.080180
vn 0.980289 -0.035986 -0.194264
vn 0.981132 0.038590 -0.189450
vn -0.201218 -0.025020 -0.979227
vn -0.217076 0.003152 -0.976150
vn -0.418840 -0.001847 -0.908058
vn -0.426560 -0.045490 -0.903315
vn 0.025399 0.002879 -0.999673
vn -0.003651 0.007617 -0.999964
vn -0.217076 0.003152 -0.976150
vn -0.201218 -0.025020 -0.979227
vn -0.159386 -0.001918 0.987215
vn -0.159213 0.000206 0.987244
vn -0.045612 -0.004462 0.998949
vn -0.060865 -0.011397 0.998081
vn 0.057292 -0.015253 0.998241
vn 0.041875 -0.026989 0.998758
vn -0.060865 -0.011397 0.998081
vn -0.045612 -0.004462 0.998949
vn -0.843441 0.034153 -0.536135
vn -0.817205 0.011690 -0.576228
vn -0.818987 0.012171 -0.573684
vn -0.845455 0.034807 -0.532911
vn -0.889346 -0.034634 0.455922
vn -0.837533 -0.116378 0.533850
vn -0.949268 -0.035048 0.312508
vn -0.929904 -0.022201 0.367133
vn 0.964254 -0.015524 -0.264523
vn 0.809308 -0.009203 -0.587312
vn 0.895554 -0.018009 -0.444589
vn 0.991012 -0.007124 -0.133586
vn 0.984332 -0.067601 -0.162850
vn 0.466917 -0.004861 -0.884288
vn 0.472939 -0.005416 -0.881078
vn 0.989551 -0.069215 -0.126483
vn -0.917371 0.022623 0.397391
vn -0.886801 0.019466 0.461740
vn -0.984693 0.052592 0.166173
vn -0.978458 0.078869 -0.190785
vn -0.886801 0.019466 0.461740
vn -0.887146 0.031413 0.460418
vn -0.870360 0.015015 0.492188
vn -0.984693 0.052592 0.166173
vn 0.996381 -0.054152 0.065515
vn 0.996381 -0.054152 0.065515
vn 0.996381 -0.054152 0.065515
vn -0.027991 -0.006158 0.999589
vn 0.094354 0.002089 0.995537
vn 0.014204 -0.004464 0.999889
vn -0.125161 -0.014517 0.992030
vn -0.978458 0.078869 -0.190785
vn -0.984693 0.052592 0.166173
vn -0.943972 -0.012710 0.329781
vn -0.958793 -0.026963 0.282824
vn -0.984693 0.052592 0.166173
vn -0.870360 0.015015 0.492188
vn -0.920917 0.015180 0.389462
vn -0.920909 0.046151 0.387035
vn -0.943972 -0.012710 0.329781
vn -0.008644 -0.008051 0.999930
vn 0.065791 0.007031 0.997809
vn -0.027991 -0.006158 0.999589
vn -0.081470 -0.005160 0.996662
vn -0.027991 -0.006158 0.999589
vn -0.125161 -0.014517 0.992030
vn -0.141801 -0.005367 0.989881
vn -0.081470 -0.005160 0.996662
vn -0.958793 -0.026963 0.282824
vn -0.943972 -0.012710 0.329781
vn -0.929904 -0.022201 0.367133
vn -0.949268 -0.035048 0.312508
vn -0.817256 -0.003144 -0.576266
vn -0.818987 0.012171 -0.573684
vn -0.817205 0.011690 -0.576228
vn -0.008644 -0.008051 0.999930
vn -0.081470 -0.005160 0.996662
vn -0.060865 -0.011397 0.998081
vn 0.041875 -0.026989 0.998758
vn -0.159386 -0.001918 0.987215
vn -0.060865 -0.011397 0.998081
vn -0.081470 -0.005160 0.996662
vn -0.141801 -0.005367 0.989881
vn 0.240713 0.024647 -0.970283
vn -0.031030 0.041929 -0.998639
vn -0.008741 0.041419 -0.999104
vn 0.256171 0.022213 -0.966376
vn 0.770619 0.032032 -0.636490
vn 0.742237 0.070200 -0.666451
vn 0.892213 0.084282 -0.443680
vn 0.894494 0.024379 -0.446414
vn 0.747215 0.052927 0.662471
vn 0.887835 0.153365 0.433852
vn 0.879127 0.148941 0.452716
vn 0.733438 0.049931 0.677920
vn 0.240713 0.024647 -0.970283
vn 0.256171 0.022213 -0.966376
vn 0.255400 0.012315 -0.966757
vn 0.747215 0.052927 0.662471
vn 0.733438 0.049931 0.677920
vn 0.734176 0.009577 0.678892
vn 0.893325 0.037314 -0.447859
vn 0.981132 0.038590 -0.189450
vn 0.980289 -0.035986 -0.194264
vn 0.888842 -0.032447 -0.457064
vn -0.894928 0.011302 0.446068
vn -0.889346 -0.034634 0.455922
vn -0.929904 -0.022201 0.367133
vn -0.886295 -0.024638 0.462466
vn -0.886295 -0.024638 0.462466
vn -0.929904 -0.022201 0.367133
vn -0.943972 -0.012710 0.329781
vn -0.920909 0.046151 0.387035
vn -0.920909 0.046151 0.387035
vn -0.920917 0.015180 0.389462
vn -0.893159 -0.022109 0.449197
vn -0.891043 -0.021113 0.453428
vn -0.891043 -0.021113 0.453428
vn -0.893159 -0.022109 0.449197
vn -0.894592 -0.001257 0.446882
vn -0.897864 0.003886 0.440256
vn 0.076143 0.012156 0.997023
vn 0.076941 0.019676 0.996841
vn 0.068730 0.022146 0.997389
vn 0.068730 0.022146 0.997389
vn 0.076941 0.019676 0.996841
vn -0.052970 0.049413 0.997373
vn -0.062576 0.050961 0.996738
vn 0.161491 0.005227 0.986860
vn 0.094354 0.002089 0.995537
vn -0.027991 -0.006158 0.999589
vn -0.868812 0.009067 0.495058
vn -0.868812 0.009067 0.495058
vn -0.868812 0.009067 0.495058
vn 0.065791 0.007031 0.997809
vn 0.144071 0.023382 0.989291
vn 0.131835 0.021284 0.991043
vn -0.027991 -0.006158 0.999589
vn 0.998991 -0.017498 -0.041365
vn 0.982976 -0.009636 -0.183484
vn 0.842345 0.010412 -0.538839
vn 0.990998 -0.010139 -0.133490
vn -0.852403 0.059439 0.519497
vn -0.950830 0.072391 0.301136
vn -0.991522 0.048178 0.120675
vn -0.935472 0.073709 0.345628
vn -0.968794 0.061725 -0.240057
vn -0.921365 0.036683 -0.386963
vn -0.991522 0.048178 0.120675
vn -0.950830 0.072391 0.301136
vn -0.968794 0.061725 -0.240057
vn -0.891372 0.029399 -0.452317
vn -0.776311 0.039288 -0.629125
vn -0.921365 0.036683 -0.386963
vn 0.448657 -0.065851 0.891275
vn 0.061702 -0.019177 0.997910
vn 0.036764 0.010744 0.999266
vn 0.428434 -0.020748 0.903335
vn 0.061702 -0.019177 0.997910
vn -0.377118 0.037364 0.925411
vn -0.355942 0.039661 0.933666
vn 0.036764 0.010744 0.999266
vn -0.998922 0.023459 0.040067
vn -0.976359 0.048516 0.210638
vn -0.854473 0.034276 0.518364
vn -0.943163 0.000919 0.332329
vn 0.023310 -0.045612 -0.998687
vn 0.023310 -0.045612 -0.998687
vn 0.023310 -0.045612 -0.998687
vn -0.878242 0.020197 -0.477789
vn -0.808625 0.011054 -0.588220
vn -0.973606 0.051318 -0.222391
vn -0.931512 0.025558 -0.362810
vn -0.086487 0.011767 0.996184
vn -0.059995 0.006665 0.998176
vn 0.274831 0.014812 0.961378
vn 0.373740 0.026769 0.927147
vn -0.489576 0.000802 0.871960
vn -0.362582 0.013044 0.931860
vn -0.059995 0.006665 0.998176
vn -0.086487 0.011767 0.996184
vn -0.009601 -0.999826 0.015984
vn -0.013877 -0.999673 0.021498
vn -0.018622 -0.999499 0.025610
vn -0.020839 -0.999482 0.024543
vn -0.017544 -0.999595 0.022424
vn 0.041865 0.998781 -0.026154
vn 0.042186 0.998796 -0.025019
vn 0.041276 0.998833 -0.025087
vn 0.040762 0.998902 -0.023076
vn 0.043093 0.998785 -0.023919
vn 0.045760 0.998756 -0.019834
vn 0.054435 0.998379 -0.016598
vn 0.043894 0.998802 -0.021649
vn -0.998922 0.023459 0.040067
vn -0.943163 0.000919 0.332329
vn -0.935472 0.073709 0.345628
vn -0.991522 0.048178 0.120675
vn -0.991522 0.048178 0.120675
vn -0.921365 0.036683 -0.386963
vn -0.931512 0.025558 -0.362810
vn -0.957739 0.032581 -0.285788
vn -0.998922 0.023459 0.040067
vn -0.878242 0.020197 -0.477789
vn -0.931512 0.025558 -0.362810
vn -0.921365 0.036683 -0.386963
vn -0.776311 0.039288 -0.629125
vn 0.036764 0.010744 0.999266
vn -0.086487 0.011767 0.996184
vn 0.373740 0.026769 0.927147
vn 0.428434 -0.020748 0.903335
vn -0.355942 0.039661 0.933666
vn -0.489576 0.000802 0.871960
vn -0.086487 0.011767 0.996184
vn 0.036764 0.010744 0.999266
vn 0.790481 -0.051538 -0.610315
vn 0.755455 -0.039831 -0.653989
vn 0.597165 -0.030985 -0.801520
vn 0.752880 -0.071552 -0.654257
vn 0.847043 -0.039415 -0.530061
vn 0.894936 -0.051688 -0.443191
vn 0.755455 -0.039831 -0.653989
vn 0.790481 -0.051538 -0.610315
vn -0.984856 0.042939 -0.167970
vn -0.976359 0.048516 0.210638
vn -0.998922 0.023459 0.040067
vn -0.957739 0.032581 -0.285788
vn -0.761835 0.023122 0.647358
vn -0.761835 0.023122 0.647358
vn -0.761835 0.023122 0.647358
vn 0.932156 -0.025957 -0.361124
vn 0.944957 -0.014267 -0.326882
vn 0.864937 -0.057382 -0.498589
vn 0.854656 -0.060040 -0.515712
vn 0.823105 -0.048447 -0.565820
vn 0.770627 -0.037903 -0.636158
vn 0.686267 -0.056380 -0.725161
vn 0.721419 -0.026637 -0.691987
vn 0.854656 -0.060040 -0.515712
vn 0.864937 -0.057382 -0.498589
vn 0.885407 -0.037556 -0.463297
vn 0.884021 -0.036874 -0.465991
vn 0.894936 -0.051688 -0.443191
vn 0.903794 -0.050749 -0.424948
vn 0.823105 -0.048447 -0.565820
vn 0.755455 -0.039831 -0.653989
vn 0.823105 -0.048447 -0.565820
vn 0.721419 -0.026637 -0.691987
vn 0.597165 -0.030985 -0.801520
vn 0.755455 -0.039831 -0.653989
vn 0.885407 -0.037556 -0.463297
vn 0.936285 -0.064840 -0.345203
vn 0.932388 -0.062659 -0.355986
vn 0.884021 -0.036874 -0.465991
vn 0.903794 -0.050749 -0.424948
vn 0.831598 -0.006069 -0.555345
vn 0.770627 -0.037903 -0.636158
vn 0.823105 -0.048447 -0.565820
vn -0.931512 0.025558 -0.362810
vn -0.973606 0.051318 -0.222391
vn -0.989694 0.073305 0.123015
vn -0.957739 0.032581 -0.285788
vn 0.943282 -0.046991 -0.328650
vn 0.983209 -0.047086 0.176303
vn 0.960589 -0.073762 0.268009
vn 0.972778 -0.062548 -0.223139
vn 0.983209 -0.047086 0.176303
vn 0.761914 -0.020467 0.647354
vn 0.759632 -0.068762 0.646708
vn 0.960589 -0.073762 0.268009
vn 0.761914 -0.020467 0.647354
vn 0.330194 0.001025 0.943913
vn 0.272402 -0.047658 0.961003
vn 0.759632 -0.068762 0.646708
vn 0.330194 0.001025 0.943913
vn -0.468099 0.036862 0.882907
vn -0.378058 -0.006789 0.925757
vn 0.272402 -0.047658 0.961003
vn -0.468099 0.036862 0.882907
vn -0.491654 -0.008132 0.870753
vn -0.769973 0.042074 0.636688
vn -0.378058 -0.006789 0.925757
vn -0.491654 -0.008132 0.870753
vn -0.546789 -0.046912 0.835955
vn -0.968845 0.076733 0.235479
vn -0.769973 0.042074 0.636688
vn -0.546789 -0.046912 0.835955
vn -0.997941 0.004138 0.064001
vn -0.985888 0.064639 -0.154427
vn -0.968845 0.076733 0.235479
vn -0.819414 0.012622 -0.573063
vn -0.769078 0.009828 -0.639079
vn -0.974009 0.046228 -0.221744
vn -0.950437 0.006777 -0.310843
vn -0.410059 -0.018768 -0.911866
vn -0.268621 0.588030 -0.762931
vn -0.769078 0.009828 -0.639079
vn -0.819414 0.012622 -0.573063
vn -0.410059 -0.018768 -0.911866
vn 0.167109 -0.043897 -0.984961
vn 0.088714 0.064966 -0.993936
vn -0.268621 0.588030 -0.762931
vn 0.167109 -0.043897 -0.984961
vn 0.645439 -0.035959 -0.762965
vn 0.588049 -0.018722 -0.808608
vn 0.088714 0.064966 -0.993936
vn 0.645439 -0.035959 -0.762965
vn 0.943282 -0.046991 -0.328650
vn 0.972778 -0.062548 -0.223139
vn 0.588049 -0.018722 -0.808608
vn 0.960589 -0.073762 0.268009
vn 0.978681 -0.103708 0.177280
vn 0.941665 -0.076311 -0.327786
vn 0.972778 -0.062548 -0.223139
vn 0.759632 -0.068762 0.646708
vn 0.698017 -0.124911 0.705103
vn 0.978681 -0.103708 0.177280
vn 0.960589 -0.073762 0.268009
vn 0.272402 -0.047658 0.961003
vn 0.319891 -0.105268 0.941588
vn 0.698017 -0.124911 0.705103
vn 0.759632 -0.068762 0.646708
vn -0.378058 -0.006789 0.925757
vn -0.130814 -0.044630 0.990402
vn 0.319891 -0.105268 0.941588
vn 0.272402 -0.047658 0.961003
vn -0.769973 0.042074 0.636688
vn -0.763163 0.040961 0.644907
vn -0.130814 -0.044630 0.990402
vn -0.378058 -0.006789 0.925757
vn -0.968845 0.076733 0.235479
vn -0.935453 0.083736 -0.343388
vn -0.763163 0.040961 0.644907
vn -0.769973 0.042074 0.636688
vn -0.985888 0.064639 -0.154427
vn -0.982323 0.065384 -0.175404
vn -0.935453 0.083736 -0.343388
vn -0.968845 0.076733 0.235479
vn -0.941087 -0.110374 -0.319644
vn -0.983619 0.138323 -0.115584
vn -0.836845 0.064788 0.543592
vn -0.974009 0.046228 -0.221744
vn -0.769078 0.009828 -0.639079
vn -0.799686 0.230069 -0.554591
vn -0.967551 -0.107655 0.228595
vn -0.268621 0.588030 -0.762931
vn -0.799686 0.230069 -0.554591
vn -0.769078 0.009828 -0.639079
vn 0.488029 -0.133510 -0.862556
vn 0.185150 0.030908 -0.982224
vn -0.370269 0.087704 -0.924775
vn -0.317548 -0.367321 -0.874207
vn 0.606981 -0.725515 0.324349
vn 0.588049 -0.018722 -0.808608
vn 0.650133 -0.031608 -0.759163
vn 0.185150 0.030908 -0.982224
vn 0.488029 -0.133510 -0.862556
vn 0.972778 -0.062548 -0.223139
vn 0.941665 -0.076311 -0.327786
vn 0.650133 -0.031608 -0.759163
vn 0.588049 -0.018722 -0.808608
vn 0.049168 0.998538 0.022480
vn 0.059562 0.998077 0.017154
vn 0.060262 0.998029 0.017506
vn 0.058539 0.998074 0.020537
vn 0.060341 0.997853 0.025448
vn 0.057732 0.998180 0.017447
vn 0.058566 0.998123 0.017897
vn 0.048845 0.998629 0.018831
vn 0.018136 0.998991 0.041084
vn -0.997941 0.004138 0.064001
vn -0.950437 0.006777 -0.310843
vn -0.974009 0.046228 -0.221744
vn -0.985888 0.064639 -0.154427
vn -0.836845 0.064788 0.543592
vn -0.982323 0.065384 -0.175404
vn -0.985888 0.064639 -0.154427
vn -0.974009 0.046228 -0.221744
vn -0.317548 -0.367321 -0.874207
vn -0.370269 0.087704 -0.924775
vn -0.983619 0.138323 -0.115584
vn -0.941087 -0.110374 -0.319644
vn -0.200172 -0.873968 0.442844
vn 0.149277 0.526467 -0.836988
vn 0.088714 0.064966 -0.993936
vn 0.590255 0.206944 -0.780239
vn -0.716475 0.324529 -0.617531
vn -0.947841 -0.075966 -0.309558
vn -0.716121 0.335761 -0.611911
vn -0.721257 0.333048 -0.607345
vn -0.298681 0.323847 -0.897727
vn 0.121574 0.274213 -0.953953
vn 0.152577 0.267699 -0.951345
vn 0.188999 0.276080 -0.942369
vn 0.051863 0.342452 -0.938103
vn -0.408980 0.362144 -0.837608
vn -0.967551 -0.107655 0.228595
vn -0.799686 0.230069 -0.554591
vn -0.807965 0.540946 0.233604
vn -0.988098 0.096872 0.119493
vn -0.799686 0.230069 -0.554591
vn -0.268621 0.588030 -0.762931
vn -0.116255 0.986858 0.112229
vn -0.807965 0.540946 0.233604
vn 0.149277 0.526467 -0.836988
vn 0.608275 0.771314 -0.187287
vn -0.116255 0.986858 0.112229
vn -0.268621 0.588030 -0.762931
vn 0.149277 0.526467 -0.836988
vn 0.590255 0.206944 -0.780239
vn 0.834646 0.370082 -0.407929
vn 0.608275 0.771314 -0.187287
vn 0.590255 0.206944 -0.780239
vn 0.488029 -0.133510 -0.862556
vn 0.778330 -0.254094 -0.574142
vn 0.834646 0.370082 -0.407929
vn 0.606981 -0.725515 0.324349
vn 0.503577 -0.618550 -0.603164
vn 0.778330 -0.254094 -0.574142
vn 0.488029 -0.133510 -0.862556
vn 0.606981 -0.725515 0.324349
vn -0.317548 -0.367321 -0.874207
vn -0.030895 -0.831123 -0.555229
vn 0.503577 -0.618550 -0.603164
vn -0.200172 -0.873968 0.442844
vn -0.665657 -0.693584 -0.275396
vn -0.030895 -0.831123 -0.555229
vn -0.317548 -0.367321 -0.874207
vn -0.200172 -0.873968 0.442844
vn -0.941087 -0.110374 -0.319644
vn -0.935656 -0.349404 -0.049635
vn -0.665657 -0.693584 -0.275396
vn -0.967551 -0.107655 0.228595
vn -0.988098 0.096872 0.119493
vn -0.935656 -0.349404 -0.049635
vn -0.941087 -0.110374 -0.319644
vn -0.193243 -0.977190 -0.088074
vn -0.154777 -0.923967 -0.349756
vn -0.207817 -0.958349 -0.195908
vn -0.292464 -0.940756 -0.171588
vn -0.341189 -0.939987 0.003683
vn -0.989417 0.004795 -0.145018
vn -0.684883 0.019028 -0.728404
vn -0.800166 0.032307 -0.598907
vn -0.965989 0.027921 -0.257070
vn -0.684883 0.019028 -0.728404
vn -0.421694 0.021456 -0.906484
vn -0.475319 0.039257 -0.878937
vn -0.800166 0.032307 -0.598907
vn -0.421694 0.021456 -0.906484
vn -0.178726 0.009477 -0.983853
vn 0.159104 0.039065 -0.986489
vn -0.475319 0.039257 -0.878937
vn -0.178726 0.009477 -0.983853
vn 0.261449 0.000008 -0.965217
vn 0.528370 0.030666 -0.848460
vn 0.159104 0.039065 -0.986489
vn 0.261449 0.000008 -0.965217
vn 0.677230 -0.003681 -0.735763
vn 0.688796 0.022212 -0.724615
vn 0.528370 0.030666 -0.848460
vn 0.677230 -0.003681 -0.735763
vn 0.970074 -0.005858 -0.242737
vn 0.943234 0.021124 -0.331456
vn 0.688796 0.022212 -0.724615
vn 0.970074 -0.005858 -0.242737
vn 0.978534 -0.018035 0.205294
vn 0.951468 0.016537 0.307304
vn 0.943234 0.021124 -0.331456
vn 0.978534 -0.018035 0.205294
vn 0.795328 -0.028108 0.605528
vn 0.726421 0.008842 0.687193
vn 0.951468 0.016537 0.307304
vn 0.795328 -0.028108 0.605528
vn 0.569034 -0.032644 0.821666
vn 0.449708 -0.000440 0.893175
vn 0.726421 0.008842 0.687193
vn 0.569034 -0.032644 0.821666
vn 0.082837 -0.025396 0.996239
vn 0.107571 -0.023093 0.993929
vn 0.449708 -0.000440 0.893175
vn 0.082837 -0.025396 0.996239
vn -0.473194 -0.012822 0.880865
vn -0.457559 -0.014786 0.889057
vn 0.107571 -0.023093 0.993929
vn -0.473194 -0.012822 0.880865
vn -0.760800 -0.009881 0.648911
vn -0.773388 -0.005074 0.633912
vn -0.457559 -0.014786 0.889057
vn -0.760800 -0.009881 0.648911
vn -0.971966 0.005638 0.235056
vn -0.916909 -0.010051 0.398969
vn -0.773388 -0.005074 0.633912
vn -0.971966 0.005638 0.235056
vn -0.989417 0.004795 -0.145018
vn -0.965989 0.027921 -0.257070
vn -0.916909 -0.010051 0.398969
vn -0.965989 0.027921 -0.257070
vn -0.800166 0.032307 -0.598907
vn -0.823142 0.046095 -0.565962
vn -0.988468 0.016101 -0.150570
vn -0.800166 0.032307 -0.598907
vn -0.475319 0.039257 -0.878937
vn -0.490062 0.054194 -0.870001
vn -0.823142 0.046095 -0.565962
vn -0.475319 0.039257 -0.878937
vn 0.159104 0.039065 -0.986489
vn 0.114799 0.039711 -0.992595
vn -0.490062 0.054194 -0.870001
vn 0.159104 0.039065 -0.986489
vn 0.528370 0.030666 -0.848460
vn 0.479105 0.039128 -0.876885
vn 0.114799 0.039711 -0.992595
vn 0.528370 0.030666 -0.848460
vn 0.688796 0.022212 -0.724615
vn 0.687379 0.046447 -0.724813
vn 0.479105 0.039128 -0.876885
vn 0.688796 0.022212 -0.724615
vn 0.943234 0.021124 -0.331456
vn 0.944862 0.050545 -0.323545
vn 0.687379 0.046447 -0.724813
vn 0.943234 0.021124 -0.331456
vn 0.951468 0.016537 0.307304
vn 0.951035 0.046441 0.305575
vn 0.944862 0.050545 -0.323545
vn 0.951468 0.016537 0.307304
vn 0.726421 0.008842 0.687193
vn 0.749839 0.036093 0.660635
vn 0.951035 0.046441 0.305575
vn 0.726421 0.008842 0.687193
vn 0.449708 -0.000440 0.893175
vn 0.495939 0.024496 0.868012
vn 0.749839 0.036093 0.660635
vn 0.449708 -0.000440 0.893175
vn 0.107571 -0.023093 0.993929
vn -0.032465 0.009712 0.999426
vn 0.495939 0.024496 0.868012
vn 0.107571 -0.023093 0.993929
vn -0.457559 -0.014786 0.889057
vn -0.464564 -0.016823 0.885380
vn -0.032465 0.009712 0.999426
vn -0.457559 -0.014786 0.889057
vn -0.773388 -0.005074 0.633912
vn -0.805951 0.009331 0.591908
vn -0.464564 -0.016823 0.885380
vn -0.773388 -0.005074 0.633912
vn -0.916909 -0.010051 0.398969
vn -0.939866 0.005844 0.341495
vn -0.805951 0.009331 0.591908
vn -0.916909 -0.010051 0.398969
vn -0.965989 0.027921 -0.257070
vn -0.988468 0.016101 -0.150570
vn -0.939866 0.005844 0.341495
vn -0.160559 0.986963 0.011184
vn -0.285513 0.953907 -0.092437
vn -0.168336 0.985728 0.001517
vn -0.009997 0.999826 0.015749
vn -0.240950 0.970521 0.005729
vn 0.315284 0.513584 -0.798015
vn -0.082108 0.990762 -0.107926
vn -0.002582 0.999918 0.012549
vn -0.002586 0.999918 0.012543
vn -0.002585 0.999918 0.012543
vn -0.085933 0.996113 0.019343
vn 0.002421 0.999947 0.010001
vn -0.139144 0.985348 0.098634
vn -0.221376 0.902121 -0.370366
vn -0.073580 -0.992209 -0.100536
vn 0.173296 -0.956237 -0.235754
vn -0.061404 -0.996871 -0.049777
vn -0.000906 -0.999856 -0.016932
vn -0.075881 -0.997113 -0.002664
vn 0.036795 -0.978576 0.202572
vn -0.116218 -0.990810 0.069206
vn -0.437617 -0.567228 0.697670
vn -0.143291 -0.989007 0.036521
vn -0.144263 -0.989496 -0.009306
vn -0.119681 -0.991992 -0.040355
vn -0.426216 -0.841397 -0.332250
vn -0.119465 -0.987970 -0.098201
vn -0.090108 -0.920302 -0.380690
vn -0.807064 0.014771 0.590280
vn -0.927647 0.031253 0.372148
vn -0.979763 0.014760 0.199616
vn -0.906659 0.031082 0.420717
vn -0.985956 0.036911 -0.162876
vn -0.949546 0.022657 -0.312808
vn -0.979763 0.014760 0.199616
vn -0.927647 0.031253 0.372148
vn -0.985956 0.036911 -0.162876
vn -0.924959 0.018640 -0.379609
vn -0.823733 0.034928 -0.565901
vn -0.949546 0.022657 -0.312808
vn 0.522019 -0.071168 0.849960
vn 0.144337 -0.043909 0.988554
vn 0.117249 -0.019211 0.992917
vn 0.499774 -0.035507 0.865428
vn 0.144337 -0.043909 0.988554
vn -0.303671 -0.004186 0.952768
vn -0.280036 -0.001691 0.959988
vn 0.117249 -0.019211 0.992917
vn -0.993215 -0.003066 0.116250
vn -0.956069 0.013154 0.292847
vn -0.807234 -0.003116 0.590223
vn -0.914072 -0.029227 0.404497
vn -0.054118 -0.007965 -0.998503
vn -0.054118 -0.007965 -0.998503
vn -0.054118 -0.007965 -0.998503
vn -0.915385 0.011260 -0.402422
vn -0.852625 0.009218 -0.522443
vn -0.990257 0.028015 -0.136403
vn -0.957207 0.012364 -0.289140
vn -0.005465 -0.020734 0.999770
vn 0.012770 -0.024599 0.999616
vn 0.344912 -0.011443 0.938565
vn 0.444001 0.002393 0.896023
vn -0.420433 -0.035965 0.906610
vn -0.287803 -0.024168 0.957385
vn 0.012770 -0.024599 0.999616
vn -0.005465 -0.020734 0.999770
vn 0.030342 -0.997923 -0.056827
vn 0.024350 -0.996635 -0.078270
vn 0.042036 -0.997567 -0.055614
vn 0.072945 -0.996045 -0.050734
vn 0.033381 -0.997549 -0.061488
vn 0.044501 -0.997772 -0.049703
vn 0.039892 -0.998291 -0.042693
vn 0.034580 -0.998706 -0.037301
vn 0.031813 -0.998757 -0.038375
vn 0.035572 -0.998516 -0.041237
vn 0.028400 -0.998587 -0.044925
vn -0.006625 0.999384 0.034449
vn -0.006130 0.999341 0.035784
vn -0.007234 0.999333 0.035790
vn -0.007663 0.999238 0.038263
vn -0.004929 0.999302 0.037023
vn -0.001325 0.999130 0.041688
vn 0.009455 0.998953 0.044750
vn -0.003752 0.999205 0.039680
vn -0.993215 -0.003066 0.116250
vn -0.914072 -0.029227 0.404497
vn -0.906659 0.031082 0.420717
vn -0.979763 0.014760 0.199616
vn -0.979763 0.014760 0.199616
vn -0.949546 0.022657 -0.312808
vn -0.957207 0.012364 -0.289140
vn -0.977912 0.014945 -0.208484
vn -0.993215 -0.003066 0.116250
vn -0.915385 0.011260 -0.402422
vn -0.957207 0.012364 -0.289140
vn -0.949546 0.022657 -0.312808
vn -0.823733 0.034928 -0.565901
vn 0.117249 -0.019211 0.992917
vn -0.005465 -0.020734 0.999770
vn 0.444001 0.002393 0.896023
vn 0.499774 -0.035507 0.865428
vn -0.280036 -0.001691 0.959988
vn -0.420433 -0.035965 0.906610
vn -0.005465 -0.020734 0.999770
vn 0.117249 -0.019211 0.992917
vn 0.741942 -0.008333 -0.670412
vn 0.702658 0.002085 -0.711524
vn 0.529052 0.010502 -0.848525
vn 0.700442 -0.024001 -0.713306
vn 0.801479 0.001535 -0.598021
vn 0.857808 -0.010688 -0.513859
vn 0.702658 0.002085 -0.711524
vn 0.741942 -0.008333 -0.670412
vn -0.996065 0.019333 -0.086489
vn -0.956069 0.013154 0.292847
vn -0.993215 -0.003066 0.116250
vn -0.977912 0.014945 -0.208484
vn -0.708706 -0.015966 0.705323
vn -0.708706 -0.015966 0.705323
vn -0.708706 -0.015966 0.705323
vn 0.903704 0.010297 -0.428034
vn 0.916437 0.017785 -0.399784
vn 0.821799 -0.015568 -0.569564
vn 0.812087 -0.016213 -0.583311
vn 0.777407 -0.006469 -0.628964
vn 0.717228 0.004647 -0.696823
vn 0.627067 -0.010531 -0.778894
vn 0.665176 0.014480 -0.746546
vn 0.812087 -0.016213 -0.583311
vn 0.821799 -0.015568 -0.569564
vn 0.846370 0.001679 -0.532593
vn 0.845106 0.001795 -0.534595
vn 0.857808 -0.010688 -0.513859
vn 0.869651 -0.011308 -0.493538
vn 0.777407 -0.006469 -0.628964
vn 0.702658 0.002085 -0.711524
vn 0.777407 -0.006469 -0.628964
vn 0.665176 0.014480 -0.746546
vn 0.529052 0.010502 -0.848525
vn 0.702658 0.002085 -0.711524
vn 0.846370 0.001679 -0.532593
vn 0.907352 -0.023620 -0.419707
vn 0.903440 -0.021959 -0.428152
vn 0.845106 0.001795 -0.534595
vn 0.869651 -0.011308 -0.493538
vn 0.785280 0.028859 -0.618468
vn 0.717228 0.004647 -0.696823
vn 0.777407 -0.006469 -0.628964
vn -0.957207 0.012364 -0.289140
vn -0.990257 0.028015 -0.136403
vn -0.977726 0.036060 0.206767
vn -0.977912 0.014945 -0.208484
vn -0.997635 -0.031909 -0.060882
vn -0.810822 -0.031153 0.584464
vn -0.826197 -0.032080 0.562467
vn -0.998306 -0.022560 -0.053635
vn -0.810822 -0.031153 0.584464
vn -0.610877 -0.045177 0.790436
vn -0.708438 -0.023797 0.705371
vn -0.826197 -0.032080 0.562467
vn -0.610877 -0.045177 0.790436
vn -0.363489 -0.043565 0.930579
vn -0.393386 -0.027085 0.918974
vn -0.708438 -0.023797 0.705371
vn -0.363489 -0.043565 0.930579
vn 0.049263 -0.022950 0.998522
vn 0.147023 -0.015247 0.989016
vn -0.393386 -0.027085 0.918974
vn 0.049263 -0.022950 0.998522
vn 0.513182 -0.034445 0.857588
vn 0.439862 -0.000978 0.898065
vn 0.147023 -0.015247 0.989016
vn 0.513182 -0.034445 0.857588
vn 0.901407 -0.027519 0.432098
vn 0.897395 -0.000468 0.441228
vn 0.439862 -0.000978 0.898065
vn 0.901407 -0.027519 0.432098
vn 0.999945 -0.006340 -0.008384
vn 0.995356 0.007518 -0.095973
vn 0.897395 -0.000468 0.441228
vn 0.999945 -0.006340 -0.008384
vn 0.903380 0.003852 -0.428823
vn 0.901003 0.022707 -0.433218
vn 0.995356 0.007518 -0.095973
vn 0.903380 0.003852 -0.428823
vn 0.713349 0.020475 -0.700510
vn 0.688781 0.027693 -0.724441
vn 0.901003 0.022707 -0.433218
vn 0.713349 0.020475 -0.700510
vn 0.284654 0.026070 -0.958276
vn 0.228856 0.020964 -0.973235
vn 0.688781 0.027693 -0.724441
vn 0.284654 0.026070 -0.958276
vn -0.285824 -0.006814 -0.958258
vn -0.298032 0.004073 -0.954547
vn 0.228856 0.020964 -0.973235
vn -0.285824 -0.006814 -0.958258
vn -0.622071 -0.014238 -0.782831
vn -0.690499 -0.012278 -0.723229
vn -0.298032 0.004073 -0.954547
vn -0.622071 -0.014238 -0.782831
vn -0.903786 -0.025602 -0.427219
vn -0.906384 -0.021290 -0.421917
vn -0.690499 -0.012278 -0.723229
vn -0.903786 -0.025602 -0.427219
vn -0.997635 -0.031909 -0.060882
vn -0.998306 -0.022560 -0.053635
vn -0.906384 -0.021290 -0.421917
vn -0.998306 -0.022560 -0.053635
vn -0.826197 -0.032080 0.562467
vn -0.903173 -0.035262 0.427826
vn -0.997675 -0.038055 0.056540
vn -0.826197 -0.032080 0.562467
vn -0.708438 -0.023797 0.705371
vn -0.640807 -0.036334 0.766842
vn -0.903173 -0.035262 0.427826
vn -0.708438 -0.023797 0.705371
vn -0.393386 -0.027085 0.918974
vn -0.047178 -0.028552 0.998478
vn -0.640807 -0.036334 0.766842
vn -0.393386 -0.027085 0.918974
vn 0.147023 -0.015247 0.989016
vn 0.348857 -0.016362 0.937033
vn -0.047178 -0.028552 0.998478
vn 0.147023 -0.015247 0.989016
vn 0.439862 -0.000978 0.898065
vn 0.526201 -0.005099 0.850345
vn 0.348857 -0.016362 0.937033
vn 0.439862 -0.000978 0.898065
vn 0.897395 -0.000468 0.441228
vn 0.857347 0.004054 0.514724
vn 0.526201 -0.005099 0.850345
vn 0.897395 -0.000468 0.441228
vn 0.995356 0.007518 -0.095973
vn 0.993983 0.009566 -0.109113
vn 0.857347 0.004054 0.514724
vn 0.995356 0.007518 -0.095973
vn 0.901003 0.022707 -0.433218
vn 0.849398 0.012567 -0.527603
vn 0.993983 0.009566 -0.109113
vn 0.901003 0.022707 -0.433218
vn 0.688781 0.027693 -0.724441
vn 0.619817 0.017710 -0.784546
vn 0.849398 0.012567 -0.527603
vn 0.688781 0.027693 -0.724441
vn 0.228856 0.020964 -0.973235
vn 0.303673 0.034284 -0.952159
vn 0.619817 0.017710 -0.784546
vn 0.228856 0.020964 -0.973235
vn -0.298032 0.004073 -0.954547
vn -0.265035 0.025085 -0.963912
vn 0.303673 0.034284 -0.952159
vn -0.298032 0.004073 -0.954547
vn -0.690499 -0.012278 -0.723229
vn -0.627983 0.010213 -0.778160
vn -0.265035 0.025085 -0.963912
vn -0.690499 -0.012278 -0.723229
vn -0.906384 -0.021290 -0.421917
vn -0.817716 0.003807 -0.575609
vn -0.627983 0.010213 -0.778160
vn -0.906384 -0.021290 -0.421917
vn -0.998306 -0.022560 -0.053635
vn -0.997675 -0.038055 0.056540
vn -0.817716 0.003807 -0.575609
vn -0.997675 -0.038055 0.056540
vn -0.903173 -0.035262 0.427826
vn -0.898259 -0.055631 0.435931
vn -0.998375 -0.025451 -0.050989
vn -0.903173 -0.035262 0.427826
vn -0.640807 -0.036334 0.766842
vn -0.623547 -0.046453 0.780404
vn -0.898259 -0.055631 0.435931
vn -0.640807 -0.036334 0.766842
vn -0.047178 -0.028552 0.998478
vn -0.089888 -0.019474 0.995761
vn -0.623547 -0.046453 0.780404
vn -0.047178 -0.028552 0.998478
vn 0.348857 -0.016362 0.937033
vn 0.292017 -0.017890 0.956246
vn -0.089888 -0.019474 0.995761
vn 0.348857 -0.016362 0.937033
vn 0.526201 -0.005099 0.850345
vn 0.527445 -0.023071 0.849276
vn 0.292017 -0.017890 0.956246
vn 0.526201 -0.005099 0.850345
vn 0.857347 0.004054 0.514724
vn 0.860571 -0.021510 0.508876
vn 0.527445 -0.023071 0.849276
vn 0.857347 0.004054 0.514724
vn 0.993983 0.009566 -0.109113
vn 0.994163 -0.014838 -0.106859
vn 0.860571 -0.021510 0.508876
vn 0.993983 0.009566 -0.109113
vn 0.849398 0.012567 -0.527603
vn 0.868081 -0.006388 -0.496381
vn 0.994163 -0.014838 -0.106859
vn 0.849398 0.012567 -0.527603
vn 0.619817 0.017710 -0.784546
vn 0.661535 0.005433 -0.749895
vn 0.868081 -0.006388 -0.496381
vn 0.619817 0.017710 -0.784546
vn 0.303673 0.034284 -0.952159
vn 0.168347 0.017422 -0.985574
vn 0.661535 0.005433 -0.749895
vn 0.303673 0.034284 -0.952159
vn -0.265035 0.025085 -0.963912
vn -0.278533 0.040104 -0.959589
vn 0.168347 0.017422 -0.985574
vn -0.265035 0.025085 -0.963912
vn -0.627983 0.010213 -0.778160
vn -0.634044 0.011113 -0.773217
vn -0.278533 0.040104 -0.959589
vn -0.627983 0.010213 -0.778160
vn -0.817716 0.003807 -0.575609
vn -0.826454 -0.000502 -0.563004
vn -0.634044 0.011113 -0.773217
vn -0.817716 0.003807 -0.575609
vn -0.997675 -0.038055 0.056540
vn -0.998375 -0.025451 -0.050989
vn -0.826454 -0.000502 -0.563004
vn -0.141266 -0.989006 -0.043726
vn -0.286385 -0.957540 0.033191
vn -0.150892 -0.987903 -0.035767
vn 0.008615 -0.999808 -0.017574
vn -0.222056 -0.973501 -0.054644
vn 0.155699 -0.509101 0.846507
vn -0.087935 -0.992061 0.089903
vn 0.015265 -0.999800 -0.012903
vn 0.015269 -0.999800 -0.012907
vn 0.015269 -0.999800 -0.012907
vn -0.065717 -0.997167 -0.036597
vn 0.019692 -0.999762 -0.009380
vn -0.102314 -0.986785 -0.125651
vn -0.280157 -0.904823 0.320635
vn -0.108370 0.990805 0.081000
vn 0.130301 0.940922 0.312549
vn -0.084265 0.995796 0.035902
vn -0.019386 0.999689 0.015686
vn -0.085574 0.996249 -0.012856
vn 0.070103 0.974631 -0.212558
vn -0.115744 0.989238 -0.089504
vn -0.296742 0.561148 -0.772695
vn -0.148941 0.986697 -0.065158
vn -0.159195 0.987042 -0.020137
vn -0.140188 0.990003 0.015520
vn -0.498550 0.832976 0.239998
vn -0.152803 0.985590 0.072543
vn -0.180026 0.916742 0.356615
vn -0.911561 -0.037522 0.409448
vn -0.748834 -0.087770 0.656920
vn -0.984402 -0.025699 0.174047
vn -0.955685 -0.032532 0.292587
vn -0.955685 -0.032532 0.292587
vn -0.919730 0.058671 -0.388142
vn -0.815054 -0.037061 -0.578199
vn -0.911561 -0.037522 0.409448
vn 0.011373 -0.999935 -0.000884
vn 0.021199 -0.999766 -0.004294
vn 0.023238 -0.999726 -0.002664
vn 0.023238 -0.999729 -0.001359
vn 0.023770 -0.999716 -0.001808
vn 0.023048 -0.999733 -0.001380
vn 0.531474 -0.508809 0.677236
vn 0.122890 -0.564539 0.816207
vn 0.570726 -0.051912 0.819498
vn -0.279513 0.952079 0.124171
vn -0.346431 0.937698 0.026618
vn -0.402371 0.906981 0.124432
vn -0.217669 0.974400 0.056259
vn -0.052478 0.998030 0.034395
vn -0.058253 0.997789 0.031989
vn -0.050843 0.998089 0.035128
vn -0.067067 0.996852 0.042277
vn -0.076336 0.994521 0.071413
vn -0.104839 0.985999 0.129669
vn 0.028602 -0.998829 -0.039012
vn 0.017567 -0.998911 -0.043226
vn 0.019771 -0.997587 -0.066559
vn 0.013559 -0.999241 -0.036517
vn 0.021858 -0.998733 -0.045318
vn 0.028602 -0.998829 -0.039012
vn 0.026182 -0.999096 -0.033491
vn 0.017174 -0.999259 -0.034442
vn 0.001390 -0.999577 -0.029062
vn 0.017567 -0.998911 -0.043226
vn -0.056274 -0.998381 0.008319
vn -0.047943 -0.998847 -0.002466
vn -0.046431 -0.998891 0.007851
vn -0.045212 -0.998875 0.014272
vn -0.040193 -0.998951 0.021960
vn -0.043459 -0.998985 0.011831
vn -0.035605 -0.999333 0.008142
vn -0.035701 -0.999202 0.017884
vn -0.046841 -0.998897 -0.003309
vn -0.056274 -0.998381 0.008319
vn -0.043459 -0.998985 0.011831
vn -0.035605 -0.999333 0.008142
vn -0.032962 -0.999375 0.012789
vn -0.026328 -0.999430 0.021123
vn -0.006393 -0.998432 0.055606
vn -0.035701 -0.999202 0.017884
vn 0.015167 0.999868 -0.005896
vn 0.026578 0.999609 -0.008711
vn -0.023496 0.999455 0.023204
vn -0.023496 0.999455 0.023204
vn 0.026576 0.999609 -0.008708
vn 0.018615 0.999784 -0.009259
vn 0.014832 0.999877 -0.005037
vn -0.023496 0.999455 0.023204
vn 0.014832 0.999877 -0.005037
vn 0.017695 0.999829 -0.005351
vn 0.030088 0.999532 -0.005539
vn 0.017746 0.999811 -0.007995
vn 0.014820 0.999873 -0.005886
vn 0.014835 0.999871 -0.006151
vn 0.014529 0.999873 -0.006487
vn 0.015167 0.999868 -0.005896
vn 0.116677 0.992638 -0.032487
vn 0.227385 0.973482 0.025075
vn 0.123604 0.991974 -0.026628
vn 0.004933 0.999903 -0.013027
vn 0.177602 0.983298 -0.039783
vn -0.134321 0.625325 0.768717
vn 0.076875 0.994795 0.066884
vn 0.000002 0.999954 -0.009566
vn 0.000001 0.999954 -0.009567
vn 0.000000 0.999954 -0.009567
vn 0.060106 0.997823 -0.027153
vn 0.047794 -0.998537 0.025306
vn 0.057687 -0.998002 0.025780
vn 0.062000 -0.997061 0.045012
vn 0.059138 -0.998062 0.019375
vn 0.054816 -0.998088 0.028574
vn 0.047794 -0.998537 0.025306
vn 0.048297 -0.998627 0.020275
vn 0.055718 -0.998272 0.018662
vn 0.066889 -0.997708 0.010236
vn 0.057687 -0.998002 0.025780
vn 0.058027 -0.997850 0.030483
vn 0.062506 -0.997317 0.038112
vn 0.061492 -0.997303 0.040077
vn 0.060408 -0.997360 0.040296
vn 0.060869 -0.997317 0.040662
vn 0.060392 -0.997368 0.040133
vn -0.203415 0.950897 -0.233274
vn -0.133598 0.942774 -0.305497
vn -0.224170 0.914592 -0.336554
vn -0.137818 0.971479 -0.192961
vn -0.092647 0.993948 -0.059022
vn -0.091602 0.993723 -0.064213
vn -0.092976 0.994004 -0.057544
vn -0.101556 0.992379 -0.069789
vn -0.127145 0.989225 -0.072578
vn -0.179784 0.979905 -0.086399
vn 0.007365 0.999936 0.008607
vn 0.012468 0.999753 0.018393
vn 0.015227 0.999711 0.018618
vn 0.016176 0.999714 0.017612
vn 0.016259 0.999700 0.018342
vn 0.016014 0.999719 0.017489
vn 0.458912 -0.036930 -0.887714
vn 0.833836 -0.269576 -0.481712
vn 0.730658 0.146409 -0.666861
vn 0.856959 0.500356 -0.123550
vn 0.653817 0.556349 -0.512835
vn 0.978418 0.056064 -0.198886
vn -0.139603 -0.940464 -0.309902
vn -0.269097 -0.929444 -0.252429
vn -0.263378 -0.907598 -0.326953
vn -0.137707 -0.971455 -0.193162
vn 0.007856 -0.998360 -0.056705
vn -0.017057 -0.997915 -0.062244
vn -0.016847 -0.997127 -0.073853
vn -0.019402 -0.996233 -0.084522
vn -0.006158 -0.993884 -0.110258
vn 0.012221 -0.984776 -0.173399
vn 0.001056 0.999802 0.019873
vn -0.001926 0.999458 0.032875
vn 0.003806 0.999780 0.020603
vn 0.002353 0.999853 0.017003
vn 0.002626 0.999851 0.017088
vn 0.003055 0.999853 0.016855
vn 0.002274 0.999847 0.017370
vn 0.002290 0.999547 0.030021
vn -0.018228 0.999368 -0.030506
vn 0.002285 0.999547 0.030023
vn 0.004905 0.999749 0.021838
vn 0.001462 0.999858 0.016799
vn -0.464795 -0.001639 -0.885417
vn -0.470346 -0.030621 -0.881951
vn 0.615785 -0.132156 -0.776752
vn 0.238016 -0.246201 -0.939539
vn -0.392978 -0.586704 -0.708058
vn 0.138137 -0.038834 -0.989652
vn 0.017450 0.999788 0.010927
vn 0.017833 0.999778 0.011202
vn 0.018041 0.999718 0.015451
vn 0.025731 0.999492 0.018790
vn 0.020149 0.999705 0.013582
vn 0.069133 -0.996525 0.046451
vn 0.071665 -0.995794 0.057075
vn 0.069759 -0.995816 0.059034
vn 0.068401 -0.995917 0.058904
vn 0.068812 -0.995854 0.059500
vn 0.068442 -0.995926 0.058708
vn -0.699479 -0.521166 0.488994
vn -0.809298 -0.584944 0.053638
vn -0.869503 -0.069399 0.489028
vn -0.164585 0.929912 -0.328901
vn -0.058135 0.919219 -0.389432
vn -0.148612 0.880181 -0.450772
vn -0.103327 0.959206 -0.263149
vn -0.099561 0.990723 -0.092497
vn -0.096457 0.990476 -0.098247
vn -0.100486 0.990780 -0.090875
vn -0.106129 0.988434 -0.108331
vn -0.135012 0.983475 -0.120616
vn -0.190344 0.969444 -0.154752
vn 0.044424 0.999012 0.001060
vn 0.044828 0.998994 0.000795
vn 0.048960 0.998798 0.002168
vn 0.054985 0.998479 -0.003940
vn 0.047955 0.998849 -0.000536
vn -0.017544 -0.999595 0.022424
vn -0.011251 -0.999877 0.010956
vn 0.014063 -0.999758 0.016933
vn -0.018009 -0.999822 0.005537
vn -0.009601 -0.999826 0.015984
vn -0.017544 -0.999595 0.022424
vn -0.023235 -0.999551 0.018924
vn -0.020836 -0.999741 0.009187
vn -0.024346 -0.999664 -0.008950
vn -0.011251 -0.999877 0.010956
vn 0.488029 -0.133510 -0.862556
vn 0.590255 0.206944 -0.780239
vn 0.088714 0.064966 -0.993936
vn 0.588049 -0.018722 -0.808608
vn 0.049168 0.998538 0.022480
vn 0.059387 0.998022 0.020600
vn 0.060358 0.998011 0.018176
vn 0.059718 0.998070 0.017042
vn 0.060394 0.998027 0.017169
vn 0.059562 0.998077 0.017154
vn 0.149277 0.526467 -0.836988
vn -0.268621 0.588030 -0.762931
vn 0.088714 0.064966 -0.993936
vn -0.341189 -0.939987 0.003683
vn -0.350901 -0.928445 0.121896
vn -0.446453 -0.892428 0.065212
vn -0.254873 -0.966455 0.031678
vn -0.101326 -0.994360 -0.031331
vn -0.105160 -0.994105 -0.026382
vn -0.100268 -0.994421 -0.032770
vn -0.117847 -0.992549 -0.030963
vn -0.140143 -0.988782 -0.051678
vn -0.193243 -0.977190 -0.088074
# 3780 vertex normals

vt 0.849317 0.422265 0.430280
vt 0.940592 0.383925 -0.498335
vt 0.849063 0.402783 0.453933
vt 0.822928 0.425007 0.456374
vt 0.822006 0.445706 0.454209
vt 0.820805 0.467944 0.417613
vt 0.819530 0.260331 0.441130
vt 0.818682 0.279493 0.480330
vt 0.818482 0.296460 0.401591
vt 0.818842 0.309429 0.492509
vt 0.819501 0.326643 0.527272
vt 0.709353 0.346453 0.399445
vt 0.822158 0.385949 0.434772
vt 0.822700 0.407898 0.440475
vt 0.516852 0.444064 0.373558
vt 0.517021 0.467154 0.356035
vt 0.517871 0.261605 0.338644
vt 0.517923 0.282130 0.437322
vt 0.522627 0.302166 0.489469
vt 0.526441 0.320994 0.475999
vt 0.525359 0.326459 0.360283
vt 0.526467 0.336585 0.492554
vt 0.518222 0.363710 0.449334
vt 0.517722 0.383993 0.422202
vt 0.604384 0.431664 0.502867
vt 0.604310 0.451650 0.440458
vt 0.606168 0.468203 0.389399
vt 0.606596 0.260745 0.413880
vt 0.607112 0.281186 0.472340
vt 0.607574 0.295326 0.451204
vt 0.609296 0.313980 0.414273
vt 0.613303 0.325774 0.291330
vt 0.613086 0.329765 0.351945
vt 0.605793 0.370528 0.362657
vt 0.605265 0.394909 0.397282
vt 0.604743 0.414856 0.458019
vt 0.516940 0.423676 0.398092
vt 0.517257 0.404169 0.411344
vt 0.849538 0.443033 0.395539
vt 0.849663 0.467023 0.372349
vt 0.849650 0.261772 0.398334
vt 0.966711 0.392170 -0.497138
vt 0.849496 0.283335 0.471575
vt 0.849275 0.302849 0.400824
vt 0.848890 0.306646 0.505131
vt 0.909454 0.392762 0.499909
vt 0.848724 0.332479 0.526612
vt 0.891500 0.411787 0.499184
vt 0.889165 0.438098 0.496684
vt 0.890469 0.464671 0.496636
vt 0.912479 0.484467 0.482914
vt 0.941454 0.483681 0.471904
vt 0.944327 0.469054 0.475151
vt 0.964018 0.475366 0.472151
vt 0.980608 0.439909 0.497061
vt 0.974685 0.413344 0.498381
vt 0.933603 0.386126 0.500000
vt 0.848644 0.346535 0.507384
vt 0.848695 0.363399 0.508485
vt 0.848839 0.383010 0.474134
vt 0.819822 0.333396 0.521156
vt 0.525210 0.331379 0.406709
vt 0.608800 0.318251 0.287067
vt 0.848787 0.326077 0.536427
vt 0.711200 0.431918 0.483217
vt 0.710023 0.452212 0.450776
vt 0.708963 0.470710 0.480358
vt 0.707934 0.258749 0.502844
vt 0.707251 0.274326 0.505714
vt 0.707066 0.291766 0.441854
vt 0.707747 0.311799 0.444470
vt 0.708320 0.324018 0.394258
vt 0.706874 0.366673 0.338230
vt 0.711160 0.394581 0.347038
vt 0.711495 0.412824 0.436959
vt 0.708736 0.332063 0.380532
vt 0.692626 0.345417 0.382244
vt 0.678930 0.344270 0.364360
vt 0.671323 0.368195 0.376367
vt 0.740024 0.366766 0.500524
vt 0.704542 0.401812 0.464385
vt 0.675606 0.422247 0.492436
vt 0.696225 0.287484 0.502810
vt 0.700228 0.320333 0.513065
vt 0.724231 0.338376 0.548532
vt 0.684118 0.388433 0.371379
vt 0.697330 0.387805 0.377826
vt 0.688967 0.412988 0.504037
vt 0.684643 0.439375 0.470755
vt 0.696222 0.304034 0.454817
vt 0.720506 0.349822 0.549177
vt 0.810770 0.413902 0.326442
vt 0.685109 0.342963 0.390255
vt 0.673043 0.356153 0.358598
vt 0.676560 0.379417 0.362052
vt 0.957479 0.393659 0.499447
vt 0.703113 0.383305 0.316068
vt 0.821411 0.363761 0.461380
vt 0.820555 0.345919 0.478294
vt 0.664545 0.431805 0.491797
vt 0.664402 0.451972 0.446310
vt 0.667099 0.468204 0.403729
vt 0.667115 0.259956 0.423822
vt 0.667222 0.279016 0.456299
vt 0.664640 0.293302 0.445326
vt 0.664847 0.315104 0.422625
vt 0.664924 0.329588 0.338391
vt 0.664977 0.336693 0.353744
vt 0.943421 0.461773 -0.464236
vt 0.932051 0.460311 -0.499999
vt 0.906671 0.439639 0.328562
vt 0.910613 0.423605 -0.107276
vt 0.914169 0.391170 -0.499386
vt 0.894521 0.411961 -0.500000
vt 0.886911 0.440727 -0.499984
vt 0.893376 0.469763 -0.499325
vt 0.920780 0.476191 -0.498212
vt 0.923608 0.488868 -0.496971
vt 0.965233 0.483363 -0.495841
vt 0.980931 0.466758 -0.495410
vt 0.991994 0.442739 -0.495471
vt 0.985526 0.413697 -0.496099
vt 0.952152 0.471266 0.475729
vt 0.955947 0.489008 -0.496155
vt 0.917852 0.413040 -0.408031
vt 0.937770 0.408180 -0.346494
vt 0.951890 0.416268 0.122074
vt 0.960264 0.427638 0.500000
vt 0.959959 0.442749 0.089937
vt 0.952193 0.456025 -0.485510
vt 0.812582 0.402282 0.289826
vt 0.842207 0.367164 0.332024
vt 0.831429 0.351148 0.333008
vt 0.822906 0.339734 0.355039
vt 0.820434 0.320654 0.329803
vt 0.828712 0.302786 0.297525
vt 0.835603 0.287071 0.318995
vt 0.823412 0.438927 0.318287
vt 0.808766 0.423921 0.318911
vt 0.665031 0.368411 0.374987
vt 0.664931 0.390087 0.376562
vt 0.664746 0.413738 0.446012
vt 0.664889 0.321986 0.362623
vt 0.684642 0.272773 0.470755
vt 0.823411 0.272325 0.318287
vt 0.849649 0.492304 0.398334
vt 0.819529 0.490863 0.441130
vt 0.606594 0.491277 0.413880
vt 0.517870 0.492137 0.338644
vt 0.707933 0.489281 0.502844
vt 0.667114 0.490488 0.423822
vt 0.819529 0.490863 0.441130
vt 0.707933 0.489281 0.502844
vt 0.667114 0.490488 0.423822
vt 0.606594 0.491277 0.413880
vt 0.985032 0.436026 0.500000
vt 0.871174 0.483702 0.500188
vt 0.506892 0.312382 0.428166
vt 0.506936 0.339152 0.441358
vt 0.507779 0.364751 0.575149
vt 0.508552 0.465624 0.535128
vt 0.603057 0.285848 0.503816
vt 0.980628 0.468677 0.499914
vt 0.970333 0.399002 -0.499958
vt 0.942523 0.387461 -0.499839
vt 0.602684 0.314624 0.419521
vt 0.604575 0.342172 0.417067
vt 0.604904 0.366371 0.636225
vt 0.604382 0.460021 0.476426
vt 0.603689 0.495362 0.541329
vt 0.996615 0.358450 -0.386091
vt 0.907246 0.389484 -0.497523
vt 0.962709 0.486996 -0.495403
vt 0.989984 0.437115 -0.498572
vt 0.913824 0.415841 -0.497981
vt 0.985665 0.465369 -0.497060
vt 0.968940 0.405865 0.499879
vt 0.936668 0.386275 0.499572
vt 0.507948 0.487781 0.522999
vt 0.871161 0.309442 0.369855
vt 0.871049 0.344004 0.459534
vt 0.870890 0.366583 0.698485
vt 0.870919 0.460360 0.480640
vt 0.729244 0.287371 0.499022
vt 0.724654 0.317278 0.442815
vt 0.725230 0.342298 0.504506
vt 0.723691 0.363482 0.613131
vt 0.734974 0.458176 0.411935
vt 0.733217 0.493479 0.475023
vt 0.996737 0.273843 -0.500000
vt 0.906879 0.389077 0.499135
vt 0.956957 0.484200 0.499213
vt 0.964639 0.359250 -0.090141
vt 0.965182 0.276094 -0.075340
vt 0.506877 0.324786 0.404685
vt 0.506945 0.332658 0.392705
vt 0.507019 0.327174 0.315282
vt 0.996765 0.337816 0.066310
vt 0.877090 0.356236 0.145685
vt 0.933532 0.453985 -0.494843
vt 0.877471 0.268406 0.020304
vt 0.925546 0.355965 -0.379260
vt 0.931033 0.456060 0.499799
vt 0.603799 0.331268 0.389930
vt 0.912710 0.416848 0.499298
vt 0.957581 0.393812 -0.500000
vt 0.949378 0.392905 -0.499813
vt 0.952830 0.402043 -0.499609
vt 0.922183 0.277857 -0.031100
vt 0.996535 0.305222 0.136279
vt 0.877288 0.294449 0.500000
vt 0.877180 0.332108 0.457036
vt 0.966439 0.301997 -0.049267
vt 0.966726 0.334238 0.340423
vt 0.924416 0.298023 0.098973
vt 0.925544 0.333259 0.394052
vt 0.871205 0.278394 0.425218
vt 0.871173 0.253917 0.500188
vt 0.871205 0.278394 0.425218
vt 0.733216 0.263694 0.475023
vt 0.507397 0.277778 0.477627
vt 0.507397 0.277778 0.477627
vt 0.507948 0.257996 0.522999
vt 0.603688 0.265577 0.541329
vt 0.603688 0.265577 0.541329
vt 0.733216 0.263694 0.475023
vt 0.862206 0.406767 0.422599
vt 0.938263 0.376299 -0.498335
vt 0.862083 0.385683 0.450406
vt 0.834351 0.409442 0.458532
vt 0.833248 0.431609 0.417390
vt 0.831869 0.457137 0.437501
vt 0.981283 0.257717 0.559244
vt 0.833783 0.365675 0.454507
vt 0.834236 0.390979 0.434424
vt 0.511231 0.435957 0.425412
vt 0.511380 0.456712 0.411533
vt 0.880671 0.258102 0.475113
vt 0.512640 0.365878 0.478864
vt 0.962140 0.386140 -0.497138
vt 0.603777 0.414553 0.473978
vt 0.603566 0.436580 0.417472
vt 0.605485 0.458179 0.377978
vt 0.910275 0.259988 0.508947
vt 0.604946 0.373649 0.415695
vt 0.604288 0.396761 0.466440
vt 0.959673 0.388761 0.499909
vt 0.936108 0.391795 0.499184
vt 0.911416 0.408443 0.496684
vt 0.985185 0.464823 0.498381
vt 0.511547 0.408589 0.427522
vt 0.880536 0.270435 0.409128
vt 0.879529 0.343845 0.359541
vt 0.511998 0.389793 0.425339
vt 0.862301 0.429481 0.381179
vt 0.985655 0.409607 0.500000
vt 0.913524 0.424649 0.498375
vt 0.862337 0.457603 0.388041
vt 0.991338 0.259975 0.523237
vt 0.968060 0.463772 0.497432
vt 0.991354 0.433137 0.499447
vt 0.914108 0.384947 -0.499387
vt 0.896147 0.409764 -0.500000
vt 0.861958 0.363373 0.503729
vt 0.880857 0.298567 0.500035
vt 0.991284 0.302323 0.494088
vt 0.991311 0.275198 0.398410
vt 0.996551 0.340398 0.364356
vt 0.511265 0.445246 0.398614
vt 0.604540 0.446988 0.377074
vt 0.511355 0.451291 0.379460
vt 0.604714 0.449286 0.373822
vt 0.511388 0.446820 0.317849
vt 0.909198 0.342963 0.360342
vt 0.906917 0.299482 0.458485
vt 0.908404 0.277531 0.389398
vt 0.889190 0.444101 -0.499984
vt 0.979340 0.411837 -0.496099
vt 0.914054 0.459973 0.496454
vt 0.986336 0.340695 0.363761
vt 0.980792 0.302058 0.478927
vt 0.980733 0.275490 0.397176
vt 0.832331 0.449048 0.403909
vt 0.862335 0.449113 0.352976
vt 0.832577 0.444343 0.396678
vt 0.862289 0.439737 0.354226
vt 0.832481 0.447468 0.356291
vt 0.862363 0.449485 0.279570
vt 0.996545 0.328676 0.262935
vt 0.936179 0.467035 -0.497824
vt 0.909581 0.449869 -0.499029
vt 0.996567 0.322147 0.340335
vt 0.986045 0.325883 0.314524
vt 0.965430 0.426946 -0.496655
vt 0.996560 0.330338 0.335978
vt 0.880639 0.277949 0.297820
vt 0.880594 0.276408 0.407319
vt 0.880650 0.281659 0.411731
vt 0.604844 0.451038 0.372545
vt 0.987090 0.354138 0.454507
vt 0.879454 0.354326 0.478864
vt 0.910392 0.361543 0.415695
vt 0.996533 0.352000 0.503729
vt 0.879529 0.298866 0.500035
vt 0.996590 0.302004 0.494088
vt 0.948898 0.390229 0.499677
vt 0.942725 0.393041 0.499398
vt 0.948049 0.398576 0.499539
vt 0.902194 0.402128 -0.499818
vt 0.907399 0.393983 -0.499543
vt 0.908271 0.405694 -0.499680
vt 0.952185 0.433316 -0.497032
vt 0.953624 0.443126 -0.497127
vt 0.958741 0.436113 -0.496922
vt 0.923804 0.432502 0.497827
vt 0.913491 0.431327 0.498031
vt 0.913713 0.437238 0.497690
vt 0.907155 0.299631 0.458485
vt 0.985468 0.301783 0.478927
vt 0.862297 0.482373 0.523237
vt 0.830497 0.480342 0.559244
vt 0.605910 0.482384 0.508947
vt 0.512276 0.480687 0.475113
vt 0.830497 0.480342 0.559244
vt 0.605910 0.482384 0.508947
vt 0.869891 0.427389 1.000000
vt 0.869891 0.444652 1.000000
vt 0.869891 0.461915 1.000000
vt 0.869891 0.479179 1.000000
vt 0.869892 0.254756 1.000000
vt 0.869892 0.272019 1.000000
vt 0.869892 0.289282 1.000000
vt 0.869892 0.306546 1.000000
vt 0.869892 0.323809 1.000000
vt 0.869892 0.341072 1.000000
vt 0.869891 0.358335 1.000000
vt 0.869891 0.375599 1.000000
vt 0.869891 0.392862 1.000000
vt 0.869891 0.410125 1.000000
vt 0.594422 0.427388 1.000000
vt 0.594422 0.444651 1.000000
vt 0.594422 0.461915 1.000000
vt 0.594422 0.479178 1.000000
vt 0.594423 0.254755 1.000000
vt 0.594423 0.272018 1.000000
vt 0.594423 0.289282 1.000000
vt 0.594423 0.306545 1.000000
vt 0.594423 0.323808 1.000000
vt 0.594422 0.341072 1.000000
vt 0.594422 0.358335 1.000000
vt 0.594422 0.375598 1.000000
vt 0.594422 0.392861 1.000000
vt 0.594422 0.410125 1.000000
vt 0.502599 0.427388 1.000000
vt 0.502599 0.444651 1.000000
vt 0.502599 0.461914 1.000000
vt 0.502599 0.479178 1.000000
vt 0.502600 0.254755 1.000000
vt 0.502600 0.272018 1.000000
vt 0.502600 0.289281 1.000000
vt 0.502600 0.306545 1.000000
vt 0.502600 0.323808 1.000000
vt 0.502599 0.341071 1.000000
vt 0.502599 0.358335 1.000000
vt 0.502599 0.375598 1.000000
vt 0.502599 0.392861 1.000000
vt 0.502599 0.410124 1.000000
vt 0.869891 0.496442 1.000000
vt 0.594422 0.496441 1.000000
vt 0.502599 0.496441 1.000000
vt 0.961059 0.484962 -0.250000
vt 0.979627 0.470154 -0.250000
vt 0.989932 0.448756 -0.250000
vt 0.989932 0.425006 -0.250000
vt 0.979627 0.403609 -0.250000
vt 0.961059 0.388801 -0.250000
vt 0.937905 0.383516 -0.250000
vt 0.914751 0.388801 -0.250000
vt 0.896182 0.403609 -0.250000
vt 0.885878 0.425006 -0.250000
vt 0.885878 0.448756 -0.250000
vt 0.896182 0.470154 -0.250000
vt 0.914751 0.484962 -0.250000
vt 0.937905 0.490246 -0.250000
vt 0.937905 0.490246 0.250000
vt 0.914751 0.484962 0.250000
vt 0.896182 0.470154 0.250000
vt 0.885878 0.448756 0.250000
vt 0.885878 0.425006 0.250000
vt 0.896182 0.403609 0.250000
vt 0.914751 0.388801 0.250000
vt 0.937905 0.383516 0.250000
vt 0.961059 0.388801 0.250000
vt 0.979627 0.403609 0.250000
vt 0.989932 0.425006 0.250000
vt 0.989932 0.448756 0.250000
vt 0.979627 0.470154 0.250000
vt 0.961059 0.484962 0.250000
vt 0.985032 0.436026 0.500000
vt 0.871174 0.483702 0.500188
vt 0.506892 0.312382 0.428166
vt 0.506936 0.339152 0.441358
vt 0.507779 0.364751 0.575149
vt 0.508552 0.465624 0.535128
vt 0.603057 0.285848 0.503816
vt 0.980628 0.468677 0.499914
vt 0.970333 0.399002 -0.499958
vt 0.942523 0.387461 -0.499839
vt 0.602684 0.314624 0.419521
vt 0.604575 0.342172 0.417067
vt 0.604904 0.366371 0.636225
vt 0.604382 0.460021 0.476426
vt 0.603689 0.495362 0.541329
vt 0.996615 0.358450 -0.386091
vt 0.907246 0.389484 -0.497523
vt 0.962709 0.486996 -0.495403
vt 0.989984 0.437115 -0.498572
vt 0.913824 0.415841 -0.497981
vt 0.985665 0.465369 -0.497060
vt 0.968940 0.405865 0.499879
vt 0.936668 0.386275 0.499572
vt 0.507948 0.487781 0.522999
vt 0.871161 0.309442 0.369855
vt 0.871049 0.344004 0.459534
vt 0.870890 0.366583 0.698485
vt 0.870919 0.460360 0.480640
vt 0.996737 0.273843 -0.500000
vt 0.906879 0.389077 0.499135
vt 0.956957 0.484200 0.499213
vt 0.964639 0.359250 -0.090141
vt 0.965182 0.276094 -0.075340
vt 0.506877 0.324786 0.404685
vt 0.506945 0.332658 0.392705
vt 0.507019 0.327174 0.315282
vt 0.996765 0.337816 0.066310
vt 0.877090 0.356236 0.145685
vt 0.933532 0.453985 -0.494843
vt 0.877471 0.268406 0.020304
vt 0.931033 0.456060 0.499799
vt 0.603799 0.331268 0.389930
vt 0.912710 0.416848 0.499298
vt 0.957581 0.393812 -0.500000
vt 0.949378 0.392905 -0.499813
vt 0.952830 0.402043 -0.499609
vt 0.996535 0.305222 0.136279
vt 0.877288 0.294449 0.500000
vt 0.877180 0.332108 0.457036
vt 0.966439 0.301997 -0.049267
vt 0.966726 0.334238 0.340423
vt 0.871205 0.278394 0.425218
vt 0.871173 0.253917 0.500188
vt 0.871205 0.278394 0.425218
vt 0.507397 0.277778 0.477627
vt 0.507397 0.277778 0.477627
vt 0.507948 0.257996 0.522999
vt 0.603688 0.265577 0.541329
vt 0.603688 0.265577 0.541329
vt 0.849317 0.422265 0.430280
vt 0.940592 0.383925 -0.498335
vt 0.849063 0.402783 0.453933
vt 0.822928 0.425007 0.456374
vt 0.822006 0.445706 0.454209
vt 0.820805 0.467944 0.417613
vt 0.819530 0.260331 0.441130
vt 0.818682 0.279493 0.480330
vt 0.818482 0.296460 0.401591
vt 0.818842 0.309429 0.492509
vt 0.819501 0.326643 0.527272
vt 0.709353 0.346453 0.399445
vt 0.822158 0.385949 0.434772
vt 0.822700 0.407898 0.440475
vt 0.516852 0.444064 0.373558
vt 0.517021 0.467154 0.356035
vt 0.517871 0.261605 0.338644
vt 0.517923 0.282130 0.437322
vt 0.522627 0.302166 0.489469
vt 0.526441 0.320994 0.475999
vt 0.525359 0.326459 0.360283
vt 0.526467 0.336585 0.492554
vt 0.518222 0.363710 0.449334
vt 0.517722 0.383993 0.422202
vt 0.516940 0.423676 0.398092
vt 0.517257 0.404169 0.411344
vt 0.849538 0.443033 0.395539
vt 0.849663 0.467023 0.372349
vt 0.849650 0.261772 0.398334
vt 0.966711 0.392170 -0.497138
vt 0.849496 0.283335 0.471575
vt 0.849275 0.302849 0.400824
vt 0.848890 0.306646 0.505131
vt 0.909454 0.392762 0.499909
vt 0.848724 0.332479 0.526612
vt 0.891500 0.411787 0.499184
vt 0.889165 0.438098 0.496684
vt 0.890469 0.464671 0.496636
vt 0.912479 0.484467 0.482914
vt 0.941454 0.483681 0.471904
vt 0.944327 0.469054 0.475151
vt 0.964018 0.475366 0.472151
vt 0.980608 0.439909 0.497061
vt 0.974685 0.413344 0.498381
vt 0.933603 0.386126 0.500000
vt 0.848644 0.346535 0.507384
vt 0.848695 0.363399 0.508485
vt 0.848839 0.383010 0.474134
vt 0.819822 0.333396 0.521156
vt 0.525210 0.331379 0.406709
vt 0.848787 0.326077 0.536427
vt 0.711200 0.431918 0.483217
vt 0.710023 0.452212 0.450776
vt 0.708963 0.470710 0.480358
vt 0.707934 0.258749 0.502844
vt 0.707251 0.274326 0.505714
vt 0.707066 0.291766 0.441854
vt 0.707747 0.311799 0.444470
vt 0.708320 0.324018 0.394258
vt 0.706874 0.366673 0.338230
vt 0.711160 0.394581 0.347038
vt 0.711495 0.412824 0.436959
vt 0.708736 0.332063 0.380532
vt 0.692626 0.345417 0.382244
vt 0.678930 0.344270 0.364360
vt 0.671323 0.368195 0.376367
vt 0.684118 0.388433 0.371379
vt 0.697330 0.387805 0.377826
vt 0.957479 0.393659 0.499447
vt 0.821411 0.363761 0.461380
vt 0.820555 0.345919 0.478294
vt 0.664545 0.431805 0.491797
vt 0.664402 0.451972 0.446310
vt 0.667099 0.468204 0.403729
vt 0.667115 0.259956 0.423822
vt 0.667222 0.279016 0.456299
vt 0.664640 0.293302 0.445326
vt 0.664847 0.315104 0.422625
vt 0.664924 0.329588 0.338391
vt 0.664977 0.336693 0.353744
vt 0.914169 0.391170 -0.499386
vt 0.894521 0.411961 -0.500000
vt 0.886911 0.440727 -0.499984
vt 0.893376 0.469763 -0.499325
vt 0.920780 0.476191 -0.498212
vt 0.923608 0.488868 -0.496971
vt 0.965233 0.483363 -0.495841
vt 0.980931 0.466758 -0.495410
vt 0.991994 0.442739 -0.495471
vt 0.985526 0.413697 -0.496099
vt 0.952152 0.471266 0.475729
vt 0.955947 0.489008 -0.496155
vt 0.665031 0.368411 0.374987
vt 0.664931 0.390087 0.376562
vt 0.664746 0.413738 0.446012
vt 0.664889 0.321986 0.362623
vt 0.849649 0.492304 0.398334
vt 0.819529 0.490863 0.441130
vt 0.517870 0.492137 0.338644
vt 0.707933 0.489281 0.502844
vt 0.667114 0.490488 0.423822
vt 0.819529 0.490863 0.441130
vt 0.707933 0.489281 0.502844
vt 0.667114 0.490488 0.423822
vt 0.985032 0.436026 0.500000
vt 0.871174 0.483702 0.500188
vt 0.506892 0.312382 0.428166
vt 0.506936 0.339152 0.441358
vt 0.507779 0.364751 0.575149
vt 0.508552 0.465624 0.535128
vt 0.603057 0.285848 0.503816
vt 0.980628 0.468677 0.499914
vt 0.970333 0.399002 -0.499958
vt 0.942523 0.387461 -0.499839
vt 0.602684 0.314624 0.419521
vt 0.604575 0.342172 0.417067
vt 0.604904 0.366371 0.636225
vt 0.604382 0.460021 0.476426
vt 0.603689 0.495362 0.541329
vt 0.996615 0.358450 -0.386091
vt 0.907246 0.389484 -0.497523
vt 0.962709 0.486996 -0.495403
vt 0.989984 0.437115 -0.498572
vt 0.913824 0.415841 -0.497981
vt 0.985665 0.465369 -0.497060
vt 0.968940 0.405865 0.499879
vt 0.936668 0.386275 0.499572
vt 0.507948 0.487781 0.522999
vt 0.871161 0.309442 0.369855
vt 0.871049 0.344004 0.459534
vt 0.870890 0.366583 0.698485
vt 0.870919 0.460360 0.480640
vt 0.729244 0.287371 0.499022
vt 0.724654 0.317278 0.442815
vt 0.725230 0.342298 0.504506
vt 0.723691 0.363482 0.613131
vt 0.734974 0.458176 0.411935
vt 0.733217 0.493479 0.475023
vt 0.996737 0.273843 -0.500000
vt 0.906879 0.389077 0.499135
vt 0.956957 0.484200 0.499213
vt 0.964639 0.359250 -0.090141
vt 0.965182 0.276094 -0.075340
vt 0.506877 0.324786 0.404685
vt 0.506945 0.332658 0.392705
vt 0.507019 0.327174 0.315282
vt 0.996765 0.337816 0.066310
vt 0.877090 0.356236 0.145685
vt 0.933532 0.453985 -0.494843
vt 0.877471 0.268406 0.020304
vt 0.925546 0.355965 -0.379260
vt 0.931033 0.456060 0.499799
vt 0.603799 0.331268 0.389930
vt 0.912710 0.416848 0.499298
vt 0.957581 0.393812 -0.500000
vt 0.949378 0.392905 -0.499813
vt 0.952830 0.402043 -0.499609
vt 0.922183 0.277857 -0.031100
vt 0.996535 0.305222 0.136279
vt 0.877288 0.294449 0.500000
vt 0.877180 0.332108 0.457036
vt 0.966439 0.301997 -0.049267
vt 0.966726 0.334238 0.340423
vt 0.924416 0.298023 0.098973
vt 0.925544 0.333259 0.394052
vt 0.871205 0.278394 0.425218
vt 0.871173 0.253917 0.500188
vt 0.871205 0.278394 0.425218
vt 0.733216 0.263694 0.475023
vt 0.507397 0.277778 0.477627
vt 0.507397 0.277778 0.477627
vt 0.507948 0.257996 0.522999
vt 0.603688 0.265577 0.541329
vt 0.603688 0.265577 0.541329
vt 0.733216 0.263694 0.475023
vt 0.849317 0.422265 0.430280
vt 0.940592 0.383925 -0.498335
vt 0.849063 0.402783 0.453933
vt 0.822928 0.425007 0.456374
vt 0.822006 0.445706 0.454209
vt 0.820805 0.467944 0.417613
vt 0.819530 0.260331 0.441130
vt 0.818682 0.279493 0.480330
vt 0.818482 0.296460 0.401591
vt 0.818842 0.309429 0.492509
vt 0.819501 0.326643 0.527272
vt 0.709353 0.346453 0.399445
vt 0.756852 0.364138 0.394149
vt 0.822158 0.385949 0.434772
vt 0.822700 0.407898 0.440475
vt 0.516852 0.444064 0.373558
vt 0.517021 0.467154 0.356035
vt 0.517871 0.261605 0.338644
vt 0.517923 0.282130 0.437322
vt 0.522627 0.302166 0.489469
vt 0.526441 0.320994 0.475999
vt 0.525359 0.326459 0.360283
vt 0.526467 0.336585 0.492554
vt 0.518222 0.363710 0.449334
vt 0.517722 0.383993 0.422202
vt 0.516940 0.423676 0.398092
vt 0.517257 0.404169 0.411344
vt 0.849538 0.443033 0.395539
vt 0.849663 0.467023 0.372349
vt 0.849650 0.261772 0.398334
vt 0.966711 0.392170 -0.497138
vt 0.849496 0.283335 0.471575
vt 0.849275 0.302849 0.400824
vt 0.848890 0.306646 0.505131
vt 0.909454 0.392762 0.499909
vt 0.848724 0.332479 0.526612
vt 0.891500 0.411787 0.499184
vt 0.889165 0.438098 0.496684
vt 0.890469 0.464671 0.496636
vt 0.912479 0.484467 0.482914
vt 0.941454 0.483681 0.471904
vt 0.944327 0.469054 0.475151
vt 0.964018 0.475366 0.472151
vt 0.980608 0.439909 0.497061
vt 0.974685 0.413344 0.498381
vt 0.933603 0.386126 0.500000
vt 0.848644 0.346535 0.507384
vt 0.848695 0.363399 0.508485
vt 0.848839 0.383010 0.474134
vt 0.819822 0.333396 0.521156
vt 0.525210 0.331379 0.406709
vt 0.848787 0.326077 0.536427
vt 0.711200 0.431918 0.483217
vt 0.710023 0.452212 0.450776
vt 0.708963 0.470710 0.480358
vt 0.707934 0.258749 0.502844
vt 0.707251 0.274326 0.505714
vt 0.707066 0.291766 0.441854
vt 0.707747 0.311799 0.444470
vt 0.708320 0.324018 0.394258
vt 0.755853 0.345557 0.428481
vt 0.706874 0.366673 0.338230
vt 0.711160 0.394581 0.347038
vt 0.711495 0.412824 0.436959
vt 0.708736 0.332063 0.380532
vt 0.692626 0.345417 0.382244
vt 0.678930 0.344270 0.364360
vt 0.671323 0.368195 0.376367
vt 0.740024 0.366766 0.500524
vt 0.704542 0.401812 0.464385
vt 0.675606 0.422247 0.492436
vt 0.696225 0.287484 0.502810
vt 0.700228 0.320333 0.513065
vt 0.724231 0.338376 0.548532
vt 0.684118 0.388433 0.371379
vt 0.697330 0.387805 0.377826
vt 0.688967 0.412988 0.504037
vt 0.684643 0.439375 0.470755
vt 0.696222 0.304034 0.454817
vt 0.720506 0.349822 0.549177
vt 0.810770 0.413902 0.326442
vt 0.685109 0.342963 0.390255
vt 0.673043 0.356153 0.358598
vt 0.676560 0.379417 0.362052
vt 0.957479 0.393659 0.499447
vt 0.703113 0.383305 0.316068
vt 0.758237 0.427477 0.446767
vt 0.757200 0.448013 0.445849
vt 0.756088 0.469086 0.423686
vt 0.754914 0.259770 0.445775
vt 0.754092 0.277111 0.464060
vt 0.753800 0.292998 0.393671
vt 0.754216 0.311567 0.456065
vt 0.754828 0.326664 0.474474
vt 0.821411 0.363761 0.461380
vt 0.757640 0.388843 0.376187
vt 0.758093 0.411394 0.410710
vt 0.755187 0.333740 0.469437
vt 0.820555 0.345919 0.478294
vt 0.664545 0.431805 0.491797
vt 0.664402 0.451972 0.446310
vt 0.667099 0.468204 0.403729
vt 0.667115 0.259956 0.423822
vt 0.667222 0.279016 0.456299
vt 0.664640 0.293302 0.445326
vt 0.664847 0.315104 0.422625
vt 0.664924 0.329588 0.338391
vt 0.664977 0.336693 0.353744
vt 0.943421 0.461773 -0.464236
vt 0.932051 0.460311 -0.499999
vt 0.906671 0.439639 0.328562
vt 0.910613 0.423605 -0.107276
vt 0.914169 0.391170 -0.499386
vt 0.894521 0.411961 -0.500000
vt 0.886911 0.440727 -0.499984
vt 0.893376 0.469763 -0.499325
vt 0.920780 0.476191 -0.498212
vt 0.923608 0.488868 -0.496971
vt 0.965233 0.483363 -0.495841
vt 0.980931 0.466758 -0.495410
vt 0.991994 0.442739 -0.495471
vt 0.985526 0.413697 -0.496099
vt 0.952152 0.471266 0.475729
vt 0.955947 0.489008 -0.496155
vt 0.917852 0.413040 -0.408031
vt 0.937770 0.408180 -0.346494
vt 0.951890 0.416268 0.122074
vt 0.960264 0.427638 0.500000
vt 0.959959 0.442749 0.089937
vt 0.952193 0.456025 -0.485510
vt 0.812582 0.402282 0.289826
vt 0.842207 0.367164 0.332024
vt 0.831429 0.351148 0.333008
vt 0.822906 0.339734 0.355039
vt 0.820434 0.320654 0.329803
vt 0.828712 0.302786 0.297525
vt 0.835603 0.287071 0.318995
vt 0.823412 0.438927 0.318287
vt 0.808766 0.423921 0.318911
vt 0.665031 0.368411 0.374987
vt 0.664931 0.390087 0.376562
vt 0.664746 0.413738 0.446012
vt 0.664889 0.321986 0.362623
vt 0.684642 0.272773 0.470755
vt 0.823411 0.272325 0.318287
vt 0.849649 0.492304 0.398334
vt 0.819529 0.490863 0.441130
vt 0.517870 0.492137 0.338644
vt 0.707933 0.489281 0.502844
vt 0.667114 0.490488 0.423822
vt 0.754913 0.490303 0.445775
vt 0.819529 0.490863 0.441130
vt 0.754913 0.490303 0.445775
vt 0.707933 0.489281 0.502844
vt 0.667114 0.490488 0.423822
vt 0.862206 0.406767 0.422599
vt 0.938263 0.376299 -0.498335
vt 0.862083 0.385683 0.450406
vt 0.834351 0.409442 0.458532
vt 0.833248 0.431609 0.417390
vt 0.831869 0.457137 0.437501
vt 0.981283 0.257717 0.559244
vt 0.833783 0.365675 0.454507
vt 0.834236 0.390979 0.434424
vt 0.511231 0.435957 0.425412
vt 0.511380 0.456712 0.411533
vt 0.880671 0.258102 0.475113
vt 0.512640 0.365878 0.478864
vt 0.962140 0.386140 -0.497138
vt 0.603777 0.414553 0.473978
vt 0.603566 0.436580 0.417472
vt 0.605485 0.458179 0.377978
vt 0.910275 0.259988 0.508947
vt 0.604946 0.373649 0.415695
vt 0.604288 0.396761 0.466440
vt 0.959673 0.388761 0.499909
vt 0.936108 0.391795 0.499184
vt 0.911416 0.408443 0.496684
vt 0.985185 0.464823 0.498381
vt 0.511547 0.408589 0.427522
vt 0.880536 0.270435 0.409128
vt 0.879529 0.343845 0.359541
vt 0.511998 0.389793 0.425339
vt 0.862301 0.429481 0.381179
vt 0.985655 0.409607 0.500000
vt 0.913524 0.424649 0.498375
vt 0.862337 0.457603 0.388041
vt 0.991338 0.259975 0.523237
vt 0.968060 0.463772 0.497432
vt 0.991354 0.433137 0.499447
vt 0.914108 0.384947 -0.499387
vt 0.896147 0.409764 -0.500000
vt 0.861958 0.363373 0.503729
vt 0.763599 0.458215 0.438841
vt 0.959733 0.257362 0.554146
vt 0.880857 0.298567 0.500035
vt 0.991284 0.302323 0.494088
vt 0.991311 0.275198 0.398410
vt 0.996551 0.340398 0.364356
vt 0.511265 0.445246 0.398614
vt 0.604540 0.446988 0.377074
vt 0.511355 0.451291 0.379460
vt 0.604714 0.449286 0.373822
vt 0.511388 0.446820 0.317849
vt 0.909198 0.342963 0.360342
vt 0.906917 0.299482 0.458485
vt 0.908404 0.277531 0.389398
vt 0.889190 0.444101 -0.499984
vt 0.979340 0.411837 -0.496099
vt 0.914054 0.459973 0.496454
vt 0.960173 0.301503 0.446250
vt 0.959419 0.276083 0.394762
vt 0.986336 0.340695 0.363761
vt 0.980792 0.302058 0.478927
vt 0.980733 0.275490 0.397176
vt 0.832331 0.449048 0.403909
vt 0.862335 0.449113 0.352976
vt 0.832577 0.444343 0.396678
vt 0.862289 0.439737 0.354226
vt 0.832481 0.447468 0.356291
vt 0.862363 0.449485 0.279570
vt 0.996545 0.328676 0.262935
vt 0.986035 0.326922 0.283325
vt 0.936179 0.467035 -0.497824
vt 0.985999 0.323268 0.332140
vt 0.909581 0.449869 -0.499029
vt 0.996567 0.322147 0.340335
vt 0.986100 0.327458 0.328107
vt 0.965430 0.426946 -0.496655
vt 0.996560 0.330338 0.335978
vt 0.880639 0.277949 0.297820
vt 0.880594 0.276408 0.407319
vt 0.880650 0.281659 0.411731
vt 0.604844 0.451038 0.372545
vt 0.987090 0.354138 0.454507
vt 0.879454 0.354326 0.478864
vt 0.910392 0.361543 0.415695
vt 0.996533 0.352000 0.503729
vt 0.879529 0.298866 0.500035
vt 0.996590 0.302004 0.494088
vt 0.948898 0.390229 0.499677
vt 0.942725 0.393041 0.499398
vt 0.948049 0.398576 0.499539
vt 0.902194 0.402128 -0.499818
vt 0.907399 0.393983 -0.499543
vt 0.908271 0.405694 -0.499680
vt 0.952185 0.433316 -0.497032
vt 0.953624 0.443126 -0.497127
vt 0.958741 0.436113 -0.496922
vt 0.923804 0.432502 0.497827
vt 0.913491 0.431327 0.498031
vt 0.913713 0.437238 0.497690
vt 0.907155 0.299631 0.458485
vt 0.963610 0.301320 0.446250
vt 0.985468 0.301783 0.478927
vt 0.862297 0.482373 0.523237
vt 0.830497 0.480342 0.559244
vt 0.605910 0.482384 0.508947
vt 0.512276 0.480687 0.475113
vt 0.762335 0.480022 0.554146
vt 0.830497 0.480342 0.559244
vt 0.762335 0.480022 0.554146
vt 0.605910 0.482384 0.508947
vt 0.869891 0.427389 1.000000
vt 0.869891 0.444652 1.000000
vt 0.869891 0.461915 1.000000
vt 0.869891 0.479179 1.000000
vt 0.869892 0.254756 1.000000
vt 0.869892 0.272019 1.000000
vt 0.869892 0.289282 1.000000
vt 0.869892 0.306546 1.000000
vt 0.869892 0.323809 1.000000
vt 0.869892 0.341072 1.000000
vt 0.869891 0.358335 1.000000
vt 0.869891 0.375599 1.000000
vt 0.869891 0.392862 1.000000
vt 0.869891 0.410125 1.000000
vt 0.778068 0.427388 1.000000
vt 0.778068 0.444652 1.000000
vt 0.778068 0.461915 1.000000
vt 0.778068 0.479178 1.000000
vt 0.778069 0.254756 1.000000
vt 0.778069 0.272019 1.000000
vt 0.778069 0.289282 1.000000
vt 0.778069 0.306545 1.000000
vt 0.778069 0.323809 1.000000
vt 0.778068 0.341072 1.000000
vt 0.778068 0.358335 1.000000
vt 0.778068 0.375599 1.000000
vt 0.778068 0.392862 1.000000
vt 0.778068 0.410125 1.000000
vt 0.502599 0.427388 1.000000
vt 0.502599 0.444651 1.000000
vt 0.502599 0.461914 1.000000
vt 0.502599 0.479178 1.000000
vt 0.502600 0.254755 1.000000
vt 0.502600 0.272018 1.000000
vt 0.502600 0.289281 1.000000
vt 0.502600 0.306545 1.000000
vt 0.502600 0.323808 1.000000
vt 0.502599 0.341071 1.000000
vt 0.502599 0.358335 1.000000
vt 0.502599 0.375598 1.000000
vt 0.502599 0.392861 1.000000
vt 0.502599 0.410124 1.000000
vt 0.869891 0.496442 1.000000
vt 0.778068 0.496442 1.000000
vt 0.502599 0.496441 1.000000
vt 0.961059 0.484962 -0.250000
vt 0.979627 0.470154 -0.250000
vt 0.989932 0.448756 -0.250000
vt 0.989932 0.425006 -0.250000
vt 0.979627 0.403609 -0.250000
vt 0.961059 0.388801 -0.250000
vt 0.937905 0.383516 -0.250000
vt 0.914751 0.388801 -0.250000
vt 0.896182 0.403609 -0.250000
vt 0.885878 0.425006 -0.250000
vt 0.885878 0.448756 -0.250000
vt 0.896182 0.470154 -0.250000
vt 0.914751 0.484962 -0.250000
vt 0.937905 0.490246 -0.250000
vt 0.937905 0.490246 0.250000
vt 0.914751 0.484962 0.250000
vt 0.896182 0.470154 0.250000
vt 0.885878 0.448756 0.250000
vt 0.885878 0.425006 0.250000
vt 0.896182 0.403609 0.250000
vt 0.914751 0.388801 0.250000
vt 0.937905 0.383516 0.250000
vt 0.961059 0.388801 0.250000
vt 0.979627 0.403609 0.250000
vt 0.989932 0.425006 0.250000
vt 0.989932 0.448756 0.250000
vt 0.979627 0.470154 0.250000
vt 0.961059 0.484962 0.250000
vt 0.862206 0.406767 0.422599
vt 0.938263 0.376299 -0.498335
vt 0.862083 0.385683 0.450406
vt 0.834351 0.409442 0.458532
vt 0.833248 0.431609 0.417390
vt 0.831869 0.457137 0.437501
vt 0.981283 0.257717 0.559244
vt 0.833783 0.365675 0.454507
vt 0.834236 0.390979 0.434424
vt 0.511231 0.435957 0.425412
vt 0.511380 0.456712 0.411533
vt 0.880671 0.258102 0.475113
vt 0.512640 0.365878 0.478864
vt 0.962140 0.386140 -0.497138
vt 0.603777 0.414553 0.473978
vt 0.603566 0.436580 0.417472
vt 0.605485 0.458179 0.377978
vt 0.910275 0.259988 0.508947
vt 0.604946 0.373649 0.415695
vt 0.604288 0.396761 0.466440
vt 0.959673 0.388761 0.499909
vt 0.936108 0.391795 0.499184
vt 0.911416 0.408443 0.496684
vt 0.985185 0.464823 0.498381
vt 0.511547 0.408589 0.427522
vt 0.880536 0.270435 0.409128
vt 0.879529 0.343845 0.359541
vt 0.511998 0.389793 0.425339
vt 0.862301 0.429481 0.381179
vt 0.985655 0.409607 0.500000
vt 0.913524 0.424649 0.498375
vt 0.862337 0.457603 0.388041
vt 0.991338 0.259975 0.523237
vt 0.968060 0.463772 0.497432
vt 0.991354 0.433137 0.499447
vt 0.914108 0.384947 -0.499387
vt 0.896147 0.409764 -0.500000
vt 0.861958 0.363373 0.503729
vt 0.766095 0.411364 0.444720
vt 0.764878 0.434024 0.401308
vt 0.763599 0.458215 0.438841
vt 0.959733 0.257362 0.554146
vt 0.765684 0.368459 0.393484
vt 0.766058 0.393738 0.398856
vt 0.880857 0.298567 0.500035
vt 0.991284 0.302323 0.494088
vt 0.991311 0.275198 0.398410
vt 0.996551 0.340398 0.364356
vt 0.511265 0.445246 0.398614
vt 0.511355 0.451291 0.379460
vt 0.511388 0.446820 0.317849
vt 0.909198 0.342963 0.360342
vt 0.906917 0.299482 0.458485
vt 0.908404 0.277531 0.389398
vt 0.889190 0.444101 -0.499984
vt 0.979340 0.411837 -0.496099
vt 0.914054 0.459973 0.496454
vt 0.964219 0.339527 0.288240
vt 0.960173 0.301503 0.446250
vt 0.959419 0.276083 0.394762
vt 0.986336 0.340695 0.363761
vt 0.980792 0.302058 0.478927
vt 0.980733 0.275490 0.397176
vt 0.832331 0.449048 0.403909
vt 0.862335 0.449113 0.352976
vt 0.832577 0.444343 0.396678
vt 0.862289 0.439737 0.354226
vt 0.832481 0.447468 0.356291
vt 0.862363 0.449485 0.279570
vt 0.764203 0.447396 0.394378
vt 0.996545 0.328676 0.262935
vt 0.986035 0.326922 0.283325
vt 0.936179 0.467035 -0.497824
vt 0.964033 0.324610 0.277647
vt 0.985999 0.323268 0.332140
vt 0.909581 0.449869 -0.499029
vt 0.996567 0.322147 0.340335
vt 0.986100 0.327458 0.328107
vt 0.965430 0.426946 -0.496655
vt 0.996560 0.330338 0.335978
vt 0.880639 0.277949 0.297820
vt 0.880594 0.276408 0.407319
vt 0.880650 0.281659 0.411731
vt 0.604699 0.449104 0.374480
vt 0.987090 0.354138 0.454507
vt 0.879454 0.354326 0.478864
vt 0.910392 0.361543 0.415695
vt 0.996533 0.352000 0.503729
vt 0.964266 0.356723 0.393484
vt 0.879529 0.298866 0.500035
vt 0.996590 0.302004 0.494088
vt 0.948898 0.390229 0.499677
vt 0.942725 0.393041 0.499398
vt 0.948049 0.398576 0.499539
vt 0.902194 0.402128 -0.499818
vt 0.907399 0.393983 -0.499543
vt 0.908271 0.405694 -0.499680
vt 0.952185 0.433316 -0.497032
vt 0.953624 0.443126 -0.497127
vt 0.958741 0.436113 -0.496922
vt 0.923804 0.432502 0.497827
vt 0.913491 0.431327 0.498031
vt 0.913713 0.437238 0.497690
vt 0.907155 0.299631 0.458485
vt 0.963610 0.301320 0.446250
vt 0.985468 0.301783 0.478927
vt 0.862297 0.482373 0.523237
vt 0.830497 0.480342 0.559244
vt 0.605910 0.482384 0.508947
vt 0.512276 0.480687 0.475113
vt 0.762335 0.480022 0.554146
vt 0.830497 0.480342 0.559244
vt 0.762335 0.480022 0.554146
vt 0.605910 0.482384 0.508947
vt 0.985032 0.436026 0.500000
vt 0.871174 0.483702 0.500188
vt 0.506892 0.312382 0.428166
vt 0.506936 0.339152 0.441358
vt 0.507779 0.364751 0.575149
vt 0.508552 0.465624 0.535128
vt 0.603057 0.285848 0.503816
vt 0.980628 0.468677 0.499914
vt 0.970333 0.399002 -0.499958
vt 0.942523 0.387461 -0.499839
vt 0.602684 0.314624 0.419521
vt 0.604575 0.342172 0.417067
vt 0.604904 0.366371 0.636225
vt 0.604382 0.460021 0.476426
vt 0.603689 0.495362 0.541329
vt 0.996615 0.358450 -0.386091
vt 0.907246 0.389484 -0.497523
vt 0.962709 0.486996 -0.495403
vt 0.989984 0.437115 -0.498572
vt 0.913824 0.415841 -0.497981
vt 0.985665 0.465369 -0.497060
vt 0.968940 0.405865 0.499879
vt 0.936668 0.386275 0.499572
vt 0.507948 0.487781 0.522999
vt 0.871161 0.309442 0.369855
vt 0.871049 0.344004 0.459534
vt 0.870890 0.366583 0.698485
vt 0.870919 0.460360 0.480640
vt 0.729244 0.287371 0.499022
vt 0.724654 0.317278 0.442815
vt 0.725230 0.342298 0.504506
vt 0.723691 0.363482 0.613131
vt 0.734974 0.458176 0.411935
vt 0.733217 0.493479 0.475023
vt 0.996737 0.273843 -0.500000
vt 0.906879 0.389077 0.499135
vt 0.956957 0.484200 0.499213
vt 0.964639 0.359250 -0.090141
vt 0.965182 0.276094 -0.075340
vt 0.506877 0.324786 0.404685
vt 0.506945 0.332658 0.392705
vt 0.507019 0.327174 0.315282
vt 0.996765 0.337816 0.066310
vt 0.877090 0.356236 0.145685
vt 0.933532 0.453985 -0.494843
vt 0.877471 0.268406 0.020304
vt 0.925546 0.355965 -0.379260
vt 0.931033 0.456060 0.499799
vt 0.603799 0.331268 0.389930
vt 0.912710 0.416848 0.499298
vt 0.957581 0.393812 -0.500000
vt 0.949378 0.392905 -0.499813
vt 0.952830 0.402043 -0.499609
vt 0.922183 0.277857 -0.031100
vt 0.996535 0.305222 0.136279
vt 0.877288 0.294449 0.500000
vt 0.877180 0.332108 0.457036
vt 0.966439 0.301997 -0.049267
vt 0.966726 0.334238 0.340423
vt 0.924416 0.298023 0.098973
vt 0.925544 0.333259 0.394052
vt 0.871205 0.278394 0.425218
vt 0.871173 0.253917 0.500188
vt 0.871205 0.278394 0.425218
vt 0.733216 0.263694 0.475023
vt 0.507397 0.277778 0.477627
vt 0.507397 0.277778 0.477627
vt 0.507948 0.257996 0.522999
vt 0.603688 0.265577 0.541329
vt 0.603688 0.265577 0.541329
vt 0.733216 0.263694 0.475023
vt 0.849317 0.422265 0.430280
vt 0.940592 0.383925 -0.498335
vt 0.849063 0.402783 0.453933
vt 0.822928 0.425007 0.456374
vt 0.822006 0.445706 0.454209
vt 0.820805 0.467944 0.417613
vt 0.819530 0.260331 0.441130
vt 0.818682 0.279493 0.480330
vt 0.818482 0.296460 0.401591
vt 0.818842 0.309429 0.492509
vt 0.819501 0.326643 0.527272
vt 0.709353 0.346453 0.399445
vt 0.822158 0.385949 0.434772
vt 0.822700 0.407898 0.440475
vt 0.516852 0.444064 0.373558
vt 0.517021 0.467154 0.356035
vt 0.517871 0.261605 0.338644
vt 0.517923 0.282130 0.437322
vt 0.522627 0.302166 0.489469
vt 0.526441 0.320994 0.475999
vt 0.525359 0.326459 0.360283
vt 0.526467 0.336585 0.492554
vt 0.518222 0.363710 0.449334
vt 0.517722 0.383993 0.422202
vt 0.604384 0.431664 0.502867
vt 0.604310 0.451650 0.440458
vt 0.606168 0.468203 0.389399
vt 0.606596 0.260745 0.413880
vt 0.607112 0.281186 0.472340
vt 0.607574 0.295326 0.451204
vt 0.609296 0.313980 0.414273
vt 0.613303 0.325774 0.291330
vt 0.613086 0.329765 0.351945
vt 0.605793 0.370528 0.362657
vt 0.605265 0.394909 0.397282
vt 0.604743 0.414856 0.458019
vt 0.516940 0.423676 0.398092
vt 0.517257 0.404169 0.411344
vt 0.849538 0.443033 0.395539
vt 0.849663 0.467023 0.372349
vt 0.849650 0.261772 0.398334
vt 0.966711 0.392170 -0.497138
vt 0.849496 0.283335 0.471575
vt 0.849275 0.302849 0.400824
vt 0.848890 0.306646 0.505131
vt 0.909454 0.392762 0.499909
vt 0.848724 0.332479 0.526612
vt 0.891500 0.411787 0.499184
vt 0.889165 0.438098 0.496684
vt 0.890469 0.464671 0.496636
vt 0.912479 0.484467 0.482914
vt 0.941454 0.483681 0.471904
vt 0.944327 0.469054 0.475151
vt 0.964018 0.475366 0.472151
vt 0.980608 0.439909 0.497061
vt 0.974685 0.413344 0.498381
vt 0.933603 0.386126 0.500000
vt 0.848644 0.346535 0.507384
vt 0.848695 0.363399 0.508485
vt 0.848839 0.383010 0.474134
vt 0.819822 0.333396 0.521156
vt 0.525210 0.331379 0.406709
vt 0.608800 0.318251 0.287067
vt 0.848787 0.326077 0.536427
vt 0.711200 0.431918 0.483217
vt 0.710023 0.452212 0.450776
vt 0.708963 0.470710 0.480358
vt 0.707934 0.258749 0.502844
vt 0.707251 0.274326 0.505714
vt 0.707066 0.291766 0.441854
vt 0.707747 0.311799 0.444470
vt 0.708320 0.324018 0.394258
vt 0.706874 0.366673 0.338230
vt 0.711160 0.394581 0.347038
vt 0.711495 0.412824 0.436959
vt 0.708736 0.332063 0.380532
vt 0.692626 0.345417 0.382244
vt 0.678930 0.344270 0.364360
vt 0.671323 0.368195 0.376367
vt 0.740024 0.366766 0.500524
vt 0.704542 0.401812 0.464385
vt 0.675606 0.422247 0.492436
vt 0.696225 0.287484 0.502810
vt 0.700228 0.320333 0.513065
vt 0.724231 0.338376 0.548532
vt 0.684118 0.388433 0.371379
vt 0.697330 0.387805 0.377826
vt 0.688967 0.412988 0.504037
vt 0.684643 0.439375 0.470755
vt 0.696222 0.304034 0.454817
vt 0.720506 0.349822 0.549177
vt 0.810770 0.413902 0.326442
vt 0.685109 0.342963 0.390255
vt 0.673043 0.356153 0.358598
vt 0.676560 0.379417 0.362052
vt 0.957479 0.393659 0.499447
vt 0.703113 0.383305 0.316068
vt 0.821411 0.363761 0.461380
vt 0.820555 0.345919 0.478294
vt 0.664545 0.431805 0.491797
vt 0.664402 0.451972 0.446310
vt 0.667099 0.468204 0.403729
vt 0.667115 0.259956 0.423822
vt 0.667222 0.279016 0.456299
vt 0.664640 0.293302 0.445326
vt 0.664847 0.315104 0.422625
vt 0.664924 0.329588 0.338391
vt 0.664977 0.336693 0.353744
vt 0.943421 0.461773 -0.464236
vt 0.932051 0.460311 -0.499999
vt 0.906671 0.439639 0.328562
vt 0.910613 0.423605 -0.107276
vt 0.914169 0.391170 -0.499386
vt 0.894521 0.411961 -0.500000
vt 0.886911 0.440727 -0.499984
vt 0.893376 0.469763 -0.499325
vt 0.920780 0.476191 -0.498212
vt 0.923608 0.488868 -0.496971
vt 0.965233 0.483363 -0.495841
vt 0.980931 0.466758 -0.495410
vt 0.991994 0.442739 -0.495471
vt 0.985526 0.413697 -0.496099
vt 0.952152 0.471266 0.475729
vt 0.955947 0.489008 -0.496155
vt 0.917852 0.413040 -0.408031
vt 0.937770 0.408180 -0.346494
vt 0.951890 0.416268 0.122074
vt 0.960264 0.427638 0.500000
vt 0.959959 0.442749 0.089937
vt 0.952193 0.456025 -0.485510
vt 0.812582 0.402282 0.289826
vt 0.842207 0.367164 0.332024
vt 0.831429 0.351148 0.333008
vt 0.822906 0.339734 0.355039
vt 0.820434 0.320654 0.329803
vt 0.828712 0.302786 0.297525
vt 0.835603 0.287071 0.318995
vt 0.823412 0.438927 0.318287
vt 0.808766 0.423921 0.318911
vt 0.665031 0.368411 0.374987
vt 0.664931 0.390087 0.376562
vt 0.664746 0.413738 0.446012
vt 0.664889 0.321986 0.362623
vt 0.684642 0.272773 0.470755
vt 0.823411 0.272325 0.318287
vt 0.849649 0.492304 0.398334
vt 0.819529 0.490863 0.441130
vt 0.606594 0.491277 0.413880
vt 0.517870 0.492137 0.338644
vt 0.707933 0.489281 0.502844
vt 0.667114 0.490488 0.423822
vt 0.819529 0.490863 0.441130
vt 0.707933 0.489281 0.502844
vt 0.667114 0.490488 0.423822
vt 0.606594 0.491277 0.413880
vt 0.862206 0.406767 0.422599
vt 0.938263 0.376299 -0.498335
vt 0.862083 0.385683 0.450406
vt 0.834351 0.409442 0.458532
vt 0.833248 0.431609 0.417390
vt 0.831869 0.457137 0.437501
vt 0.981283 0.257717 0.559244
vt 0.833783 0.365675 0.454507
vt 0.834236 0.390979 0.434424
vt 0.511231 0.435957 0.425412
vt 0.511380 0.456712 0.411533
vt 0.880671 0.258102 0.475113
vt 0.512640 0.365878 0.478864
vt 0.962140 0.386140 -0.497138
vt 0.603777 0.414553 0.473978
vt 0.603566 0.436580 0.417472
vt 0.605485 0.458179 0.377978
vt 0.910275 0.259988 0.508947
vt 0.604946 0.373649 0.415695
vt 0.604288 0.396761 0.466440
vt 0.959673 0.388761 0.499909
vt 0.936108 0.391795 0.499184
vt 0.911416 0.408443 0.496684
vt 0.985185 0.464823 0.498381
vt 0.511547 0.408589 0.427522
vt 0.880536 0.270435 0.409128
vt 0.879529 0.343845 0.359541
vt 0.511998 0.389793 0.425339
vt 0.862301 0.429481 0.381179
vt 0.985655 0.409607 0.500000
vt 0.913524 0.424649 0.498375
vt 0.862337 0.457603 0.388041
vt 0.991338 0.259975 0.523237
vt 0.968060 0.463772 0.497432
vt 0.991354 0.433137 0.499447
vt 0.914108 0.384947 -0.499387
vt 0.896147 0.409764 -0.500000
vt 0.861958 0.363373 0.503729
vt 0.766095 0.411364 0.444720
vt 0.764878 0.434024 0.401308
vt 0.763599 0.458215 0.438841
vt 0.959733 0.257362 0.554146
vt 0.765684 0.368459 0.393484
vt 0.766058 0.393738 0.398856
vt 0.880857 0.298567 0.500035
vt 0.991284 0.302323 0.494088
vt 0.991311 0.275198 0.398410
vt 0.996551 0.340398 0.364356
vt 0.511265 0.445246 0.398614
vt 0.604540 0.446988 0.377074
vt 0.511355 0.451291 0.379460
vt 0.604714 0.449286 0.373822
vt 0.511388 0.446820 0.317849
vt 0.909198 0.342963 0.360342
vt 0.906917 0.299482 0.458485
vt 0.908404 0.277531 0.389398
vt 0.889190 0.444101 -0.499984
vt 0.979340 0.411837 -0.496099
vt 0.914054 0.459973 0.496454
vt 0.964219 0.339527 0.288240
vt 0.960173 0.301503 0.446250
vt 0.959419 0.276083 0.394762
vt 0.986336 0.340695 0.363761
vt 0.980792 0.302058 0.478927
vt 0.980733 0.275490 0.397176
vt 0.832331 0.449048 0.403909
vt 0.862335 0.449113 0.352976
vt 0.832577 0.444343 0.396678
vt 0.862289 0.439737 0.354226
vt 0.832481 0.447468 0.356291
vt 0.862363 0.449485 0.279570
vt 0.764203 0.447396 0.394378
vt 0.996545 0.328676 0.262935
vt 0.986035 0.326922 0.283325
vt 0.936179 0.467035 -0.497824
vt 0.964033 0.324610 0.277647
vt 0.985999 0.323268 0.332140
vt 0.909581 0.449869 -0.499029
vt 0.996567 0.322147 0.340335
vt 0.986100 0.327458 0.328107
vt 0.965430 0.426946 -0.496655
vt 0.996560 0.330338 0.335978
vt 0.880639 0.277949 0.297820
vt 0.880594 0.276408 0.407319
vt 0.880650 0.281659 0.411731
vt 0.604844 0.451038 0.372545
vt 0.987090 0.354138 0.454507
vt 0.879454 0.354326 0.478864
vt 0.910392 0.361543 0.415695
vt 0.996533 0.352000 0.503729
vt 0.964266 0.356723 0.393484
vt 0.879529 0.298866 0.500035
vt 0.996590 0.302004 0.494088
vt 0.948898 0.390229 0.499677
vt 0.942725 0.393041 0.499398
vt 0.948049 0.398576 0.499539
vt 0.902194 0.402128 -0.499818
vt 0.907399 0.393983 -0.499543
vt 0.908271 0.405694 -0.499680
vt 0.952185 0.433316 -0.497032
vt 0.953624 0.443126 -0.497127
vt 0.958741 0.436113 -0.496922
vt 0.923804 0.432502 0.497827
vt 0.913491 0.431327 0.498031
vt 0.913713 0.437238 0.497690
vt 0.907155 0.299631 0.458485
vt 0.963610 0.301320 0.446250
vt 0.985468 0.301783 0.478927
vt 0.862297 0.482373 0.523237
vt 0.830497 0.480342 0.559244
vt 0.605910 0.482384 0.508947
vt 0.512276 0.480687 0.475113
vt 0.762335 0.480022 0.554146
vt 0.830497 0.480342 0.559244
vt 0.762335 0.480022 0.554146
vt 0.605910 0.482384 0.508947
vt 0.985032 0.436026 0.500000
vt 0.871174 0.483702 0.500188
vt 0.506892 0.312382 0.428166
vt 0.506936 0.339152 0.441358
vt 0.507779 0.364751 0.575149
vt 0.508552 0.465624 0.535128
vt 0.603057 0.285848 0.503816
vt 0.980628 0.468677 0.499914
vt 0.970333 0.399002 -0.499958
vt 0.942523 0.387461 -0.499839
vt 0.602684 0.314624 0.419521
vt 0.604575 0.342172 0.417067
vt 0.604904 0.366371 0.636225
vt 0.604382 0.460021 0.476426
vt 0.603689 0.495362 0.541329
vt 0.996615 0.358450 -0.386091
vt 0.907246 0.389484 -0.497523
vt 0.962709 0.486996 -0.495403
vt 0.989984 0.437115 -0.498572
vt 0.913824 0.415841 -0.497981
vt 0.985665 0.465369 -0.497060
vt 0.968940 0.405865 0.499879
vt 0.936668 0.386275 0.499572
vt 0.507948 0.487781 0.522999
vt 0.871161 0.309442 0.369855
vt 0.871049 0.344004 0.459534
vt 0.870890 0.366583 0.698485
vt 0.870919 0.460360 0.480640
vt 0.729244 0.287371 0.499022
vt 0.724654 0.317278 0.442815
vt 0.725230 0.342298 0.504506
vt 0.723691 0.363482 0.613131
vt 0.734974 0.458176 0.411935
vt 0.733217 0.493479 0.475023
vt 0.996737 0.273843 -0.500000
vt 0.906879 0.389077 0.499135
vt 0.956957 0.484200 0.499213
vt 0.964639 0.359250 -0.090141
vt 0.965182 0.276094 -0.075340
vt 0.506877 0.324786 0.404685
vt 0.506945 0.332658 0.392705
vt 0.507019 0.327174 0.315282
vt 0.996765 0.337816 0.066310
vt 0.877090 0.356236 0.145685
vt 0.933532 0.453985 -0.494843
vt 0.877471 0.268406 0.020304
vt 0.925546 0.355965 -0.379260
vt 0.931033 0.456060 0.499799
vt 0.603799 0.331268 0.389930
vt 0.912710 0.416848 0.499298
vt 0.957581 0.393812 -0.500000
vt 0.949378 0.392905 -0.499813
vt 0.952830 0.402043 -0.499609
vt 0.922183 0.277857 -0.031100
vt 0.996535 0.305222 0.136279
vt 0.877288 0.294449 0.500000
vt 0.877180 0.332108 0.457036
vt 0.966439 0.301997 -0.049267
vt 0.966726 0.334238 0.340423
vt 0.924416 0.298023 0.098973
vt 0.925544 0.333259 0.394052
vt 0.871205 0.278394 0.425218
vt 0.871173 0.253917 0.500188
vt 0.871205 0.278394 0.425218
vt 0.733216 0.263694 0.475023
vt 0.507397 0.277778 0.477627
vt 0.507397 0.277778 0.477627
vt 0.507948 0.257996 0.522999
vt 0.603688 0.265577 0.541329
vt 0.603688 0.265577 0.541329
vt 0.733216 0.263694 0.475023
vt 0.849317 0.422265 0.430280
vt 0.940592 0.383925 -0.498335
vt 0.849063 0.402783 0.453933
vt 0.709353 0.346453 0.399445
vt 0.516852 0.444064 0.373558
vt 0.517021 0.467154 0.356035
vt 0.517871 0.261605 0.338644
vt 0.517923 0.282130 0.437322
vt 0.522627 0.302166 0.489469
vt 0.526441 0.320994 0.475999
vt 0.525359 0.326459 0.360283
vt 0.526467 0.336585 0.492554
vt 0.518222 0.363710 0.449334
vt 0.517722 0.383993 0.422202
vt 0.516940 0.423676 0.398092
vt 0.517257 0.404169 0.411344
vt 0.849538 0.443033 0.395539
vt 0.849663 0.467023 0.372349
vt 0.849650 0.261772 0.398334
vt 0.966711 0.392170 -0.497138
vt 0.849496 0.283335 0.471575
vt 0.849275 0.302849 0.400824
vt 0.848890 0.306646 0.505131
vt 0.909454 0.392762 0.499909
vt 0.848724 0.332479 0.526612
vt 0.891500 0.411787 0.499184
vt 0.889165 0.438098 0.496684
vt 0.890469 0.464671 0.496636
vt 0.912479 0.484467 0.482914
vt 0.941454 0.483681 0.471904
vt 0.944327 0.469054 0.475151
vt 0.964018 0.475366 0.472151
vt 0.980608 0.439909 0.497061
vt 0.974685 0.413344 0.498381
vt 0.933603 0.386126 0.500000
vt 0.848644 0.346535 0.507384
vt 0.848695 0.363399 0.508485
vt 0.848839 0.383010 0.474134
vt 0.525210 0.331379 0.406709
vt 0.848787 0.326077 0.536427
vt 0.711200 0.431918 0.483217
vt 0.710023 0.452212 0.450776
vt 0.708963 0.470710 0.480358
vt 0.707934 0.258749 0.502844
vt 0.707251 0.274326 0.505714
vt 0.707066 0.291766 0.441854
vt 0.707747 0.311799 0.444470
vt 0.708320 0.324018 0.394258
vt 0.706874 0.366673 0.338230
vt 0.711160 0.394581 0.347038
vt 0.711495 0.412824 0.436959
vt 0.708736 0.332063 0.380532
vt 0.692626 0.345417 0.382244
vt 0.678930 0.344270 0.364360
vt 0.671323 0.368195 0.376367
vt 0.740024 0.366766 0.500524
vt 0.704542 0.401812 0.464385
vt 0.675606 0.422247 0.492436
vt 0.696225 0.287484 0.502810
vt 0.700228 0.320333 0.513065
vt 0.724231 0.338376 0.548532
vt 0.684118 0.388433 0.371379
vt 0.697330 0.387805 0.377826
vt 0.688967 0.412988 0.504037
vt 0.684643 0.439375 0.470755
vt 0.696222 0.304034 0.454817
vt 0.720506 0.349822 0.549177
vt 0.810770 0.413902 0.326442
vt 0.685109 0.342963 0.390255
vt 0.673043 0.356153 0.358598
vt 0.676560 0.379417 0.362052
vt 0.957479 0.393659 0.499447
vt 0.703113 0.383305 0.316068
vt 0.943421 0.461773 -0.464236
vt 0.932051 0.460311 -0.499999
vt 0.906671 0.439639 0.328562
vt 0.910613 0.423605 -0.107276
vt 0.914169 0.391170 -0.499386
vt 0.894521 0.411961 -0.500000
vt 0.886911 0.440727 -0.499984
vt 0.893376 0.469763 -0.499325
vt 0.920780 0.476191 -0.498212
vt 0.923608 0.488868 -0.496971
vt 0.965233 0.483363 -0.495841
vt 0.980931 0.466758 -0.495410
vt 0.991994 0.442739 -0.495471
vt 0.985526 0.413697 -0.496099
vt 0.952152 0.471266 0.475729
vt 0.955947 0.489008 -0.496155
vt 0.917852 0.413040 -0.408031
vt 0.937770 0.408180 -0.346494
vt 0.951890 0.416268 0.122074
vt 0.960264 0.427638 0.500000
vt 0.959959 0.442749 0.089937
vt 0.952193 0.456025 -0.485510
vt 0.812582 0.402282 0.289826
vt 0.842207 0.367164 0.332024
vt 0.831429 0.351148 0.333008
vt 0.822906 0.339734 0.355039
vt 0.820434 0.320654 0.329803
vt 0.828712 0.302786 0.297525
vt 0.835603 0.287071 0.318995
vt 0.823412 0.438927 0.318287
vt 0.808766 0.423921 0.318911
vt 0.684642 0.272773 0.470755
vt 0.823411 0.272325 0.318287
vt 0.849649 0.492304 0.398334
vt 0.517870 0.492137 0.338644
vt 0.707933 0.489281 0.502844
vt 0.707933 0.489281 0.502844
vt 0.869891 0.427389 1.000000
vt 0.869891 0.444652 1.000000
vt 0.869891 0.461915 1.000000
vt 0.869891 0.479179 1.000000
vt 0.869892 0.254756 1.000000
vt 0.869892 0.272019 1.000000
vt 0.869892 0.289282 1.000000
vt 0.869892 0.306546 1.000000
vt 0.869892 0.323809 1.000000
vt 0.869892 0.341072 1.000000
vt 0.869891 0.358335 1.000000
vt 0.869891 0.375599 1.000000
vt 0.869891 0.392862 1.000000
vt 0.869891 0.410125 1.000000
vt 0.594422 0.427388 1.000000
vt 0.594422 0.444651 1.000000
vt 0.594422 0.461915 1.000000
vt 0.594422 0.479178 1.000000
vt 0.594423 0.254755 1.000000
vt 0.594423 0.272018 1.000000
vt 0.594423 0.289282 1.000000
vt 0.594423 0.306545 1.000000
vt 0.594423 0.323808 1.000000
vt 0.594422 0.341072 1.000000
vt 0.594422 0.358335 1.000000
vt 0.594422 0.375598 1.000000
vt 0.594422 0.392861 1.000000
vt 0.594422 0.410125 1.000000
vt 0.502599 0.427388 1.000000
vt 0.502599 0.444651 1.000000
vt 0.502599 0.461914 1.000000
vt 0.502599 0.479178 1.000000
vt 0.502600 0.254755 1.000000
vt 0.502600 0.272018 1.000000
vt 0.502600 0.289281 1.000000
vt 0.502600 0.306545 1.000000
vt 0.502600 0.323808 1.000000
vt 0.502599 0.341071 1.000000
vt 0.502599 0.358335 1.000000
vt 0.502599 0.375598 1.000000
vt 0.502599 0.392861 1.000000
vt 0.502599 0.410124 1.000000
vt 0.869891 0.496442 1.000000
vt 0.594422 0.496441 1.000000
vt 0.502599 0.496441 1.000000
vt 0.961059 0.484962 -0.250000
vt 0.979627 0.470154 -0.250000
vt 0.989932 0.448756 -0.250000
vt 0.989932 0.425006 -0.250000
vt 0.979627 0.403609 -0.250000
vt 0.961059 0.388801 -0.250000
vt 0.937905 0.383516 -0.250000
vt 0.914751 0.388801 -0.250000
vt 0.896182 0.403609 -0.250000
vt 0.885878 0.425006 -0.250000
vt 0.885878 0.448756 -0.250000
vt 0.896182 0.470154 -0.250000
vt 0.914751 0.484962 -0.250000
vt 0.937905 0.490246 -0.250000
vt 0.937905 0.490246 0.250000
vt 0.914751 0.484962 0.250000
vt 0.896182 0.470154 0.250000
vt 0.885878 0.448756 0.250000
vt 0.885878 0.425006 0.250000
vt 0.896182 0.403609 0.250000
vt 0.914751 0.388801 0.250000
vt 0.937905 0.383516 0.250000
vt 0.961059 0.388801 0.250000
vt 0.979627 0.403609 0.250000
vt 0.989932 0.425006 0.250000
vt 0.989932 0.448756 0.250000
vt 0.979627 0.470154 0.250000
vt 0.961059 0.484962 0.250000
vt 0.985032 0.436026 0.500000
vt 0.871174 0.483702 0.500188
vt 0.506892 0.312382 0.428166
vt 0.506936 0.339152 0.441358
vt 0.507779 0.364751 0.575149
vt 0.508552 0.465624 0.535128
vt 0.603057 0.285848 0.503816
vt 0.980628 0.468677 0.499914
vt 0.970333 0.399002 -0.499958
vt 0.942523 0.387461 -0.499839
vt 0.602684 0.314624 0.419521
vt 0.604575 0.342172 0.417067
vt 0.604904 0.366371 0.636225
vt 0.604382 0.460021 0.476426
vt 0.603689 0.495362 0.541329
vt 0.996615 0.358450 -0.386091
vt 0.907246 0.389484 -0.497523
vt 0.962709 0.486996 -0.495403
vt 0.989984 0.437115 -0.498572
vt 0.913824 0.415841 -0.497981
vt 0.985665 0.465369 -0.497060
vt 0.968940 0.405865 0.499879
vt 0.936668 0.386275 0.499572
vt 0.507948 0.487781 0.522999
vt 0.871161 0.309442 0.369855
vt 0.871049 0.344004 0.459534
vt 0.870890 0.366583 0.698485
vt 0.870919 0.460360 0.480640
vt 0.729244 0.287371 0.499022
vt 0.724654 0.317278 0.442815
vt 0.725230 0.342298 0.504506
vt 0.723691 0.363482 0.613131
vt 0.734974 0.458176 0.411935
vt 0.733217 0.493479 0.475023
vt 0.996737 0.273843 -0.500000
vt 0.906879 0.389077 0.499135
vt 0.956957 0.484200 0.499213
vt 0.964639 0.359250 -0.090141
vt 0.965182 0.276094 -0.075340
vt 0.506877 0.324786 0.404685
vt 0.506945 0.332658 0.392705
vt 0.507019 0.327174 0.315282
vt 0.996765 0.337816 0.066310
vt 0.877090 0.356236 0.145685
vt 0.933532 0.453985 -0.494843
vt 0.877471 0.268406 0.020304
vt 0.925546 0.355965 -0.379260
vt 0.931033 0.456060 0.499799
vt 0.603799 0.331268 0.389930
vt 0.912710 0.416848 0.499298
vt 0.957581 0.393812 -0.500000
vt 0.949378 0.392905 -0.499813
vt 0.952830 0.402043 -0.499609
vt 0.922183 0.277857 -0.031100
vt 0.996535 0.305222 0.136279
vt 0.877288 0.294449 0.500000
vt 0.877180 0.332108 0.457036
vt 0.966439 0.301997 -0.049267
vt 0.966726 0.334238 0.340423
vt 0.924416 0.298023 0.098973
vt 0.925544 0.333259 0.394052
vt 0.871205 0.278394 0.425218
vt 0.871173 0.253917 0.500188
vt 0.871205 0.278394 0.425218
vt 0.733216 0.263694 0.475023
vt 0.507397 0.277778 0.477627
vt 0.507397 0.277778 0.477627
vt 0.507948 0.257996 0.522999
vt 0.603688 0.265577 0.541329
vt 0.603688 0.265577 0.541329
vt 0.733216 0.263694 0.475023
vt 0.869891 0.427389 1.000000
vt 0.869891 0.444652 1.000000
vt 0.778068 0.444652 1.000000
vt 0.778068 0.427388 1.000000
vt 0.869891 0.461915 1.000000
vt 0.778068 0.461915 1.000000
vt 0.869891 0.479179 1.000000
vt 0.778068 0.479178 1.000000
vt 0.869891 0.496442 1.000000
vt 0.778068 0.496442 1.000000
vt 0.869892 0.254756 1.000000
vt 0.869892 0.272019 1.000000
vt 0.778069 0.272019 1.000000
vt 0.778069 0.254756 1.000000
vt 0.869892 0.289282 1.000000
vt 0.778069 0.289282 1.000000
vt 0.869892 0.306546 1.000000
vt 0.778069 0.306545 1.000000
vt 0.869892 0.323809 1.000000
vt 0.778069 0.323809 1.000000
vt 0.869892 0.341072 1.000000
vt 0.778068 0.341072 1.000000
vt 0.869891 0.358335 1.000000
vt 0.778068 0.358335 1.000000
vt 0.869891 0.375599 1.000000
vt 0.778068 0.375599 1.000000
vt 0.869891 0.392862 1.000000
vt 0.778068 0.392862 1.000000
vt 0.869891 0.410125 1.000000
vt 0.778068 0.410125 1.000000
vt 0.594422 0.444651 1.000000
vt 0.594422 0.427388 1.000000
vt 0.594422 0.461915 1.000000
vt 0.594422 0.479178 1.000000
vt 0.594422 0.496441 1.000000
vt 0.594423 0.272018 1.000000
vt 0.594423 0.254755 1.000000
vt 0.594423 0.289282 1.000000
vt 0.594423 0.306545 1.000000
vt 0.594423 0.323808 1.000000
vt 0.594422 0.341072 1.000000
vt 0.594422 0.358335 1.000000
vt 0.594422 0.375598 1.000000
vt 0.594422 0.392861 1.000000
vt 0.594422 0.410125 1.000000
vt 0.502599 0.444651 1.000000
vt 0.502599 0.427388 1.000000
vt 0.502599 0.461914 1.000000
vt 0.502599 0.479178 1.000000
vt 0.502599 0.496441 1.000000
vt 0.502600 0.272018 1.000000
vt 0.502600 0.254755 1.000000
vt 0.502600 0.289281 1.000000
vt 0.502600 0.306545 1.000000
vt 0.502600 0.323808 1.000000
vt 0.502599 0.341071 1.000000
vt 0.502599 0.358335 1.000000
vt 0.502599 0.375598 1.000000
vt 0.502599 0.392861 1.000000
vt 0.502599 0.410124 1.000000
vt 0.961059 0.484962 -0.250000
vt 0.979627 0.470154 -0.250000
vt 0.989932 0.448756 -0.250000
vt 0.989932 0.425006 -0.250000
vt 0.979627 0.403609 -0.250000
vt 0.961059 0.388801 -0.250000
vt 0.937905 0.383516 -0.250000
vt 0.914751 0.388801 -0.250000
vt 0.896182 0.403609 -0.250000
vt 0.885878 0.425006 -0.250000
vt 0.885878 0.448756 -0.250000
vt 0.896182 0.470154 -0.250000
vt 0.914751 0.484962 -0.250000
vt 0.937905 0.490246 -0.250000
vt 0.937905 0.490246 0.250000
vt 0.914751 0.484962 0.250000
vt 0.896182 0.470154 0.250000
vt 0.885878 0.448756 0.250000
vt 0.885878 0.425006 0.250000
vt 0.896182 0.403609 0.250000
vt 0.914751 0.388801 0.250000
vt 0.937905 0.383516 0.250000
vt 0.961059 0.388801 0.250000
vt 0.979627 0.403609 0.250000
vt 0.989932 0.425006 0.250000
vt 0.989932 0.448756 0.250000
vt 0.979627 0.470154 0.250000
vt 0.961059 0.484962 0.250000
# 1837 texture coords

g stack1
s 1
f 1/1/1 38/39/2 4/5/3 3/4/4 
f 38/39/5 39/40/6 5/6/7 4/5/8 
f 39/40/9 40/146/10 6/147/11 5/6/12 
f 40/41/13 41/43/14 7/8/15 6/7/16 
f 41/43/17 42/44/18 8/9/19 7/8/20 
f 42/44/21 43/45/22 9/10/23 8/9/24 
f 43/45/25 51/64/26 10/11/27 9/10/28 
f 44/47/29 45/58/30 84/99/31 48/61/32 
f 45/58/33 46/59/34 83/98/35 84/99/36 
f 46/59/37 47/60/38 12/13/39 83/98/40 
f 47/60/41 2/3/42 13/14/43 12/13/44 
f 2/3/45 1/1/46 3/4/47 13/14/48 
f 25/26/49 14/15/50 36/37/51 24/25/52 
f 26/27/53 15/16/54 14/15/55 25/26/56 
f 27/148/57 16/149/58 15/16/59 26/27/60 
f 28/29/61 17/18/62 16/17/63 27/28/64 
f 29/30/65 18/19/66 17/18/67 28/29/68 
f 30/31/69 19/20/70 18/19/71 29/30/72 
f 50/63/73 20/21/74 19/20/75 30/31/76 
f 32/33/77 21/22/78 49/62/79 31/32/80 
f 33/34/81 22/23/82 21/22/83 32/33/84 
f 34/35/85 23/24/86 22/23/87 33/34/88 
f 35/36/89 37/38/90 23/24/91 34/35/92 
f 24/25/93 36/37/94 37/38/95 35/36/96 
f 53/66/97 86/101/98 85/100/99 52/65/100 
f 54/67/101 87/102/102 86/101/103 53/66/104 
f 55/150/105 88/151/106 87/102/107 54/67/108 
f 56/69/109 89/104/110 88/103/111 55/68/112 
f 57/70/113 90/105/114 89/104/115 56/69/116 
f 91/106/117 90/105/118 57/70/119 58/71/120 
f 97/143/121 91/106/122 58/71/123 59/72/124 
f 69/93/125 65/78/126 93/108/127 92/107/128 63/76/129 11/12/130 64/77/131 
f 60/73/132 64/77/133 11/12/134 
f 95/141/135 94/140/136 66/79/137 71/95/138 67/86/139 
f 95/141/140 67/86/141 68/87/142 61/74/143 62/75/144 96/142/145 
f 52/65/146 85/100/147 96/142/148 62/75/149 
s 2
f 42/117/150 1/2/151 2/42/152 47/122/153 46/121/154 45/120/155 44/119/156 51/124/157 43/118/158 
s 1
f 51/64/159 44/47/160 48/61/161 10/11/162 
f 49/62/163 20/21/164 50/63/165 31/32/166 
f 31/32/167 50/63/168 97/143/169 92/107/170 
f 94/140/171 93/108/172 65/78/173 70/94/174 66/79/175 
f 72/97/176 61/74/177 68/87/178 
s 2
f 81/129/179 82/130/180 73/109/181 74/110/182 75/111/183 76/112/184 77/125/185 78/126/186 79/127/187 80/128/188 
s 1
f 69/88/189 64/81/190 74/131/191 73/92/192 
f 64/81/193 60/80/194 75/132/195 74/131/196 
f 72/91/197 76/133/198 75/132/199 60/80/200 
f 72/91/201 68/85/202 77/134/203 76/133/204 
f 68/85/205 67/84/206 78/135/207 77/134/208 
f 71/90/209 79/136/210 78/135/211 67/84/212 
f 71/90/213 66/83/214 80/137/215 79/136/216 
f 70/144/217 81/145/218 80/137/219 66/83/220 
f 70/89/221 65/82/222 82/139/223 81/138/224 
f 69/88/225 73/92/226 82/139/227 65/82/228 
f 4/5/229 53/66/230 52/65/231 3/4/232 
f 5/6/233 54/67/234 53/66/235 4/5/236 
f 6/152/237 55/153/238 54/67/239 5/6/240 
f 7/8/241 56/69/242 55/68/243 6/7/244 
f 8/9/245 57/70/246 56/69/247 7/8/248 
f 9/10/249 58/71/250 57/70/251 8/9/252 
f 10/11/253 59/72/254 58/71/255 9/10/256 
f 84/99/257 11/12/258 63/76/259 48/61/260 
f 60/73/261 11/12/262 84/99/263 83/98/264 
f 12/13/265 61/74/266 60/73/267 83/98/268 
f 13/14/269 62/75/270 61/74/271 12/13/272 
f 3/4/273 52/65/274 62/75/275 13/14/276 
f 48/61/277 63/76/278 59/72/279 10/11/280 
f 25/26/281 24/25/282 85/100/283 86/101/284 
f 26/27/285 25/26/286 86/101/287 87/102/288 
f 27/155/289 26/27/290 87/102/291 88/154/292 
f 89/104/293 28/29/294 27/28/295 88/103/296 
f 90/105/297 29/30/298 28/29/299 89/104/300 
f 30/31/301 29/30/302 90/105/303 91/106/304 
f 50/63/305 30/31/306 91/106/307 97/143/308 
f 32/33/309 31/32/310 92/107/311 93/108/312 
f 95/141/313 34/35/314 33/34/315 94/140/316 
f 96/142/317 35/36/318 34/35/319 95/141/320 
f 85/100/321 24/25/322 35/36/323 96/142/324 
f 59/72/325 63/76/326 92/107/327 97/143/328 
f 94/140/329 33/34/330 32/33/331 93/108/332 
s 2
f 16/49/333 17/50/334 18/51/335 19/52/336 20/53/337 
s 1
f 98/217/338 113/180/339 118/185/340 117/184/341 
f 114/181/342 119/186/343 118/185/344 113/180/345 
f 114/181/346 115/182/347 120/187/348 119/186/349 
s 2
f 116/183/350 99/157/351 122/189/352 121/188/353 
f 99/218/354 98/219/355 117/184/356 122/220/357 
s 1
f 105/166/358 100/158/359 110/221/360 104/162/361 
s 2
f 128/197/362 126/195/363 133/204/364 
s 1
f 107/168/365 102/160/366 101/159/367 106/167/368 
s 2
f 109/170/369 112/179/370 103/161/371 108/169/372 
f 104/162/373 110/222/374 112/223/375 109/224/376 
s 4
f 112/176/377 110/174/378 100/164/379 126/206/380 128/208/381 
f 125/205/382 115/191/383 114/178/384 113/177/385 98/156/386 99/163/387 116/192/388 124/203/389 
s 1
f 105/166/390 104/162/391 117/184/392 118/185/393 
f 118/185/394 119/186/395 106/167/396 133/204/397 105/166/398 
f 107/168/399 106/167/400 119/186/401 120/187/402 
s 2
f 122/189/403 109/170/404 108/169/405 121/188/406 
f 117/184/407 104/162/408 109/225/409 122/226/410 
f 125/212/411 132/216/412 120/202/413 115/199/414 
f 124/211/415 131/215/416 132/216/417 125/212/418 
s 1
f 126/195/419 100/158/420 105/166/421 133/204/422 
s 8
f 133/204/423 127/196/424 128/197/425 
f 103/190/426 123/210/427 129/213/428 108/194/429 
s 2
f 130/214/430 111/198/431 102/171/432 107/193/433 
s 8
f 108/194/434 129/213/435 131/215/436 121/209/437 
s 2
f 131/215/438 129/213/439 130/214/440 132/216/441 
f 130/214/442 107/193/443 120/202/444 132/216/445 
s 8
f 131/215/446 124/211/447 116/201/448 121/209/449 
s 2
f 129/213/450 123/210/451 111/198/452 130/214/453 
s 1
f 106/167/454 101/159/455 127/196/456 133/204/457 
f 134/227/458 156/255/459 137/231/460 136/230/461 
f 157/258/462 138/232/463 175/283/464 176/284/465 
f 157/258/466 158/320/467 139/321/468 138/232/469 
s 2
f 159/264/470 135/229/471 141/235/472 140/234/473 
f 135/229/474 134/227/475 136/230/476 141/235/477 
s 1
f 147/242/478 142/236/479 152/251/480 146/241/481 
s 2
f 164/269/482 165/270/483 167/272/484 168/273/485 
s 1
f 149/322/486 144/323/487 143/237/488 148/243/489 
s 2
f 151/246/490 155/254/491 145/239/492 150/245/493 
f 146/241/494 152/251/495 155/254/496 151/246/497 
s 4
f 155/261/498 152/256/499 142/247/500 164/306/501 168/308/502 
f 180/311/503 162/291/504 158/277/505 157/263/506 176/309/507 
s 1
f 137/231/508 147/242/509 146/241/510 136/230/511 
s 11
f 165/270/512 147/242/513 137/231/514 177/285/515 179/287/516 175/283/517 138/232/518 148/243/519 188/299/520 167/272/521 
s 1
f 139/324/522 149/325/523 148/243/524 138/232/525 
s 2
f 141/235/526 151/246/527 150/245/528 140/234/529 
f 136/230/530 146/241/531 151/246/532 141/235/533 
f 139/233/534 158/259/535 162/267/536 174/282/537 
f 161/266/538 173/281/539 174/282/540 162/267/541 
s 1
f 182/292/542 181/289/543 183/293/544 
s 8
f 163/268/545 159/303/546 140/300/547 172/280/548 
s 1
f 164/269/549 142/236/550 147/242/551 165/270/552 
s 8
f 188/299/553 166/271/554 168/273/555 167/272/556 
f 145/301/557 154/253/558 169/274/559 150/302/560 
f 154/253/561 160/304/562 170/318/563 169/274/564 
s 1
f 187/298/565 185/296/566 171/276/567 
s 2
f 171/276/568 153/252/569 144/238/570 149/244/571 
s 8
f 150/302/572 169/274/573 172/280/574 140/300/575 
s 2
f 173/281/576 170/275/577 171/276/578 174/282/579 
f 171/276/580 149/244/581 139/233/582 174/282/583 
f 179/287/584 180/288/585 176/284/586 175/283/587 
s 1
f 137/231/588 156/255/589 178/286/590 177/285/591 
s 8
f 177/285/592 178/286/593 180/288/594 179/287/595 
f 184/295/596 163/268/597 172/280/598 183/293/599 
f 183/293/600 173/319/601 161/305/602 182/292/603 
s 11
f 172/280/604 169/274/605 170/318/606 173/319/607 183/293/608 
s 2
f 183/293/609 181/289/610 184/295/611 
f 186/297/612 153/252/613 171/276/614 
s 8
f 171/276/615 185/296/616 186/297/617 
s 2
f 170/275/618 160/265/619 187/298/620 171/276/621 
s 1
f 148/243/622 143/237/623 166/271/624 188/299/625 
s 8
f 189/326/626 190/327/627 204/341/628 203/340/629 
f 190/327/630 191/328/631 205/342/632 204/341/633 
f 191/328/634 192/329/635 206/343/636 205/342/637 
f 192/329/638 193/368/639 207/369/640 206/343/641 
f 193/330/642 194/331/643 208/345/644 207/344/645 
f 194/331/646 195/332/647 209/346/648 208/345/649 
f 195/332/650 196/333/651 210/347/652 209/346/653 
f 196/333/654 197/334/655 211/348/656 210/347/657 
f 197/334/658 198/335/659 212/349/660 211/348/661 
f 198/335/662 199/336/663 213/350/664 212/349/665 
f 199/336/666 200/337/667 214/351/668 213/350/669 
f 200/337/670 201/338/671 215/352/672 214/351/673 
f 201/338/674 202/339/675 216/353/676 215/352/677 
f 202/339/678 189/326/679 203/340/680 216/353/681 
f 203/340/682 204/341/683 218/355/684 217/354/685 
f 204/341/686 205/342/687 219/356/688 218/355/689 
f 205/342/690 206/343/691 220/357/692 219/356/693 
f 206/343/694 207/369/695 221/370/696 220/357/697 
f 207/344/698 208/345/699 222/359/700 221/358/701 
f 208/345/702 209/346/703 223/360/704 222/359/705 
f 209/346/706 210/347/707 224/361/708 223/360/709 
f 210/347/710 211/348/711 225/362/712 224/361/713 
f 211/348/714 212/349/715 226/363/716 225/362/717 
f 212/349/718 213/350/719 227/364/720 226/363/721 
f 213/350/722 214/351/723 228/365/724 227/364/725 
f 214/351/726 215/352/727 229/366/728 228/365/729 
f 215/352/730 216/353/731 230/367/732 229/366/733 
f 216/353/734 203/340/735 217/354/736 230/367/737 
s 1
f 191/382/738 195/378/739 194/379/740 193/380/741 192/381/742 
f 228/396/743 229/397/744 230/398/745 217/385/746 218/386/747 219/387/748 220/388/749 221/389/750 222/390/751 223/391/752 224/392/753 225/393/754 226/394/755 227/395/756 
f 246/423/757 238/409/758 237/405/759 231/450/760 
f 258/440/761 238/409/762 246/423/763 247/424/764 239/410/765 
f 247/424/766 248/425/767 240/411/768 239/410/769 
s 2
f 249/426/770 232/400/771 242/413/772 241/412/773 
f 232/451/774 231/452/775 237/405/776 242/457/777 
s 1
f 238/409/778 233/401/779 243/453/780 237/405/781 
s 2
f 255/434/782 253/432/783 258/440/784 
s 1
f 240/411/785 235/403/786 234/402/787 239/410/788 
s 2
f 242/413/789 245/422/790 236/404/791 241/412/792 
f 237/405/793 243/454/794 245/455/795 242/456/796 
s 4
f 245/419/797 243/417/798 233/407/799 253/442/800 255/444/801 
f 252/441/802 248/428/803 247/421/804 246/420/805 231/399/806 232/406/807 249/429/808 251/439/809 
s 2
f 248/436/810 252/447/811 257/449/812 240/430/813 
f 251/446/814 256/448/815 257/449/816 252/447/817 
s 1
f 253/432/818 233/401/819 238/409/820 258/440/821 
s 8
f 258/440/822 254/433/823 255/434/824 
f 236/427/825 250/445/826 256/448/827 241/431/828 
s 2
f 257/449/829 244/435/830 235/414/831 240/430/832 
s 8
f 241/431/833 256/448/834 251/446/835 249/438/836 
s 2
f 256/448/837 250/445/838 244/435/839 257/449/840 
s 1
f 239/410/841 234/402/842 254/433/843 258/440/844 
f 259/458/845 284/484/846 262/462/847 261/461/848 
f 284/484/849 285/485/850 263/463/851 262/462/852 
f 285/485/853 286/554/854 264/555/855 263/463/856 
f 286/486/857 287/488/858 265/465/859 264/464/860 
f 287/488/861 288/489/862 266/466/863 265/465/864 
f 288/489/865 289/490/866 267/467/867 266/466/868 
f 289/490/869 296/508/870 268/468/871 267/467/872 
f 290/492/873 291/503/874 315/528/875 294/506/876 
f 291/503/877 292/504/878 314/527/879 315/528/880 
f 292/504/881 293/505/882 270/470/883 314/527/884 
f 293/505/885 260/460/886 271/471/887 270/470/888 
f 260/460/889 259/458/890 261/461/891 271/471/892 
f 298/510/893 317/530/894 316/529/895 297/509/896 
f 299/511/897 318/531/898 317/530/899 298/510/900 
f 300/557/901 319/558/902 318/531/903 299/511/904 
f 301/513/905 320/533/906 319/532/907 300/512/908 
f 302/514/909 321/534/910 320/533/911 301/513/912 
f 322/535/913 321/534/914 302/514/915 303/515/916 
f 328/553/917 322/535/918 303/515/919 304/516/920 
f 310/522/921 324/537/922 323/536/923 308/520/924 269/469/925 309/521/926 
f 305/517/927 309/521/928 269/469/929 
f 326/551/930 325/550/931 311/523/932 312/524/933 
f 326/551/934 312/524/935 313/525/936 306/518/937 307/519/938 327/552/939 
f 297/509/940 316/529/941 327/552/942 307/519/943 
s 2
f 288/542/944 259/459/945 260/487/946 293/547/947 292/546/948 291/545/949 290/544/950 296/549/951 289/543/952 
s 1
f 296/508/953 290/492/954 294/506/955 268/468/956 
f 295/507/957 278/478/958 328/553/959 323/536/960 
f 325/550/961 324/537/962 310/522/963 311/523/964 
f 305/517/965 306/518/966 313/525/967 
f 262/462/968 298/510/969 297/509/970 261/461/971 
f 263/463/972 299/511/973 298/510/974 262/462/975 
f 264/559/976 300/560/977 299/511/978 263/463/979 
f 265/465/980 301/513/981 300/512/982 264/464/983 
f 266/466/984 302/514/985 301/513/986 265/465/987 
f 267/467/988 303/515/989 302/514/990 266/466/991 
f 268/468/992 304/516/993 303/515/994 267/467/995 
f 315/528/996 269/469/997 308/520/998 294/506/999 
f 305/517/1000 269/469/1001 315/528/1002 314/527/1003 
f 270/470/1004 306/518/1005 305/517/1006 314/527/1007 
f 271/471/1008 307/519/1009 306/518/1010 270/470/1011 
f 261/461/1012 297/509/1013 307/519/1014 271/471/1015 
f 294/506/1016 308/520/1017 304/516/1018 268/468/1019 
f 317/530/1020 272/472/1021 282/482/1022 316/529/1023 
f 318/531/1024 273/473/1025 272/472/1026 317/530/1027 
f 319/561/1028 274/556/1029 273/473/1030 318/531/1031 
f 320/533/1032 275/475/1033 274/474/1034 319/532/1035 
f 321/534/1036 276/476/1037 275/475/1038 320/533/1039 
f 322/535/1040 277/477/1041 276/476/1042 321/534/1043 
f 328/553/1044 278/478/1045 277/477/1046 322/535/1047 
f 324/537/1048 279/479/1049 295/507/1050 323/536/1051 
f 326/551/1052 281/481/1053 280/480/1054 325/550/1055 
f 327/552/1056 283/483/1057 281/481/1058 326/551/1059 
f 316/529/1060 282/482/1061 283/483/1062 327/552/1063 
f 304/516/1064 308/520/1065 323/536/1066 328/553/1067 
f 325/550/1068 280/480/1069 279/479/1070 324/537/1071 
s 2
f 274/494/1072 275/495/1073 276/496/1074 277/497/1075 278/498/1076 
s 1
f 329/623/1077 344/586/1078 349/591/1079 348/590/1080 
f 345/587/1081 350/592/1082 349/591/1083 344/586/1084 
f 345/587/1085 346/588/1086 351/593/1087 350/592/1088 
s 2
f 347/589/1089 330/563/1090 353/595/1091 352/594/1092 
f 330/624/1093 329/625/1094 348/590/1095 353/626/1096 
s 1
f 336/572/1097 331/564/1098 341/627/1099 335/568/1100 
s 2
f 359/603/1101 357/601/1102 364/610/1103 
s 1
f 338/574/1104 333/566/1105 332/565/1106 337/573/1107 
s 2
f 340/576/1108 343/585/1109 334/567/1110 339/575/1111 
f 335/568/1112 341/628/1113 343/629/1114 340/630/1115 
s 4
f 332/571/1116 333/578/1117 342/581/1118 354/606/1119 334/579/1120 343/582/1121 341/580/1122 331/570/1123 357/612/1124 359/614/1125 358/613/1126 
f 356/611/1127 346/597/1128 345/584/1129 344/583/1130 329/562/1131 330/569/1132 347/598/1133 355/609/1134 
s 1
f 336/572/1135 335/568/1136 348/590/1137 349/591/1138 
f 349/591/1139 350/592/1140 337/573/1141 364/610/1142 336/572/1143 
f 338/574/1144 337/573/1145 350/592/1146 351/593/1147 
s 2
f 353/595/1148 340/576/1149 339/575/1150 352/594/1151 
f 348/590/1152 335/568/1153 340/631/1154 353/632/1155 
f 356/618/1156 363/622/1157 351/608/1158 346/605/1159 
f 355/617/1160 362/621/1161 363/622/1162 356/618/1163 
s 1
f 357/601/1164 331/564/1165 336/572/1166 364/610/1167 
s 8
f 364/610/1168 358/602/1169 359/603/1170 
f 334/596/1171 354/616/1172 360/619/1173 339/600/1174 
s 2
f 361/620/1175 342/604/1176 333/577/1177 338/599/1178 
s 8
f 339/600/1179 360/619/1180 362/621/1181 352/615/1182 
s 2
f 362/621/1183 360/619/1184 361/620/1185 363/622/1186 
f 361/620/1187 338/599/1188 351/608/1189 363/622/1190 
s 8
f 362/621/1191 355/617/1192 347/607/1193 352/615/1194 
s 2
f 360/619/1195 354/616/1196 342/604/1197 361/620/1198 
s 1
f 337/573/1199 332/565/1200 358/602/1201 364/610/1202 
f 365/633/1203 391/660/1204 368/637/1205 367/636/1206 
f 391/660/1207 392/661/1208 369/638/1209 368/637/1210 
f 392/661/1211 393/778/1212 370/779/1213 369/638/1214 
f 393/662/1215 394/664/1216 371/640/1217 370/639/1218 
f 394/664/1219 395/665/1220 372/641/1221 371/640/1222 
f 395/665/1223 396/666/1224 373/642/1225 372/641/1226 
f 396/666/1227 403/684/1228 374/643/1229 373/642/1230 
f 397/668/1231 398/679/1232 448/731/1233 401/682/1234 
f 398/679/1235 399/680/1236 444/727/1237 448/731/1238 
f 399/680/1239 400/681/1240 377/646/1241 444/727/1242 
f 400/681/1243 366/635/1244 378/647/1245 377/646/1246 
f 366/635/1247 365/633/1248 367/636/1249 378/647/1250 
f 405/686/1251 450/733/1252 449/732/1253 404/685/1254 
f 406/687/1255 451/734/1256 450/733/1257 405/686/1258 
f 407/781/1259 452/782/1260 451/734/1261 406/687/1262 
f 408/689/1263 453/736/1264 452/735/1265 407/688/1266 
f 409/690/1267 454/737/1268 453/736/1269 408/689/1270 
f 455/738/1271 454/737/1272 409/690/1273 410/691/1274 
f 461/775/1275 455/738/1276 410/691/1277 411/692/1278 
f 422/714/1279 418/699/1280 457/740/1281 456/739/1282 416/697/1283 375/644/1284 417/698/1285 
f 413/694/1286 417/698/1287 375/644/1288 
f 459/773/1289 458/772/1290 419/700/1291 424/716/1292 420/707/1293 
f 459/773/1294 420/707/1295 421/708/1296 414/695/1297 415/696/1298 460/774/1299 
f 404/685/1300 449/732/1301 460/774/1302 415/696/1303 
s 2
f 395/749/1304 365/634/1305 366/663/1306 400/754/1307 399/753/1308 398/752/1309 397/751/1310 403/756/1311 396/750/1312 
s 1
f 403/684/1313 397/668/1314 401/682/1315 374/643/1316 
f 402/683/1317 385/654/1318 461/775/1319 456/739/1320 
f 437/720/1321 405/686/1322 404/685/1323 436/719/1324 
f 438/721/1325 406/687/1326 405/686/1327 437/720/1328 
f 439/783/1329 407/786/1330 406/687/1331 438/721/1332 
f 408/689/1333 407/688/1334 439/722/1335 440/723/1336 
f 409/690/1337 408/689/1338 440/723/1339 441/724/1340 
f 410/691/1341 409/690/1342 441/724/1343 442/725/1344 
f 411/692/1345 410/691/1346 442/725/1347 443/726/1348 
f 375/644/1349 416/697/1350 447/730/1351 412/693/1352 
f 413/694/1353 375/644/1354 412/693/1355 376/645/1356 
f 445/728/1357 414/695/1358 413/694/1359 376/645/1360 
f 446/729/1361 415/696/1362 414/695/1363 445/728/1364 
f 436/719/1365 404/685/1366 415/696/1367 446/729/1368 
f 416/697/1369 411/692/1370 443/726/1371 447/730/1372 
f 458/772/1373 457/740/1374 418/699/1375 423/715/1376 
f 425/718/1377 414/695/1378 421/708/1379 
s 2
f 434/761/1380 435/762/1381 426/741/1382 427/742/1383 428/743/1384 429/744/1385 430/757/1386 431/758/1387 432/759/1388 433/760/1389 
s 1
f 422/709/1390 417/702/1391 427/763/1392 426/713/1393 
f 417/702/1394 413/701/1395 428/764/1396 427/763/1397 
f 425/712/1398 429/765/1399 428/764/1400 413/701/1401 
f 425/712/1402 421/706/1403 430/766/1404 429/765/1405 
f 421/706/1406 420/705/1407 431/767/1408 430/766/1409 
f 424/711/1410 432/768/1411 431/767/1412 420/705/1413 
f 424/711/1414 419/704/1415 433/769/1416 432/768/1417 
f 423/776/1418 434/777/1419 433/769/1420 419/704/1421 
f 423/710/1422 418/703/1423 435/771/1424 434/770/1425 
f 422/709/1426 426/713/1427 435/771/1428 418/703/1429 
f 368/637/1430 437/720/1431 436/719/1432 367/636/1433 
f 369/638/1434 438/721/1435 437/720/1436 368/637/1437 
f 370/784/1438 439/785/1439 438/721/1440 369/638/1441 
f 371/640/1442 440/723/1443 439/722/1444 370/639/1445 
f 372/641/1446 441/724/1447 440/723/1448 371/640/1449 
f 373/642/1450 442/725/1451 441/724/1452 372/641/1453 
f 374/643/1454 443/726/1455 442/725/1456 373/642/1457 
f 448/731/1458 412/693/1459 447/730/1460 401/682/1461 
f 444/727/1462 376/645/1463 412/693/1464 448/731/1465 
f 377/646/1466 445/728/1467 376/645/1468 444/727/1469 
f 378/647/1470 446/729/1471 445/728/1472 377/646/1473 
f 367/636/1474 436/719/1475 446/729/1476 378/647/1477 
f 401/682/1478 447/730/1479 443/726/1480 374/643/1481 
f 450/733/1482 379/648/1483 389/658/1484 449/732/1485 
f 451/734/1486 380/649/1487 379/648/1488 450/733/1489 
f 452/787/1490 381/780/1491 380/649/1492 451/734/1493 
f 453/736/1494 382/651/1495 381/650/1496 452/735/1497 
f 454/737/1498 383/652/1499 382/651/1500 453/736/1501 
f 455/738/1502 384/653/1503 383/652/1504 454/737/1505 
f 461/775/1506 385/654/1507 384/653/1508 455/738/1509 
f 457/740/1510 386/655/1511 402/683/1512 456/739/1513 
f 459/773/1514 388/657/1515 387/656/1516 458/772/1517 
f 460/774/1518 390/659/1519 388/657/1520 459/773/1521 
f 449/732/1522 389/658/1523 390/659/1524 460/774/1525 
f 411/692/1526 416/697/1527 456/739/1528 461/775/1529 
f 458/772/1530 387/656/1531 386/655/1532 457/740/1533 
s 2
f 381/670/1534 382/671/1535 383/672/1536 384/673/1537 385/674/1538 
s 1
f 462/788/1539 484/816/1540 465/792/1541 464/791/1542 
f 485/819/1543 466/793/1544 507/848/1545 508/849/1546 
f 485/819/1547 486/888/1548 467/889/1549 466/793/1550 
s 2
f 487/825/1551 463/790/1552 469/796/1553 468/795/1554 
f 463/790/1555 462/788/1556 464/791/1557 469/796/1558 
s 1
f 475/803/1559 470/797/1560 480/812/1561 474/802/1562 
s 2
f 494/832/1563 495/833/1564 497/835/1565 498/836/1566 
s 1
f 477/890/1567 472/891/1568 471/798/1569 476/804/1570 
s 2
f 479/807/1571 483/815/1572 473/800/1573 478/806/1574 
f 474/802/1575 480/812/1576 483/815/1577 479/807/1578 
s 4
f 519/882/1579 521/884/1580 490/842/1581 482/821/1582 473/811/1583 483/822/1584 480/817/1585 470/808/1586 494/873/1587 498/875/1588 496/874/1589 471/809/1590 472/810/1591 481/818/1592 520/883/1593 
s 1
f 477/895/1594 476/804/1595 488/826/1596 489/892/1597 
s 4
f 512/878/1598 492/858/1599 486/840/1600 485/824/1601 508/876/1602 
s 1
f 465/792/1603 475/803/1604 474/802/1605 464/791/1606 
s 11
f 495/833/1607 475/803/1608 465/792/1609 509/850/1610 511/852/1611 507/848/1612 466/793/1613 488/826/1614 476/804/1615 522/866/1616 497/835/1617 
s 1
f 467/893/1618 489/894/1619 488/826/1620 466/793/1621 
s 2
f 469/796/1622 479/807/1623 478/806/1624 468/795/1625 
f 464/791/1626 474/802/1627 479/807/1628 469/796/1629 
f 467/794/1630 486/820/1631 492/830/1632 506/847/1633 
f 491/829/1634 505/846/1635 506/847/1636 492/830/1637 
s 1
f 513/854/1638 514/855/1639 515/857/1640 516/859/1641 
s 8
f 493/831/1642 487/870/1643 468/867/1644 504/845/1645 
s 1
f 494/832/1646 470/797/1647 475/803/1648 495/833/1649 
s 8
f 522/866/1650 496/834/1651 498/836/1652 497/835/1653 
f 473/868/1654 482/814/1655 499/837/1656 478/869/1657 
f 482/814/1658 490/871/1659 500/885/1660 499/837/1661 
s 1
f 521/865/1662 519/863/1663 501/839/1664 
s 2
f 501/839/1665 481/813/1666 472/799/1667 477/805/1668 
f 502/843/1669 500/838/1670 501/839/1671 503/844/1672 
f 501/839/1673 477/805/1674 489/827/1675 503/844/1676 
s 8
f 478/869/1677 499/837/1678 504/845/1679 468/867/1680 
s 2
f 502/843/1681 503/844/1682 506/847/1683 505/846/1684 
f 467/794/1685 506/847/1686 503/844/1687 489/827/1688 
f 511/852/1689 512/853/1690 508/849/1691 507/848/1692 
s 1
f 465/792/1693 484/816/1694 510/851/1695 509/850/1696 
s 8
f 509/850/1697 510/851/1698 512/853/1699 511/852/1700 
f 518/862/1701 493/831/1702 504/845/1703 517/860/1704 
s 11
f 504/845/1705 499/837/1706 500/885/1707 502/886/1708 
s 8
f 515/857/1709 505/887/1710 491/872/1711 516/859/1712 
s 2
f 517/860/1713 514/855/1714 513/854/1715 518/862/1716 
f 520/864/1717 481/813/1718 501/839/1719 
s 8
f 501/839/1720 519/863/1721 520/864/1722 
s 2
f 500/838/1723 490/828/1724 521/865/1725 501/839/1726 
s 1
f 476/804/1727 471/798/1728 496/834/1729 522/866/1730 
s 8
f 523/896/1731 524/897/1732 538/911/1733 537/910/1734 
f 524/897/1735 525/898/1736 539/912/1737 538/911/1738 
f 525/898/1739 526/899/1740 540/913/1741 539/912/1742 
f 526/899/1743 527/938/1744 541/939/1745 540/913/1746 
f 527/900/1747 528/901/1748 542/915/1749 541/914/1750 
f 528/901/1751 529/902/1752 543/916/1753 542/915/1754 
f 529/902/1755 530/903/1756 544/917/1757 543/916/1758 
f 530/903/1759 531/904/1760 545/918/1761 544/917/1762 
f 531/904/1763 532/905/1764 546/919/1765 545/918/1766 
f 532/905/1767 533/906/1768 547/920/1769 546/919/1770 
f 533/906/1771 534/907/1772 548/921/1773 547/920/1774 
f 534/907/1775 535/908/1776 549/922/1777 548/921/1778 
f 535/908/1779 536/909/1780 550/923/1781 549/922/1782 
f 536/909/1783 523/896/1784 537/910/1785 550/923/1786 
f 537/910/1787 538/911/1788 552/925/1789 551/924/1790 
f 538/911/1791 539/912/1792 553/926/1793 552/925/1794 
f 539/912/1795 540/913/1796 554/927/1797 553/926/1798 
f 540/913/1799 541/939/1800 555/940/1801 554/927/1802 
f 541/914/1803 542/915/1804 556/929/1805 555/928/1806 
f 542/915/1807 543/916/1808 557/930/1809 556/929/1810 
f 543/916/1811 544/917/1812 558/931/1813 557/930/1814 
f 544/917/1815 545/918/1816 559/932/1817 558/931/1818 
f 545/918/1819 546/919/1820 560/933/1821 559/932/1822 
f 546/919/1823 547/920/1824 561/934/1825 560/933/1826 
f 547/920/1827 548/921/1828 562/935/1829 561/934/1830 
f 548/921/1831 549/922/1832 563/936/1833 562/935/1834 
f 549/922/1835 550/923/1836 564/937/1837 563/936/1838 
f 550/923/1839 537/910/1840 551/924/1841 564/937/1842 
s 1
f 525/952/1843 524/953/1844 523/954/1845 536/941/1846 535/942/1847 534/943/1848 533/944/1849 532/945/1850 531/946/1851 530/947/1852 529/948/1853 528/949/1854 527/950/1855 526/951/1856 
f 562/966/1857 563/967/1858 564/968/1859 551/955/1860 552/956/1861 553/957/1862 554/958/1863 555/959/1864 556/960/1865 557/961/1866 558/962/1867 559/963/1868 560/964/1869 561/965/1870 
f 565/969/1871 587/997/1872 568/973/1873 567/972/1874 
f 588/1000/1875 569/974/1876 613/1032/1877 614/1033/1878 
f 588/1000/1879 589/1075/1880 570/1076/1881 569/974/1882 
s 2
f 590/1006/1883 566/971/1884 572/977/1885 571/976/1886 
f 566/971/1887 565/969/1888 567/972/1889 572/977/1890 
s 1
f 578/984/1891 573/978/1892 583/993/1893 577/983/1894 
s 2
f 603/1019/1895 601/1017/1896 630/1052/1897 
s 1
f 580/1077/1898 575/1078/1899 574/979/1900 579/985/1901 
s 2
f 582/988/1902 586/996/1903 576/981/1904 581/987/1905 
f 577/983/1906 583/993/1907 586/996/1908 582/988/1909 
s 4
f 627/1069/1910 629/1071/1911 597/1025/1912 585/1002/1913 576/992/1914 586/1003/1915 583/998/1916 573/989/1917 601/1060/1918 603/1062/1919 602/1061/1920 574/990/1921 575/991/1922 584/999/1923 628/1070/1924 
s 1
f 578/984/1925 577/983/1926 591/1007/1927 592/1008/1928 
f 630/1052/1929 578/984/1930 592/1008/1931 619/1038/1932 593/1009/1933 579/985/1934 
f 580/1082/1935 579/985/1936 593/1009/1937 594/1079/1938 
s 2
f 596/1012/1939 582/988/1940 581/987/1941 595/1011/1942 
f 591/1007/1943 577/983/1944 582/988/1945 596/1012/1946 
s 4
f 618/1065/1947 616/1064/1948 587/1004/1949 565/970/1950 566/982/1951 590/1024/1952 600/1047/1953 626/1068/1954 620/1066/1955 624/1067/1956 598/1041/1957 599/1044/1958 
s 1
f 568/973/1959 592/1008/1960 591/1007/1961 567/972/1962 
f 568/973/1963 615/1034/1964 619/1038/1965 592/1008/1966 
f 570/1080/1967 594/1081/1968 593/1009/1969 569/974/1970 
s 2
f 572/977/1971 596/1012/1972 595/1011/1973 571/976/1974 
f 567/972/1975 591/1007/1976 596/1012/1977 572/977/1978 
f 570/975/1979 589/1001/1980 599/1015/1981 612/1031/1982 
f 598/1014/1983 611/1030/1984 612/1031/1985 599/1015/1986 
s 1
f 620/1039/1987 621/1040/1988 623/1043/1989 624/1045/1990 
s 8
f 600/1016/1991 590/1056/1992 571/1053/1993 610/1029/1994 
s 1
f 601/1017/1995 573/978/1996 578/984/1997 630/1052/1998 
s 8
f 630/1052/1999 602/1018/2000 603/1019/2001 
f 576/1054/2002 585/995/2003 604/1020/2004 581/1055/2005 
f 585/995/2006 597/1058/2007 605/1072/2008 604/1020/2009 
s 1
f 629/1051/2010 627/1049/2011 606/1022/2012 
s 2
f 606/1022/2013 584/994/2014 575/980/2015 580/986/2016 
s 8
f 581/1055/2017 604/1020/2018 607/1026/2019 595/1057/2020 
f 604/1020/2021 605/1072/2022 608/1073/2023 622/1042/2024 607/1026/2025 
s 2
f 608/1027/2026 605/1021/2027 606/1022/2028 609/1028/2029 
f 606/1022/2030 580/986/2031 594/1010/2032 609/1028/2033 
s 8
f 595/1057/2034 607/1026/2035 610/1029/2036 571/1053/2037 
s 1
f 622/1042/2038 623/1043/2039 621/1040/2040 
s 2
f 608/1027/2041 609/1028/2042 612/1031/2043 611/1030/2044 
f 570/975/2045 612/1031/2046 609/1028/2047 594/1010/2048 
f 617/1036/2049 618/1037/2050 614/1033/2051 613/1032/2052 
s 1
f 568/973/2053 587/997/2054 616/1035/2055 615/1034/2056 
s 8
f 615/1034/2057 616/1035/2058 618/1037/2059 617/1036/2060 
s 2
f 617/1036/2061 613/1032/2062 619/1038/2063 
s 8
f 615/1034/2064 617/1036/2065 619/1038/2066 
s 1
f 613/1032/2067 569/974/2068 593/1009/2069 619/1038/2070 
s 8
f 626/1048/2071 600/1016/2072 610/1029/2073 625/1046/2074 
f 625/1046/2075 610/1029/2076 607/1026/2077 622/1042/2078 
f 622/1042/2079 608/1073/2080 611/1074/2081 623/1043/2082 
f 623/1043/2083 611/1074/2084 598/1059/2085 624/1045/2086 
s 2
f 622/1042/2087 621/1040/2088 625/1046/2089 
f 625/1046/2090 621/1040/2091 620/1039/2092 626/1048/2093 
f 628/1050/2094 584/994/2095 606/1022/2096 
s 8
f 606/1022/2097 627/1049/2098 628/1050/2099 
s 2
f 605/1021/2100 597/1013/2101 629/1051/2102 606/1022/2103 
s 1
f 579/985/2104 574/979/2105 602/1018/2106 630/1052/2107 
f 631/1144/2108 646/1107/2109 651/1112/2110 650/1111/2111 
f 647/1108/2112 652/1113/2113 651/1112/2114 646/1107/2115 
f 647/1108/2116 648/1109/2117 653/1114/2118 652/1113/2119 
s 2
f 649/1110/2120 632/1084/2121 655/1116/2122 654/1115/2123 
f 632/1145/2124 631/1146/2125 650/1111/2126 655/1147/2127 
s 1
f 638/1093/2128 633/1085/2129 643/1148/2130 637/1089/2131 
s 2
f 661/1124/2132 659/1122/2133 666/1131/2134 
s 1
f 640/1095/2135 635/1087/2136 634/1086/2137 639/1094/2138 
s 2
f 642/1097/2139 645/1106/2140 636/1088/2141 641/1096/2142 
f 637/1089/2143 643/1149/2144 645/1150/2145 642/1151/2146 
s 4
f 634/1092/2147 635/1099/2148 644/1102/2149 656/1127/2150 636/1100/2151 645/1103/2152 643/1101/2153 633/1091/2154 659/1133/2155 661/1135/2156 660/1134/2157 
f 658/1132/2158 648/1118/2159 647/1105/2160 646/1104/2161 631/1083/2162 632/1090/2163 649/1119/2164 657/1130/2165 
s 1
f 638/1093/2166 637/1089/2167 650/1111/2168 651/1112/2169 
f 651/1112/2170 652/1113/2171 639/1094/2172 666/1131/2173 638/1093/2174 
f 640/1095/2175 639/1094/2176 652/1113/2177 653/1114/2178 
s 2
f 655/1116/2179 642/1097/2180 641/1096/2181 654/1115/2182 
f 650/1111/2183 637/1089/2184 642/1152/2185 655/1153/2186 
f 658/1139/2187 665/1143/2188 653/1129/2189 648/1126/2190 
f 657/1138/2191 664/1142/2192 665/1143/2193 658/1139/2194 
s 1
f 659/1122/2195 633/1085/2196 638/1093/2197 666/1131/2198 
s 8
f 666/1131/2199 660/1123/2200 661/1124/2201 
f 636/1117/2202 656/1137/2203 662/1140/2204 641/1121/2205 
s 2
f 663/1141/2206 644/1125/2207 635/1098/2208 640/1120/2209 
s 8
f 641/1121/2210 662/1140/2211 664/1142/2212 654/1136/2213 
s 2
f 664/1142/2214 662/1140/2215 663/1141/2216 665/1143/2217 
f 663/1141/2218 640/1120/2219 653/1129/2220 665/1143/2221 
s 8
f 664/1142/2222 657/1138/2223 649/1128/2224 654/1136/2225 
s 2
f 662/1140/2226 656/1137/2227 644/1125/2228 663/1141/2229 
s 1
f 639/1094/2230 634/1086/2231 660/1123/2232 666/1131/2233 
f 667/1154/2234 704/1192/2235 670/1158/2236 669/1157/2237 
f 704/1192/2238 705/1193/2239 671/1159/2240 670/1158/2241 
f 705/1193/2242 706/1299/2243 672/1300/2244 671/1159/2245 
f 706/1194/2246 707/1196/2247 673/1161/2248 672/1160/2249 
f 707/1196/2250 708/1197/2251 674/1162/2252 673/1161/2253 
f 708/1197/2254 709/1198/2255 675/1163/2256 674/1162/2257 
f 709/1198/2258 717/1217/2259 676/1164/2260 675/1163/2261 
f 710/1200/2262 711/1211/2263 750/1252/2264 714/1214/2265 
f 711/1211/2266 712/1212/2267 749/1251/2268 750/1252/2269 
f 712/1212/2270 713/1213/2271 678/1166/2272 749/1251/2273 
f 713/1213/2274 668/1156/2275 679/1167/2276 678/1166/2277 
f 668/1156/2278 667/1154/2279 669/1157/2280 679/1167/2281 
f 691/1179/2282 680/1168/2283 702/1190/2284 690/1178/2285 
f 692/1180/2286 681/1169/2287 680/1168/2288 691/1179/2289 
f 693/1301/2290 682/1302/2291 681/1169/2292 692/1180/2293 
f 694/1182/2294 683/1171/2295 682/1170/2296 693/1181/2297 
f 695/1183/2298 684/1172/2299 683/1171/2300 694/1182/2301 
f 696/1184/2302 685/1173/2303 684/1172/2304 695/1183/2305 
f 716/1216/2306 686/1174/2307 685/1173/2308 696/1184/2309 
f 698/1186/2310 687/1175/2311 715/1215/2312 697/1185/2313 
f 699/1187/2314 688/1176/2315 687/1175/2316 698/1186/2317 
f 700/1188/2318 689/1177/2319 688/1176/2320 699/1187/2321 
f 701/1189/2322 703/1191/2323 689/1177/2324 700/1188/2325 
f 690/1178/2326 702/1190/2327 703/1191/2328 701/1189/2329 
f 719/1219/2330 752/1254/2331 751/1253/2332 718/1218/2333 
f 720/1220/2334 753/1255/2335 752/1254/2336 719/1219/2337 
f 721/1303/2338 754/1304/2339 753/1255/2340 720/1220/2341 
f 722/1222/2342 755/1257/2343 754/1256/2344 721/1221/2345 
f 723/1223/2346 756/1258/2347 755/1257/2348 722/1222/2349 
f 757/1259/2350 756/1258/2351 723/1223/2352 724/1224/2353 
f 763/1296/2354 757/1259/2355 724/1224/2356 725/1225/2357 
f 735/1246/2358 731/1231/2359 759/1261/2360 758/1260/2361 729/1229/2362 677/1165/2363 730/1230/2364 
f 726/1226/2365 730/1230/2366 677/1165/2367 
f 761/1294/2368 760/1293/2369 732/1232/2370 737/1248/2371 733/1239/2372 
f 761/1294/2373 733/1239/2374 734/1240/2375 727/1227/2376 728/1228/2377 762/1295/2378 
f 718/1218/2379 751/1253/2380 762/1295/2381 728/1228/2382 
s 2
f 708/1270/2383 667/1155/2384 668/1195/2385 713/1275/2386 712/1274/2387 711/1273/2388 710/1272/2389 717/1277/2390 709/1271/2391 
s 1
f 717/1217/2392 710/1200/2393 714/1214/2394 676/1164/2395 
f 715/1215/2396 686/1174/2397 716/1216/2398 697/1185/2399 
f 697/1185/2400 716/1216/2401 763/1296/2402 758/1260/2403 
f 760/1293/2404 759/1261/2405 731/1231/2406 736/1247/2407 732/1232/2408 
f 738/1250/2409 727/1227/2410 734/1240/2411 
s 2
f 747/1282/2412 748/1283/2413 739/1262/2414 740/1263/2415 741/1264/2416 742/1265/2417 743/1278/2418 744/1279/2419 745/1280/2420 746/1281/2421 
s 1
f 735/1241/2422 730/1234/2423 740/1284/2424 739/1245/2425 
f 730/1234/2426 726/1233/2427 741/1285/2428 740/1284/2429 
f 738/1244/2430 742/1286/2431 741/1285/2432 726/1233/2433 
f 738/1244/2434 734/1238/2435 743/1287/2436 742/1286/2437 
f 734/1238/2438 733/1237/2439 744/1288/2440 743/1287/2441 
f 737/1243/2442 745/1289/2443 744/1288/2444 733/1237/2445 
f 737/1243/2446 732/1236/2447 746/1290/2448 745/1289/2449 
f 736/1297/2450 747/1298/2451 746/1290/2452 732/1236/2453 
f 736/1242/2454 731/1235/2455 748/1292/2456 747/1291/2457 
f 735/1241/2458 739/1245/2459 748/1292/2460 731/1235/2461 
f 670/1158/2462 719/1219/2463 718/1218/2464 669/1157/2465 
f 671/1159/2466 720/1220/2467 719/1219/2468 670/1158/2469 
f 672/1305/2470 721/1306/2471 720/1220/2472 671/1159/2473 
f 673/1161/2474 722/1222/2475 721/1221/2476 672/1160/2477 
f 674/1162/2478 723/1223/2479 722/1222/2480 673/1161/2481 
f 675/1163/2482 724/1224/2483 723/1223/2484 674/1162/2485 
f 676/1164/2486 725/1225/2487 724/1224/2488 675/1163/2489 
f 750/1252/2490 677/1165/2491 729/1229/2492 714/1214/2493 
f 726/1226/2494 677/1165/2495 750/1252/2496 749/1251/2497 
f 678/1166/2498 727/1227/2499 726/1226/2500 749/1251/2501 
f 679/1167/2502 728/1228/2503 727/1227/2504 678/1166/2505 
f 669/1157/2506 718/1218/2507 728/1228/2508 679/1167/2509 
f 714/1214/2510 729/1229/2511 725/1225/2512 676/1164/2513 
f 691/1179/2514 690/1178/2515 751/1253/2516 752/1254/2517 
f 692/1180/2518 691/1179/2519 752/1254/2520 753/1255/2521 
f 693/1308/2522 692/1180/2523 753/1255/2524 754/1307/2525 
f 755/1257/2526 694/1182/2527 693/1181/2528 754/1256/2529 
f 756/1258/2530 695/1183/2531 694/1182/2532 755/1257/2533 
f 696/1184/2534 695/1183/2535 756/1258/2536 757/1259/2537 
f 716/1216/2538 696/1184/2539 757/1259/2540 763/1296/2541 
f 698/1186/2542 697/1185/2543 758/1260/2544 759/1261/2545 
f 761/1294/2546 700/1188/2547 699/1187/2548 760/1293/2549 
f 762/1295/2550 701/1189/2551 700/1188/2552 761/1294/2553 
f 751/1253/2554 690/1178/2555 701/1189/2556 762/1295/2557 
f 725/1225/2558 729/1229/2559 758/1260/2560 763/1296/2561 
f 760/1293/2562 699/1187/2563 698/1186/2564 759/1261/2565 
s 2
f 682/1202/2566 683/1203/2567 684/1204/2568 685/1205/2569 686/1206/2570 
s 1
f 764/1309/2571 786/1337/2572 767/1313/2573 766/1312/2574 
f 787/1340/2575 768/1314/2576 814/1374/2577 815/1375/2578 
f 787/1340/2579 788/1417/2580 769/1418/2581 768/1314/2582 
s 2
f 789/1346/2583 765/1311/2584 771/1317/2585 770/1316/2586 
f 765/1311/2587 764/1309/2588 766/1312/2589 771/1317/2590 
s 1
f 777/1324/2591 772/1318/2592 782/1333/2593 776/1323/2594 
s 2
f 800/1357/2595 801/1358/2596 803/1360/2597 804/1361/2598 
s 1
f 779/1419/2599 774/1420/2600 773/1319/2601 778/1325/2602 
s 2
f 781/1328/2603 785/1336/2604 775/1321/2605 780/1327/2606 
f 776/1323/2607 782/1333/2608 785/1336/2609 781/1328/2610 
s 4
f 828/1411/2611 830/1413/2612 796/1367/2613 784/1342/2614 775/1332/2615 785/1343/2616 782/1338/2617 772/1329/2618 800/1402/2619 804/1404/2620 802/1403/2621 773/1330/2622 774/1331/2623 783/1339/2624 829/1412/2625 
s 1
f 777/1324/2626 776/1323/2627 790/1347/2628 791/1348/2629 
f 820/1380/2630 792/1349/2631 778/1325/2632 831/1394/2633 803/1360/2634 801/1358/2635 777/1324/2636 791/1348/2637 
f 779/1424/2638 778/1325/2639 792/1349/2640 793/1421/2641 
s 2
f 795/1352/2642 781/1328/2643 780/1327/2644 794/1351/2645 
f 790/1347/2646 776/1323/2647 781/1328/2648 795/1352/2649 
s 4
f 819/1407/2650 817/1406/2651 786/1344/2652 764/1310/2653 765/1322/2654 789/1366/2655 799/1389/2656 827/1410/2657 821/1408/2658 825/1409/2659 797/1383/2660 798/1386/2661 
s 1
f 767/1313/2662 791/1348/2663 790/1347/2664 766/1312/2665 
f 767/1313/2666 816/1376/2667 820/1380/2668 791/1348/2669 
f 769/1422/2670 793/1423/2671 792/1349/2672 768/1314/2673 
s 2
f 771/1317/2674 795/1352/2675 794/1351/2676 770/1316/2677 
f 766/1312/2678 790/1347/2679 795/1352/2680 771/1317/2681 
f 769/1315/2682 788/1341/2683 798/1355/2684 813/1373/2685 
f 797/1354/2686 812/1372/2687 813/1373/2688 798/1355/2689 
s 1
f 821/1381/2690 822/1382/2691 824/1385/2692 825/1387/2693 
s 8
f 799/1356/2694 789/1398/2695 770/1395/2696 811/1371/2697 
s 1
f 800/1357/2698 772/1318/2699 777/1324/2700 801/1358/2701 
s 8
f 831/1394/2702 802/1359/2703 804/1361/2704 803/1360/2705 
f 775/1396/2706 784/1335/2707 805/1362/2708 780/1397/2709 
f 784/1335/2710 796/1400/2711 806/1414/2712 805/1362/2713 
s 1
f 830/1393/2714 828/1391/2715 807/1364/2716 
s 2
f 807/1364/2717 783/1334/2718 774/1320/2719 779/1326/2720 
s 8
f 780/1397/2721 805/1362/2722 808/1368/2723 794/1399/2724 
f 805/1362/2725 806/1414/2726 809/1415/2727 823/1384/2728 808/1368/2729 
s 2
f 809/1369/2730 806/1363/2731 807/1364/2732 810/1370/2733 
f 807/1364/2734 779/1326/2735 793/1350/2736 810/1370/2737 
s 8
f 794/1399/2738 808/1368/2739 811/1371/2740 770/1395/2741 
s 1
f 823/1384/2742 824/1385/2743 822/1382/2744 
s 2
f 809/1369/2745 810/1370/2746 813/1373/2747 812/1372/2748 
f 769/1315/2749 813/1373/2750 810/1370/2751 793/1350/2752 
f 818/1378/2753 819/1379/2754 815/1375/2755 814/1374/2756 
s 1
f 767/1313/2757 786/1337/2758 817/1377/2759 816/1376/2760 
s 8
f 816/1376/2761 817/1377/2762 819/1379/2763 818/1378/2764 
s 2
f 818/1378/2765 814/1374/2766 820/1380/2767 
s 8
f 816/1376/2768 818/1378/2769 820/1380/2770 
s 1
f 814/1374/2771 768/1314/2772 792/1349/2773 820/1380/2774 
s 8
f 827/1390/2775 799/1356/2776 811/1371/2777 826/1388/2778 
f 826/1388/2779 811/1371/2780 808/1368/2781 823/1384/2782 
f 823/1384/2783 809/1415/2784 812/1416/2785 824/1385/2786 
f 824/1385/2787 812/1416/2788 797/1401/2789 825/1387/2790 
s 2
f 823/1384/2791 822/1382/2792 826/1388/2793 
f 826/1388/2794 822/1382/2795 821/1381/2796 827/1390/2797 
f 829/1392/2798 783/1334/2799 807/1364/2800 
s 8
f 807/1364/2801 828/1391/2802 829/1392/2803 
s 2
f 806/1363/2804 796/1353/2805 830/1393/2806 807/1364/2807 
s 1
f 778/1325/2808 773/1319/2809 802/1359/2810 831/1394/2811 
f 832/1486/2812 847/1449/2813 852/1454/2814 851/1453/2815 
f 848/1450/2816 853/1455/2817 852/1454/2818 847/1449/2819 
f 848/1450/2820 849/1451/2821 854/1456/2822 853/1455/2823 
s 2
f 850/1452/2824 833/1426/2825 856/1458/2826 855/1457/2827 
f 833/1487/2828 832/1488/2829 851/1453/2830 856/1489/2831 
s 1
f 839/1435/2832 834/1427/2833 844/1490/2834 838/1431/2835 
s 2
f 862/1466/2836 860/1464/2837 867/1473/2838 
s 1
f 841/1437/2839 836/1429/2840 835/1428/2841 840/1436/2842 
s 2
f 843/1439/2843 846/1448/2844 837/1430/2845 842/1438/2846 
f 838/1431/2847 844/1491/2848 846/1492/2849 843/1493/2850 
s 4
f 846/1445/2851 844/1443/2852 834/1433/2853 860/1475/2854 862/1477/2855 
f 859/1474/2856 849/1460/2857 848/1447/2858 847/1446/2859 832/1425/2860 833/1432/2861 850/1461/2862 858/1472/2863 
s 1
f 839/1435/2864 838/1431/2865 851/1453/2866 852/1454/2867 
f 852/1454/2868 853/1455/2869 840/1436/2870 867/1473/2871 839/1435/2872 
f 841/1437/2873 840/1436/2874 853/1455/2875 854/1456/2876 
s 2
f 856/1458/2877 843/1439/2878 842/1438/2879 855/1457/2880 
f 851/1453/2881 838/1431/2882 843/1494/2883 856/1495/2884 
f 859/1481/2885 866/1485/2886 854/1471/2887 849/1468/2888 
f 858/1480/2889 865/1484/2890 866/1485/2891 859/1481/2892 
s 1
f 860/1464/2893 834/1427/2894 839/1435/2895 867/1473/2896 
s 8
f 867/1473/2897 861/1465/2898 862/1466/2899 
f 837/1459/2900 857/1479/2901 863/1482/2902 842/1463/2903 
s 2
f 864/1483/2904 845/1467/2905 836/1440/2906 841/1462/2907 
s 8
f 842/1463/2908 863/1482/2909 865/1484/2910 855/1478/2911 
s 2
f 865/1484/2912 863/1482/2913 864/1483/2914 866/1485/2915 
f 864/1483/2916 841/1462/2917 854/1471/2918 866/1485/2919 
s 8
f 865/1484/2920 858/1480/2921 850/1470/2922 855/1478/2923 
s 2
f 863/1482/2924 857/1479/2925 845/1467/2926 864/1483/2927 
s 1
f 840/1436/2928 835/1428/2929 861/1465/2930 867/1473/2931 
f 868/1496/2932 883/1512/2933 896/1537/2934 895/1536/2935 
f 883/1512/2936 884/1513/2937 897/1538/2938 896/1537/2939 
f 884/1513/2940 885/1602/2941 898/1605/2942 897/1538/2943 
f 885/1514/2944 886/1516/2945 899/1540/2946 898/1539/2947 
f 886/1516/2948 887/1517/2949 900/1541/2950 899/1540/2951 
f 887/1517/2952 888/1518/2953 901/1542/2954 900/1541/2955 
f 888/1518/2956 894/1535/2957 902/1543/2958 901/1542/2959 
f 890/1531/2960 870/1499/2961 906/1547/2962 889/1520/2963 
f 891/1532/2964 903/1544/2965 870/1499/2966 890/1531/2967 
f 891/1532/2968 892/1533/2969 904/1545/2970 903/1544/2971 
f 892/1533/2972 869/1498/2973 905/1546/2974 904/1545/2975 
f 869/1498/2976 868/1496/2977 895/1536/2978 905/1546/2979 
f 896/1537/2980 871/1500/2981 881/1510/2982 895/1536/2983 
f 897/1538/2984 872/1501/2985 871/1500/2986 896/1537/2987 
f 898/1604/2988 873/1603/2989 872/1501/2990 897/1538/2991 
f 899/1540/2992 874/1503/2993 873/1502/2994 898/1539/2995 
f 900/1541/2996 875/1504/2997 874/1503/2998 899/1540/2999 
f 901/1542/3000 876/1505/3001 875/1504/3002 900/1541/3003 
f 902/1543/3004 877/1506/3005 876/1505/3006 901/1542/3007 
f 908/1549/3008 878/1507/3009 893/1534/3010 906/1547/3011 870/1499/3012 907/1548/3013 912/1564/3014 
f 903/1544/3015 907/1548/3016 870/1499/3017 
f 910/1557/3018 880/1509/3019 879/1508/3020 909/1550/3021 914/1566/3022 
f 905/1546/3023 882/1511/3024 880/1509/3025 910/1557/3026 
f 895/1536/3027 881/1510/3028 882/1511/3029 905/1546/3030 
s 2
f 887/1577/3031 868/1497/3032 869/1515/3033 892/1582/3034 891/1581/3035 890/1580/3036 889/1579/3037 894/1584/3038 888/1578/3039 
s 1
f 894/1535/3040 889/1520/3041 906/1547/3042 902/1543/3043 
f 893/1534/3044 877/1506/3045 902/1543/3046 906/1547/3047 
f 909/1550/3048 879/1508/3049 878/1507/3050 908/1549/3051 913/1565/3052 
f 915/1568/3053 904/1545/3054 911/1558/3055 
s 2
f 924/1589/3056 925/1590/3057 916/1569/3058 917/1570/3059 918/1571/3060 919/1572/3061 920/1585/3062 921/1586/3063 922/1587/3064 923/1588/3065 
s 1
f 912/1559/3066 907/1552/3067 917/1591/3068 916/1563/3069 
f 907/1552/3070 903/1551/3071 918/1592/3072 917/1591/3073 
f 915/1562/3074 919/1593/3075 918/1592/3076 903/1551/3077 
f 915/1562/3078 911/1556/3079 920/1594/3080 919/1593/3081 
f 911/1556/3082 910/1555/3083 921/1595/3084 920/1594/3085 
f 914/1561/3086 922/1596/3087 921/1595/3088 910/1555/3089 
f 914/1561/3090 909/1554/3091 923/1597/3092 922/1596/3093 
f 913/1600/3094 924/1601/3095 923/1597/3096 909/1554/3097 
f 913/1560/3098 908/1553/3099 925/1599/3100 924/1598/3101 
f 912/1559/3102 916/1563/3103 925/1599/3104 908/1553/3105 
s 2
f 873/1522/3106 874/1523/3107 875/1524/3108 876/1525/3109 877/1526/3110 
s 8
f 926/1606/3111 927/1607/3112 941/1621/3113 940/1620/3114 
f 927/1607/3115 928/1608/3116 942/1622/3117 941/1621/3118 
f 928/1608/3119 929/1609/3120 943/1623/3121 942/1622/3122 
f 929/1609/3123 930/1648/3124 944/1649/3125 943/1623/3126 
f 930/1610/3127 931/1611/3128 945/1625/3129 944/1624/3130 
f 931/1611/3131 932/1612/3132 946/1626/3133 945/1625/3134 
f 932/1612/3135 933/1613/3136 947/1627/3137 946/1626/3138 
f 933/1613/3139 934/1614/3140 948/1628/3141 947/1627/3142 
f 934/1614/3143 935/1615/3144 949/1629/3145 948/1628/3146 
f 935/1615/3147 936/1616/3148 950/1630/3149 949/1629/3150 
f 936/1616/3151 937/1617/3152 951/1631/3153 950/1630/3154 
f 937/1617/3155 938/1618/3156 952/1632/3157 951/1631/3158 
f 938/1618/3159 939/1619/3160 953/1633/3161 952/1632/3162 
f 939/1619/3163 926/1606/3164 940/1620/3165 953/1633/3166 
f 940/1620/3167 941/1621/3168 955/1635/3169 954/1634/3170 
f 941/1621/3171 942/1622/3172 956/1636/3173 955/1635/3174 
f 942/1622/3175 943/1623/3176 957/1637/3177 956/1636/3178 
f 943/1623/3179 944/1649/3180 958/1650/3181 957/1637/3182 
f 944/1624/3183 945/1625/3184 959/1639/3185 958/1638/3186 
f 945/1625/3187 946/1626/3188 960/1640/3189 959/1639/3190 
f 946/1626/3191 947/1627/3192 961/1641/3193 960/1640/3194 
f 947/1627/3195 948/1628/3196 962/1642/3197 961/1641/3198 
f 948/1628/3199 949/1629/3200 963/1643/3201 962/1642/3202 
f 949/1629/3203 950/1630/3204 964/1644/3205 963/1643/3206 
f 950/1630/3207 951/1631/3208 965/1645/3209 964/1644/3210 
f 951/1631/3211 952/1632/3212 966/1646/3213 965/1645/3214 
f 952/1632/3215 953/1633/3216 967/1647/3217 966/1646/3218 
f 953/1633/3219 940/1620/3220 954/1634/3221 967/1647/3222 
s 1
f 928/1662/3223 927/1663/3224 926/1664/3225 939/1651/3226 938/1652/3227 937/1653/3228 936/1654/3229 935/1655/3230 934/1656/3231 933/1657/3232 932/1658/3233 931/1659/3234 930/1660/3235 929/1661/3236 
f 965/1676/3237 966/1677/3238 967/1678/3239 954/1665/3240 955/1666/3241 956/1667/3242 957/1668/3243 958/1669/3244 959/1670/3245 960/1671/3246 961/1672/3247 962/1673/3248 963/1674/3249 964/1675/3250 
f 968/1740/3251 983/1703/3252 988/1708/3253 987/1707/3254 
f 984/1704/3255 989/1709/3256 988/1708/3257 983/1703/3258 
f 984/1704/3259 985/1705/3260 990/1710/3261 989/1709/3262 
s 2
f 986/1706/3263 969/1680/3264 992/1712/3265 991/1711/3266 
f 969/1741/3267 968/1742/3268 987/1707/3269 992/1743/3270 
s 1
f 975/1689/3271 970/1681/3272 980/1744/3273 974/1685/3274 
s 2
f 998/1720/3275 996/1718/3276 1003/1727/3277 
s 1
f 977/1691/3278 972/1683/3279 971/1682/3280 976/1690/3281 
s 2
f 979/1693/3282 982/1702/3283 973/1684/3284 978/1692/3285 
f 974/1685/3286 980/1745/3287 982/1746/3288 979/1747/3289 
s 4
f 971/1688/3290 972/1695/3291 981/1698/3292 993/1723/3293 973/1696/3294 982/1699/3295 980/1697/3296 970/1687/3297 996/1729/3298 998/1731/3299 997/1730/3300 
f 995/1728/3301 985/1714/3302 984/1701/3303 983/1700/3304 968/1679/3305 969/1686/3306 986/1715/3307 994/1726/3308 
s 1
f 975/1689/3309 974/1685/3310 987/1707/3311 988/1708/3312 
f 988/1708/3313 989/1709/3314 976/1690/3315 1003/1727/3316 975/1689/3317 
f 977/1691/3318 976/1690/3319 989/1709/3320 990/1710/3321 
s 2
f 992/1712/3322 979/1693/3323 978/1692/3324 991/1711/3325 
f 987/1707/3326 974/1685/3327 979/1748/3328 992/1749/3329 
f 995/1735/3330 1002/1739/3331 990/1725/3332 985/1722/3333 
f 994/1734/3334 1001/1738/3335 1002/1739/3336 995/1735/3337 
s 1
f 996/1718/3338 970/1681/3339 975/1689/3340 1003/1727/3341 
s 8
f 1003/1727/3342 997/1719/3343 998/1720/3344 
f 973/1713/3345 993/1733/3346 999/1736/3347 978/1717/3348 
s 2
f 1000/1737/3349 981/1721/3350 972/1694/3351 977/1716/3352 
s 8
f 978/1717/3353 999/1736/3354 1001/1738/3355 991/1732/3356 
s 2
f 1001/1738/3357 999/1736/3358 1000/1737/3359 1002/1739/3360 
f 1000/1737/3361 977/1716/3362 990/1725/3363 1002/1739/3364 
s 8
f 1001/1738/3365 994/1734/3366 986/1724/3367 991/1732/3368 
s 2
f 999/1736/3369 993/1733/3370 981/1721/3371 1000/1737/3372 
s 1
f 976/1690/3373 971/1682/3374 997/1719/3375 1003/1727/3376 
s 8
f 1004/1750/3377 1005/1751/3378 1006/1752/3379 1007/1753/3380 
f 1005/1751/3381 1008/1754/3382 1009/1755/3383 1006/1752/3384 
f 1008/1754/3385 1010/1756/3386 1011/1757/3387 1009/1755/3388 
f 1010/1756/3389 1012/1758/3390 1013/1759/3391 1011/1757/3392 
f 1012/1760/3393 1014/1761/3394 1015/1762/3395 1013/1763/3396 
f 1014/1761/3397 1016/1764/3398 1017/1765/3399 1015/1762/3400 
f 1016/1764/3401 1018/1766/3402 1019/1767/3403 1017/1765/3404 
f 1018/1766/3405 1020/1768/3406 1021/1769/3407 1019/1767/3408 
f 1020/1768/3409 1022/1770/3410 1023/1771/3411 1021/1769/3412 
f 1022/1770/3413 1024/1772/3414 1025/1773/3415 1023/1771/3416 
f 1024/1772/3417 1026/1774/3418 1027/1775/3419 1025/1773/3420 
f 1026/1774/3421 1028/1776/3422 1029/1777/3423 1027/1775/3424 
f 1028/1776/3425 1030/1778/3426 1031/1779/3427 1029/1777/3428 
f 1030/1778/3429 1004/1750/3430 1007/1753/3431 1031/1779/3432 
f 1007/1753/3433 1006/1752/3434 1032/1780/3435 1033/1781/3436 
f 1006/1752/3437 1009/1755/3438 1034/1782/3439 1032/1780/3440 
f 1009/1755/3441 1011/1757/3442 1035/1783/3443 1034/1782/3444 
f 1011/1757/3445 1013/1759/3446 1036/1784/3447 1035/1783/3448 
f 1013/1763/3449 1015/1762/3450 1037/1785/3451 1036/1786/3452 
f 1015/1762/3453 1017/1765/3454 1038/1787/3455 1037/1785/3456 
f 1017/1765/3457 1019/1767/3458 1039/1788/3459 1038/1787/3460 
f 1019/1767/3461 1021/1769/3462 1040/1789/3463 1039/1788/3464 
f 1021/1769/3465 1023/1771/3466 1041/1790/3467 1040/1789/3468 
f 1023/1771/3469 1025/1773/3470 1042/1791/3471 1041/1790/3472 
f 1025/1773/3473 1027/1775/3474 1043/1792/3475 1042/1791/3476 
f 1027/1775/3477 1029/1777/3478 1044/1793/3479 1043/1792/3480 
f 1029/1777/3481 1031/1779/3482 1045/1794/3483 1044/1793/3484 
f 1031/1779/3485 1007/1753/3486 1033/1781/3487 1045/1794/3488 
f 1033/1781/3489 1032/1780/3490 1046/1795/3491 1047/1796/3492 
f 1032/1780/3493 1034/1782/3494 1048/1797/3495 1046/1795/3496 
f 1034/1782/3497 1035/1783/3498 1049/1798/3499 1048/1797/3500 
f 1035/1783/3501 1036/1784/3502 1050/1799/3503 1049/1798/3504 
f 1036/1786/3505 1037/1785/3506 1051/1800/3507 1050/1801/3508 
f 1037/1785/3509 1038/1787/3510 1052/1802/3511 1051/1800/3512 
f 1038/1787/3513 1039/1788/3514 1053/1803/3515 1052/1802/3516 
f 1039/1788/3517 1040/1789/3518 1054/1804/3519 1053/1803/3520 
f 1040/1789/3521 1041/1790/3522 1055/1805/3523 1054/1804/3524 
f 1041/1790/3525 1042/1791/3526 1056/1806/3527 1055/1805/3528 
f 1042/1791/3529 1043/1792/3530 1057/1807/3531 1056/1806/3532 
f 1043/1792/3533 1044/1793/3534 1058/1808/3535 1057/1807/3536 
f 1044/1793/3537 1045/1794/3538 1059/1809/3539 1058/1808/3540 
f 1045/1794/3541 1033/1781/3542 1047/1796/3543 1059/1809/3544 
s 1
f 1008/1821/3545 1005/1822/3546 1004/1823/3547 1030/1810/3548 1028/1811/3549 1026/1812/3550 1024/1813/3551 1022/1814/3552 1020/1815/3553 1018/1816/3554 1016/1817/3555 1014/1818/3556 1012/1819/3557 1010/1820/3558 
f 1057/1835/3559 1058/1836/3560 1059/1837/3561 1047/1824/3562 1046/1825/3563 1048/1826/3564 1049/1827/3565 1050/1828/3566 1051/1829/3567 1052/1830/3568 1053/1831/3569 1054/1832/3570 1055/1833/3571 1056/1834/3572 
f 305/517/3573 313/525/3574 312/524/3575 311/523/3576 
f 311/523/3577 310/522/3578 309/521/3579 305/517/3580 
s 2
f 42/117/3581 41/116/3582 40/115/3583 39/114/3584 38/113/3585 1/2/3586 
s 1
f 72/97/3587 60/73/3588 61/74/3589 
s 2
f 20/53/3590 49/123/3591 21/54/3592 22/55/3593 23/56/3594 37/96/3595 36/57/3596 14/46/3597 15/48/3598 16/49/3599 
s 4
f 128/208/3600 111/175/3601 123/200/3602 103/173/3603 112/176/3604 
f 128/208/3605 127/207/3606 101/165/3607 102/172/3608 111/175/3609 
f 185/315/3610 187/317/3611 160/279/3612 154/260/3613 145/250/3614 155/261/3615 
f 168/308/3616 153/257/3617 186/316/3618 185/315/3619 155/261/3620 
f 168/308/3621 166/307/3622 143/248/3623 144/249/3624 153/257/3625 
f 163/294/3626 184/314/3627 181/312/3628 
f 181/312/3629 182/313/3630 161/290/3631 162/291/3632 
f 181/312/3633 162/291/3634 180/311/3635 178/310/3636 156/262/3637 134/228/3638 135/240/3639 159/278/3640 163/294/3641 
s 1
f 191/382/3642 190/383/3643 189/384/3644 202/371/3645 201/372/3646 200/373/3647 199/374/3648 198/375/3649 197/376/3650 196/377/3651 195/378/3652 
s 4
f 255/444/3653 244/418/3654 250/437/3655 236/416/3656 245/419/3657 
f 255/444/3658 254/443/3659 234/408/3660 235/415/3661 244/418/3662 
s 2
f 288/542/3663 287/541/3664 286/540/3665 285/539/3666 284/538/3667 259/459/3668 
f 278/498/3669 295/548/3670 279/499/3671 280/500/3672 281/501/3673 283/526/3674 282/502/3675 272/491/3676 273/493/3677 274/494/3678 
f 395/749/3679 394/748/3680 393/747/3681 392/746/3682 391/745/3683 365/634/3684 
s 1
f 423/715/3685 419/700/3686 458/772/3687 
f 425/718/3688 413/694/3689 414/695/3690 
s 2
f 385/674/3691 402/755/3692 386/675/3693 387/676/3694 388/677/3695 390/717/3696 389/678/3697 379/667/3698 380/669/3699 381/670/3700 
s 4
f 512/878/3701 510/877/3702 484/823/3703 462/789/3704 463/801/3705 487/841/3706 493/861/3707 518/881/3708 513/879/3709 516/880/3710 491/856/3711 492/858/3712 
s 11
f 502/886/3713 505/887/3714 515/857/3715 514/855/3716 517/860/3717 504/845/3718 
s 4
f 599/1044/3719 589/1023/3720 588/1005/3721 614/1063/3722 618/1065/3723 
s 2
f 708/1270/3724 707/1269/3725 706/1268/3726 705/1267/3727 704/1266/3728 667/1155/3729 
s 1
f 738/1250/3730 726/1226/3731 727/1227/3732 
s 2
f 686/1206/3733 715/1276/3734 687/1207/3735 688/1208/3736 689/1209/3737 703/1249/3738 702/1210/3739 680/1199/3740 681/1201/3741 682/1202/3742 
s 4
f 798/1386/3743 788/1365/3744 787/1345/3745 815/1405/3746 819/1407/3747 
f 862/1477/3748 845/1444/3749 857/1469/3750 837/1442/3751 846/1445/3752 
f 862/1477/3753 861/1476/3754 835/1434/3755 836/1441/3756 845/1444/3757 
s 1
f 910/1557/3758 911/1558/3759 904/1545/3760 905/1546/3761 
s 2
f 887/1577/3762 886/1576/3763 885/1575/3764 884/1574/3765 883/1573/3766 868/1497/3767 
s 1
f 915/1568/3768 903/1544/3769 904/1545/3770 
s 2
f 877/1526/3771 893/1583/3772 878/1527/3773 879/1528/3774 880/1529/3775 882/1567/3776 881/1530/3777 871/1519/3778 872/1521/3779 873/1522/3780 
# 817 polygons - 52 triangles

